{
"type": "FeatureCollection",
"name": "shiny_map_mato_grosso_do_sul_simplified",
"xy_coordinate_resolution": 1e-06,
"features": [
{ "type": "Feature", "properties": { "CD_MUN": "5006903", "NM_MUN": "Porto Murtinho", "SIGLA_UF": "MS", "AREA_KM2": 17502.994 }, "geometry": { "type": "Polygon", "coordinates": [ [ [ -58.007113, -22.050053 ], [ -57.984308, -22.063688 ], [ -57.985553, -22.078319 ], [ -57.995072, -22.088709 ], [ -57.99203, -22.090464 ], [ -57.96719, -22.089339 ], [ -57.96255, -22.078946 ], [ -57.955014, -22.087211 ], [ -57.941999, -22.082916 ], [ -57.936615, -22.08929 ], [ -57.935613, -22.101841 ], [ -57.921682, -22.108434 ], [ -57.92972, -22.120272 ], [ -57.907057, -22.125574 ], [ -57.889955, -22.122618 ], [ -57.886086, -22.130311 ], [ -57.870216, -22.129832 ], [ -57.866126, -22.136044 ], [ -57.862711, -22.130954 ], [ -57.82903, -22.120191 ], [ -57.822988, -22.122864 ], [ -57.820914, -22.136096 ], [ -57.809908, -22.14159 ], [ -57.803185, -22.150831 ], [ -57.798414, -22.149748 ], [ -57.788909, -22.130646 ], [ -57.779273, -22.125175 ], [ -57.76281, -22.1359 ], [ -57.747723, -22.139049 ], [ -57.739005, -22.13477 ], [ -57.733993, -22.120739 ], [ -57.742034, -22.114717 ], [ -57.737598, -22.10267 ], [ -57.729936, -22.100137 ], [ -57.716931, -22.113791 ], [ -57.71387, -22.103381 ], [ -57.704395, -22.099795 ], [ -57.706926, -22.091051 ], [ -57.689232, -22.088592 ], [ -57.677376, -22.10156 ], [ -57.652391, -22.107097 ], [ -57.636983, -22.105807 ], [ -57.612595, -22.094561 ], [ -57.613558, -22.108408 ], [ -57.608683, -22.116451 ], [ -57.612854, -22.123876 ], [ -57.607713, -22.121963 ], [ -57.605714, -22.130459 ], [ -57.598099, -22.130492 ], [ -57.600868, -22.140161 ], [ -57.592921, -22.13663 ], [ -57.592437, -22.144771 ], [ -57.587949, -22.139278 ], [ -57.58448, -22.140742 ], [ -57.588387, -22.165178 ], [ -57.580766, -22.175337 ], [ -57.543589, -22.181703 ], [ -57.529243, -22.176355 ], [ -57.522707, -22.168475 ], [ -57.50897, -22.176587 ], [ -57.508517, -22.157691 ], [ -57.501587, -22.157695 ], [ -57.49912, -22.167892 ], [ -57.49319, -22.164471 ], [ -57.498792, -22.156865 ], [ -57.488075, -22.150351 ], [ -57.491379, -22.140563 ], [ -57.487952, -22.135423 ], [ -57.465964, -22.131867 ], [ -57.469241, -22.12297 ], [ -57.464487, -22.107983 ], [ -57.453679, -22.105038 ], [ -57.459001, -22.099512 ], [ -57.453636, -22.095798 ], [ -57.455342, -22.089729 ], [ -57.461318, -22.087552 ], [ -57.458933, -22.080056 ], [ -57.449192, -22.082764 ], [ -57.445571, -22.069031 ], [ -57.437452, -22.073438 ], [ -57.429977, -22.069546 ], [ -57.433395, -22.060569 ], [ -57.420387, -22.054061 ], [ -57.425871, -22.044471 ], [ -57.417109, -22.022933 ], [ -57.397534, -22.009593 ], [ -57.397966, -22.003427 ], [ -57.378235, -21.996 ], [ -57.378003, -21.988737 ], [ -57.386516, -21.98496 ], [ -57.378722, -21.969584 ], [ -57.367821, -21.971142 ], [ -57.358282, -21.959575 ], [ -57.352506, -21.964137 ], [ -57.340466, -21.963709 ], [ -57.333836, -21.955731 ], [ -57.326624, -21.954226 ], [ -57.329794, -21.951993 ], [ -57.326046, -21.945933 ], [ -57.322582, -21.947521 ], [ -57.322491, -21.94226 ], [ -57.3132, -21.941811 ], [ -57.305151, -21.930453 ], [ -57.298468, -21.939108 ], [ -57.291362, -21.937029 ], [ -57.283648, -21.940511 ], [ -57.281532, -21.937523 ], [ -57.278857, -21.942 ], [ -57.28014, -21.935715 ], [ -57.271539, -21.933815 ], [ -57.268842, -21.939702 ], [ -57.259499, -21.936132 ], [ -57.253577, -21.941595 ], [ -57.253782, -21.93782 ], [ -57.24877, -21.938875 ], [ -57.248369, -21.926443 ], [ -57.242471, -21.923193 ], [ -57.243111, -21.919003 ], [ -57.240709, -21.920917 ], [ -57.229774, -21.911774 ], [ -57.229021, -21.895783 ], [ -57.217746, -21.898198 ], [ -57.206583, -21.88712 ], [ -57.193723, -21.88761 ], [ -57.195966, -21.87905 ], [ -57.189823, -21.877203 ], [ -57.199741, -21.867843 ], [ -57.190869, -21.854411 ], [ -57.190833, -21.825927 ], [ -57.179942, -21.816782 ], [ -57.176239, -21.802638 ], [ -57.169762, -21.801408 ], [ -57.15791, -21.785518 ], [ -57.162338, -21.778057 ], [ -57.159208, -21.773838 ], [ -57.170999, -21.764212 ], [ -57.158078, -21.750863 ], [ -57.160538, -21.741854 ], [ -57.150978, -21.742014 ], [ -57.15281, -21.738635 ], [ -57.145015, -21.735472 ], [ -57.145485, -21.729308 ], [ -57.138075, -21.727652 ], [ -57.141231, -21.720843 ], [ -57.136075, -21.720779 ], [ -57.136567, -21.717007 ], [ -57.14053, -21.718622 ], [ -57.143001, -21.709217 ], [ -57.129707, -21.707569 ], [ -57.129376, -21.703883 ], [ -57.124918, -21.71007 ], [ -57.119151, -21.707127 ], [ -57.117506, -21.697975 ], [ -57.109699, -21.693025 ], [ -57.113121, -21.691313 ], [ -57.109425, -21.679308 ], [ -57.104941, -21.677776 ], [ -57.102472, -21.681557 ], [ -57.097547, -21.674318 ], [ -57.093756, -21.678687 ], [ -57.093859, -21.669928 ], [ -57.083819, -21.665097 ], [ -57.088667, -21.660995 ], [ -57.07285, -21.660585 ], [ -57.06277, -21.665335 ], [ -57.058969, -21.657369 ], [ -57.045118, -21.657422 ], [ -57.036236, -21.651433 ], [ -57.028351, -21.635635 ], [ -57.016287, -21.636486 ], [ -57.013285, -21.628223 ], [ -56.993419, -21.634891 ], [ -56.992527, -21.640824 ], [ -56.974787, -21.638387 ], [ -56.971937, -21.646163 ], [ -56.968638, -21.640016 ], [ -56.961707, -21.641883 ], [ -56.963484, -21.632931 ], [ -56.972929, -21.628249 ], [ -56.958648, -21.624489 ], [ -56.952683, -21.631467 ], [ -56.944564, -21.603297 ], [ -56.94884, -21.597822 ], [ -56.939438, -21.591151 ], [ -56.942307, -21.579262 ], [ -56.933452, -21.574887 ], [ -56.939879, -21.565554 ], [ -56.936767, -21.55658 ], [ -56.924141, -21.553694 ], [ -56.931788, -21.538503 ], [ -56.921516, -21.537956 ], [ -56.910048, -21.525045 ], [ -56.899772, -21.522697 ], [ -56.907578, -21.519972 ], [ -56.9073, -21.514022 ], [ -56.894033, -21.514574 ], [ -56.892202, -21.505911 ], [ -56.880501, -21.503015 ], [ -56.878497, -21.496286 ], [ -56.881835, -21.493745 ], [ -56.878063, -21.493791 ], [ -56.872622, -21.483165 ], [ -56.867189, -21.484307 ], [ -56.866016, -21.477703 ], [ -56.860547, -21.479634 ], [ -56.86425, -21.470168 ], [ -56.856199, -21.462118 ], [ -56.849807, -21.462885 ], [ -56.852594, -21.468638 ], [ -56.84537, -21.46199 ], [ -56.843518, -21.465367 ], [ -56.829946, -21.465971 ], [ -56.831942, -21.473603 ], [ -56.821375, -21.475633 ], [ -56.824248, -21.479455 ], [ -56.816, -21.489539 ], [ -56.808218, -21.480699 ], [ -56.812875, -21.476897 ], [ -56.802989, -21.477427 ], [ -56.804249, -21.468879 ], [ -56.809965, -21.467339 ], [ -56.809913, -21.458545 ], [ -56.796852, -21.448237 ], [ -56.793464, -21.453399 ], [ -56.789037, -21.447472 ], [ -56.807187, -21.42754 ], [ -56.815202, -21.38702 ], [ -56.808739, -21.37898 ], [ -56.804099, -21.350158 ], [ -56.811967, -21.326052 ], [ -56.788296, -21.292337 ], [ -56.796562, -21.229489 ], [ -56.831297, -21.151813 ], [ -56.858892, -21.113747 ], [ -56.844744, -21.075342 ], [ -56.867034, -21.044444 ], [ -56.869408, -21.017977 ], [ -56.860469, -20.98252 ], [ -56.876761, -20.949411 ], [ -56.880505, -20.930515 ], [ -56.859666, -20.886376 ], [ -56.873797, -20.866201 ], [ -56.873833, -20.857561 ], [ -56.858607, -20.835036 ], [ -56.846459, -20.792387 ], [ -56.857809, -20.772913 ], [ -56.868522, -20.763798 ], [ -56.866517, -20.74785 ], [ -56.871887, -20.728088 ], [ -56.889817, -20.697337 ], [ -56.892713, -20.68418 ], [ -56.88346, -20.659014 ], [ -56.868902, -20.638791 ], [ -56.869786, -20.611299 ], [ -56.87762, -20.595827 ], [ -56.873371, -20.580199 ], [ -56.894048, -20.556847 ], [ -56.909723, -20.523139 ], [ -56.91153, -20.505281 ], [ -56.923977, -20.490901 ], [ -56.920552, -20.464831 ], [ -56.925963, -20.453705 ], [ -56.939161, -20.442073 ], [ -56.933582, -20.43143 ], [ -56.935196, -20.424811 ], [ -56.948877, -20.410465 ], [ -56.951609, -20.41457 ], [ -56.969276, -20.417103 ], [ -56.96751, -20.424941 ], [ -56.977573, -20.427172 ], [ -56.993016, -20.419213 ], [ -56.987241, -20.414582 ], [ -56.990541, -20.394691 ], [ -57.002547, -20.382923 ], [ -56.996816, -20.381714 ], [ -57.001662, -20.374281 ], [ -56.998093, -20.369117 ], [ -57.009043, -20.363875 ], [ -57.007943, -20.356932 ], [ -57.014266, -20.345392 ], [ -56.980627, -20.335667 ], [ -56.94899, -20.333416 ], [ -56.944666, -20.328305 ], [ -56.948662, -20.318923 ], [ -56.946482, -20.303608 ], [ -56.963337, -20.291907 ], [ -56.968242, -20.273296 ], [ -56.957422, -20.245993 ], [ -56.960077, -20.238468 ], [ -56.967032, -20.235493 ], [ -56.962888, -20.23148 ], [ -56.967326, -20.222879 ], [ -57.009437, -20.257834 ], [ -57.019486, -20.27251 ], [ -57.030645, -20.273185 ], [ -57.045802, -20.281292 ], [ -57.059633, -20.271419 ], [ -57.082747, -20.267186 ], [ -57.10515, -20.27793 ], [ -57.123207, -20.271307 ], [ -57.133108, -20.272734 ], [ -57.148098, -20.250076 ], [ -57.175943, -20.235147 ], [ -57.197819, -20.231362 ], [ -57.20472, -20.239111 ], [ -57.233106, -20.225796 ], [ -57.248902, -20.2089 ], [ -57.258115, -20.185621 ], [ -57.271407, -20.179242 ], [ -57.283504, -20.187076 ], [ -57.29971, -20.190257 ], [ -57.307349, -20.204463 ], [ -57.30202, -20.211292 ], [ -57.307815, -20.223901 ], [ -57.303171, -20.238261 ], [ -57.305953, -20.270597 ], [ -57.321025, -20.268228 ], [ -57.324115, -20.277392 ], [ -57.329557, -20.279296 ], [ -57.327957, -20.287425 ], [ -57.334602, -20.282928 ], [ -57.33799, -20.286335 ], [ -57.327025, -20.296397 ], [ -57.33148, -20.302264 ], [ -57.327656, -20.309862 ], [ -57.336775, -20.321542 ], [ -57.358117, -20.320423 ], [ -57.364885, -20.330826 ], [ -57.379764, -20.33452 ], [ -57.386425, -20.340941 ], [ -57.389049, -20.33558 ], [ -57.393318, -20.336359 ], [ -57.399729, -20.344153 ], [ -57.398067, -20.349497 ], [ -57.402138, -20.353258 ], [ -57.405566, -20.350086 ], [ -57.413264, -20.363254 ], [ -57.420527, -20.355047 ], [ -57.427365, -20.363618 ], [ -57.421363, -20.369442 ], [ -57.414289, -20.367495 ], [ -57.41388, -20.380912 ], [ -57.419375, -20.381939 ], [ -57.416823, -20.402087 ], [ -57.424073, -20.408093 ], [ -57.43028, -20.435224 ], [ -57.433217, -20.437386 ], [ -57.438684, -20.433265 ], [ -57.438805, -20.442193 ], [ -57.433656, -20.442881 ], [ -57.443755, -20.443787 ], [ -57.434541, -20.450533 ], [ -57.438607, -20.457912 ], [ -57.443757, -20.458016 ], [ -57.443097, -20.452343 ], [ -57.459639, -20.462973 ], [ -57.458496, -20.470985 ], [ -57.46269, -20.475135 ], [ -57.470668, -20.471662 ], [ -57.469415, -20.486708 ], [ -57.476233, -20.489536 ], [ -57.471002, -20.493536 ], [ -57.477007, -20.494589 ], [ -57.468503, -20.496591 ], [ -57.474778, -20.50461 ], [ -57.471603, -20.509486 ], [ -57.487295, -20.512239 ], [ -57.486943, -20.521085 ], [ -57.493677, -20.527261 ], [ -57.488276, -20.5288 ], [ -57.485537, -20.549494 ], [ -57.480173, -20.545818 ], [ -57.477318, -20.553983 ], [ -57.4731, -20.553888 ], [ -57.473105, -20.549285 ], [ -57.469098, -20.552178 ], [ -57.470689, -20.556822 ], [ -57.466023, -20.552755 ], [ -57.461467, -20.561167 ], [ -57.457949, -20.553451 ], [ -57.456117, -20.562973 ], [ -57.449549, -20.563879 ], [ -57.453963, -20.571423 ], [ -57.449406, -20.57441 ], [ -57.461752, -20.57066 ], [ -57.461195, -20.579685 ], [ -57.470238, -20.580649 ], [ -57.465587, -20.586973 ], [ -57.46718, -20.592206 ], [ -57.48412, -20.590533 ], [ -57.505342, -20.606872 ], [ -57.516133, -20.607806 ], [ -57.511832, -20.620501 ], [ -57.522211, -20.614075 ], [ -57.528055, -20.620836 ], [ -57.54047, -20.623103 ], [ -57.56121, -20.609625 ], [ -57.571062, -20.613988 ], [ -57.574061, -20.629302 ], [ -57.605407, -20.626474 ], [ -57.605464, -20.636135 ], [ -57.611431, -20.638355 ], [ -57.61181, -20.644768 ], [ -57.640768, -20.665691 ], [ -57.637259, -20.676028 ], [ -57.648268, -20.696617 ], [ -57.642532, -20.700167 ], [ -57.657772, -20.719092 ], [ -57.679247, -20.731794 ], [ -57.710978, -20.726219 ], [ -57.722032, -20.733166 ], [ -57.719039, -20.744072 ], [ -57.734158, -20.751682 ], [ -57.73221, -20.755939 ], [ -57.736583, -20.761311 ], [ -57.731022, -20.766524 ], [ -57.740447, -20.771488 ], [ -57.734861, -20.782437 ], [ -57.742583, -20.787704 ], [ -57.745525, -20.798282 ], [ -57.756654, -20.797535 ], [ -57.772305, -20.803206 ], [ -57.776706, -20.800355 ], [ -57.775021, -20.793312 ], [ -57.781835, -20.791699 ], [ -57.794038, -20.796066 ], [ -57.788755, -20.800967 ], [ -57.796943, -20.800444 ], [ -57.793447, -20.806462 ], [ -57.796725, -20.810344 ], [ -57.816779, -20.81095 ], [ -57.812219, -20.8219 ], [ -57.826512, -20.828742 ], [ -57.829607, -20.840401 ], [ -57.820358, -20.844258 ], [ -57.828919, -20.852337 ], [ -57.811909, -20.860945 ], [ -57.814873, -20.867063 ], [ -57.827922, -20.870502 ], [ -57.8342, -20.879249 ], [ -57.83247, -20.885583 ], [ -57.838877, -20.882243 ], [ -57.846709, -20.888536 ], [ -57.839562, -20.893606 ], [ -57.845252, -20.90117 ], [ -57.842585, -20.90701 ], [ -57.835968, -20.907124 ], [ -57.847759, -20.914296 ], [ -57.833189, -20.922883 ], [ -57.838286, -20.928184 ], [ -57.845102, -20.928028 ], [ -57.833706, -20.936281 ], [ -57.824893, -20.933933 ], [ -57.819781, -20.937996 ], [ -57.818818, -20.948412 ], [ -57.825269, -20.965241 ], [ -57.81753, -20.980583 ], [ -57.868613, -21.046174 ], [ -57.865794, -21.06671 ], [ -57.845891, -21.096928 ], [ -57.864989, -21.136336 ], [ -57.848958, -21.187857 ], [ -57.853021, -21.227132 ], [ -57.921686, -21.280052 ], [ -57.914579, -21.292286 ], [ -57.894963, -21.307173 ], [ -57.854736, -21.316872 ], [ -57.853696, -21.33211 ], [ -57.861124, -21.350617 ], [ -57.892451, -21.377949 ], [ -57.908097, -21.40261 ], [ -57.910086, -21.420974 ], [ -57.927257, -21.449831 ], [ -57.926664, -21.468861 ], [ -57.939732, -21.491402 ], [ -57.964642, -21.515325 ], [ -57.968401, -21.52777 ], [ -57.961616, -21.562444 ], [ -57.923438, -21.579301 ], [ -57.914026, -21.590477 ], [ -57.914559, -21.595614 ], [ -57.942216, -21.6209 ], [ -57.943243, -21.628566 ], [ -57.933449, -21.651609 ], [ -57.920306, -21.666261 ], [ -57.887192, -21.682076 ], [ -57.883234, -21.689067 ], [ -57.898547, -21.705878 ], [ -57.940893, -21.732907 ], [ -57.945758, -21.740408 ], [ -57.945622, -21.752078 ], [ -57.940275, -21.758351 ], [ -57.926721, -21.766774 ], [ -57.911018, -21.769625 ], [ -57.908493, -21.773969 ], [ -57.931109, -21.824589 ], [ -57.942656, -21.835453 ], [ -57.969782, -21.844254 ], [ -57.971636, -21.84838 ], [ -57.920045, -21.873749 ], [ -57.914135, -21.885091 ], [ -57.921512, -21.890918 ], [ -57.935926, -21.889296 ], [ -57.949766, -21.90344 ], [ -57.947587, -21.910706 ], [ -57.938197, -21.915218 ], [ -57.936995, -21.927921 ], [ -57.96502, -21.983613 ], [ -57.964737, -22.001087 ], [ -57.974946, -22.015409 ], [ -58.006161, -22.031213 ], [ -58.007113, -22.050053 ] ] ] } },
{ "type": "Feature", "properties": { "CD_MUN": "5006002", "NM_MUN": "Nova Alvorada do Sul", "SIGLA_UF": "MS", "AREA_KM2": 4027.647 }, "geometry": { "type": "Polygon", "coordinates": [ [ [ -53.626059, -21.615969 ], [ -53.616566, -21.595723 ], [ -53.60867, -21.590502 ], [ -53.610309, -21.585084 ], [ -53.627629, -21.56891 ], [ -53.628936, -21.57594 ], [ -53.639233, -21.579628 ], [ -53.643698, -21.574952 ], [ -53.641392, -21.563331 ], [ -53.644645, -21.56076 ], [ -53.654369, -21.566015 ], [ -53.658841, -21.558189 ], [ -53.669676, -21.560595 ], [ -53.67477, -21.555405 ], [ -53.668627, -21.555877 ], [ -53.669983, -21.552021 ], [ -53.69621, -21.557264 ], [ -53.700236, -21.565419 ], [ -53.69529, -21.5755 ], [ -53.698799, -21.574513 ], [ -53.699204, -21.580276 ], [ -53.701906, -21.567377 ], [ -53.706285, -21.566096 ], [ -53.725552, -21.570283 ], [ -53.725771, -21.574329 ], [ -53.719623, -21.573862 ], [ -53.719024, -21.581037 ], [ -53.728395, -21.578493 ], [ -53.738542, -21.585065 ], [ -53.744992, -21.578867 ], [ -53.737704, -21.574722 ], [ -53.740665, -21.568129 ], [ -53.758113, -21.571119 ], [ -53.757537, -21.57805 ], [ -53.76185, -21.580094 ], [ -53.763142, -21.573405 ], [ -53.769884, -21.569007 ], [ -53.766097, -21.560952 ], [ -53.769218, -21.558033 ], [ -53.773205, -21.560426 ], [ -53.772433, -21.568029 ], [ -53.783212, -21.564466 ], [ -53.785047, -21.569726 ], [ -53.795968, -21.568012 ], [ -53.813706, -21.558508 ], [ -53.814535, -21.55153 ], [ -53.823006, -21.547118 ], [ -53.820735, -21.545214 ], [ -53.826613, -21.546493 ], [ -53.826791, -21.556934 ], [ -53.832535, -21.558039 ], [ -53.837137, -21.5527 ], [ -53.839878, -21.561087 ], [ -53.848285, -21.566914 ], [ -53.866351, -21.560822 ], [ -53.875454, -21.56439 ], [ -53.874212, -21.559436 ], [ -53.882207, -21.561036 ], [ -53.88632, -21.55482 ], [ -53.892693, -21.55612 ], [ -53.922833, -21.540498 ], [ -53.935902, -21.541183 ], [ -53.940991, -21.546005 ], [ -53.949956, -21.544299 ], [ -53.954004, -21.538818 ], [ -53.960534, -21.542183 ], [ -53.965043, -21.532707 ], [ -53.972468, -21.533686 ], [ -53.973565, -21.538292 ], [ -53.981126, -21.537327 ], [ -53.98404, -21.525196 ], [ -53.994039, -21.514362 ], [ -54.010715, -21.509337 ], [ -54.008655, -21.495507 ], [ -54.013361, -21.501984 ], [ -54.023858, -21.489199 ], [ -54.035942, -21.486107 ], [ -54.03756, -21.475676 ], [ -54.044176, -21.475318 ], [ -54.046287, -21.46803 ], [ -54.056508, -21.465704 ], [ -54.066154, -21.468849 ], [ -54.06266, -21.459197 ], [ -54.066908, -21.454354 ], [ -54.07657, -21.450128 ], [ -54.081717, -21.453818 ], [ -54.086021, -21.450885 ], [ -54.085431, -21.441788 ], [ -54.10111, -21.43907 ], [ -54.105744, -21.425953 ], [ -54.101928, -21.418818 ], [ -54.1109, -21.415742 ], [ -54.107408, -21.408041 ], [ -54.13056, -21.402071 ], [ -54.12875, -21.397539 ], [ -54.145739, -21.381996 ], [ -54.15611, -21.365287 ], [ -54.172044, -21.355941 ], [ -54.172466, -21.348872 ], [ -54.188012, -21.345816 ], [ -54.187097, -21.339172 ], [ -54.195417, -21.339649 ], [ -54.202349, -21.325961 ], [ -54.201986, -21.315832 ], [ -54.208999, -21.314431 ], [ -54.200969, -21.299337 ], [ -54.221526, -21.297939 ], [ -54.215592, -21.285806 ], [ -54.23465, -21.291422 ], [ -54.232632, -21.285269 ], [ -54.238793, -21.271881 ], [ -54.233991, -21.266658 ], [ -54.233356, -21.271814 ], [ -54.224502, -21.272915 ], [ -54.223149, -21.25965 ], [ -54.229081, -21.255301 ], [ -54.234518, -21.262989 ], [ -54.251803, -21.256834 ], [ -54.250224, -21.247346 ], [ -54.258492, -21.236283 ], [ -54.262098, -21.236221 ], [ -54.264311, -21.243501 ], [ -54.27277, -21.237642 ], [ -54.26545, -21.234669 ], [ -54.266801, -21.227666 ], [ -54.260469, -21.221073 ], [ -54.260348, -21.204762 ], [ -54.274544, -21.196037 ], [ -54.266829, -21.183155 ], [ -54.271814, -21.183314 ], [ -54.27925, -21.175181 ], [ -54.296015, -21.174011 ], [ -54.306627, -21.165225 ], [ -54.303472, -21.160575 ], [ -54.29786, -21.163712 ], [ -54.291594, -21.158561 ], [ -54.298261, -21.154424 ], [ -54.292169, -21.139769 ], [ -54.299124, -21.139363 ], [ -54.31035, -21.128902 ], [ -54.317163, -21.131503 ], [ -54.329651, -21.115075 ], [ -54.338528, -21.121119 ], [ -54.346014, -21.111845 ], [ -54.340766, -21.108398 ], [ -54.345947, -21.103096 ], [ -54.350021, -21.107709 ], [ -54.355081, -21.101762 ], [ -54.361456, -21.104237 ], [ -54.368967, -21.101204 ], [ -54.371669, -21.106181 ], [ -54.376554, -21.105999 ], [ -54.38262, -21.098923 ], [ -54.382236, -21.08963 ], [ -54.387695, -21.089457 ], [ -54.391576, -21.082075 ], [ -54.38922, -21.071081 ], [ -54.395983, -21.066578 ], [ -54.392643, -21.061331 ], [ -54.401523, -21.060929 ], [ -54.40998, -21.050686 ], [ -54.416442, -21.053256 ], [ -54.417987, -21.049852 ], [ -54.408242, -21.042161 ], [ -54.430245, -21.034399 ], [ -54.425962, -21.025079 ], [ -54.433246, -21.021723 ], [ -54.435328, -21.026724 ], [ -54.452298, -21.023208 ], [ -54.457255, -21.015482 ], [ -54.461964, -21.016768 ], [ -54.463591, -21.008483 ], [ -54.474876, -21.010834 ], [ -54.476212, -21.006038 ], [ -54.49158, -21.004136 ], [ -54.498487, -20.993926 ], [ -54.506831, -20.99413 ], [ -54.508924, -21.009513 ], [ -54.482245, -21.122512 ], [ -54.501913, -21.130876 ], [ -54.521575, -21.127178 ], [ -54.55905, -21.148341 ], [ -54.549196, -21.165428 ], [ -54.524238, -21.189582 ], [ -54.516238, -21.209481 ], [ -54.530254, -21.212563 ], [ -54.573529, -21.239097 ], [ -54.574115, -21.249866 ], [ -54.583329, -21.260026 ], [ -54.599561, -21.262858 ], [ -54.644371, -21.302654 ], [ -54.674245, -21.306045 ], [ -54.679334, -21.314162 ], [ -54.675476, -21.324555 ], [ -54.680772, -21.345085 ], [ -54.69867, -21.35128 ], [ -54.699768, -21.369339 ], [ -54.7062, -21.372496 ], [ -54.700425, -21.38419 ], [ -54.696255, -21.384175 ], [ -54.696176, -21.392988 ], [ -54.686797, -21.406677 ], [ -54.707985, -21.427917 ], [ -54.699604, -21.43281 ], [ -54.701882, -21.439436 ], [ -54.692786, -21.444069 ], [ -54.697206, -21.451633 ], [ -54.681337, -21.453948 ], [ -54.676315, -21.462378 ], [ -54.668141, -21.464804 ], [ -54.665374, -21.480812 ], [ -54.678029, -21.480418 ], [ -54.690485, -21.492341 ], [ -54.681701, -21.497695 ], [ -54.694585, -21.502093 ], [ -54.681953, -21.508247 ], [ -54.685943, -21.518123 ], [ -54.677027, -21.527836 ], [ -54.665266, -21.522258 ], [ -54.654384, -21.523726 ], [ -54.664004, -21.533085 ], [ -54.653597, -21.543431 ], [ -54.649389, -21.544608 ], [ -54.641473, -21.528991 ], [ -54.62252, -21.521384 ], [ -54.601187, -21.488844 ], [ -54.596149, -21.489954 ], [ -54.509461, -21.527107 ], [ -54.494887, -21.542074 ], [ -54.487278, -21.566295 ], [ -54.461679, -21.572925 ], [ -54.436726, -21.599247 ], [ -54.424653, -21.578033 ], [ -54.405532, -21.569896 ], [ -54.376739, -21.536277 ], [ -54.359833, -21.523237 ], [ -54.333706, -21.516884 ], [ -54.33375, -21.553283 ], [ -54.35524, -21.578457 ], [ -54.342147, -21.605024 ], [ -54.343108, -21.613949 ], [ -54.334475, -21.616078 ], [ -54.325919, -21.632407 ], [ -54.319844, -21.628889 ], [ -54.312536, -21.634484 ], [ -54.302633, -21.651227 ], [ -54.293922, -21.651877 ], [ -54.292809, -21.646784 ], [ -54.288749, -21.650247 ], [ -54.290687, -21.656209 ], [ -54.284758, -21.660628 ], [ -54.278762, -21.658921 ], [ -54.279512, -21.653467 ], [ -54.270265, -21.664412 ], [ -54.274493, -21.66904 ], [ -54.27294, -21.674895 ], [ -54.267629, -21.672734 ], [ -54.265776, -21.678285 ], [ -54.249897, -21.682103 ], [ -54.244684, -21.690108 ], [ -54.233724, -21.682646 ], [ -54.223677, -21.688488 ], [ -54.208793, -21.703386 ], [ -54.212874, -21.717792 ], [ -54.206015, -21.728878 ], [ -54.19161, -21.724752 ], [ -54.184166, -21.734908 ], [ -54.174235, -21.734293 ], [ -54.172089, -21.730286 ], [ -54.161033, -21.736034 ], [ -54.156832, -21.733349 ], [ -54.152694, -21.740994 ], [ -54.137217, -21.747105 ], [ -54.129536, -21.739021 ], [ -54.117836, -21.738731 ], [ -54.119268, -21.744977 ], [ -54.113564, -21.744882 ], [ -54.110727, -21.752612 ], [ -54.089042, -21.745127 ], [ -54.081382, -21.753447 ], [ -54.071318, -21.751909 ], [ -54.062059, -21.759468 ], [ -54.058896, -21.757574 ], [ -54.060889, -21.767086 ], [ -54.055377, -21.769059 ], [ -54.054651, -21.764458 ], [ -54.049947, -21.765165 ], [ -54.04142, -21.777025 ], [ -54.033206, -21.77148 ], [ -54.009175, -21.784077 ], [ -53.992738, -21.777485 ], [ -53.980171, -21.8046 ], [ -53.973603, -21.807038 ], [ -53.971316, -21.815538 ], [ -53.962701, -21.815076 ], [ -53.961362, -21.834786 ], [ -53.952486, -21.831371 ], [ -53.954192, -21.849918 ], [ -53.962138, -21.847249 ], [ -53.957376, -21.85459 ], [ -53.950129, -21.852241 ], [ -53.934105, -21.86007 ], [ -53.925776, -21.856282 ], [ -53.92722, -21.86094 ], [ -53.905881, -21.867205 ], [ -53.908854, -21.873766 ], [ -53.900181, -21.882043 ], [ -53.896372, -21.87912 ], [ -53.880118, -21.882456 ], [ -53.874249, -21.897253 ], [ -53.862023, -21.89687 ], [ -53.848206, -21.902731 ], [ -53.836716, -21.896743 ], [ -53.81485, -21.912692 ], [ -53.812086, -21.920009 ], [ -53.798471, -21.911852 ], [ -53.792358, -21.923327 ], [ -53.788063, -21.921361 ], [ -53.791762, -21.897742 ], [ -53.782317, -21.869759 ], [ -53.774803, -21.86546 ], [ -53.757726, -21.838252 ], [ -53.727702, -21.805735 ], [ -53.737063, -21.789394 ], [ -53.732339, -21.730293 ], [ -53.741778, -21.684155 ], [ -53.727188, -21.664376 ], [ -53.732747, -21.651775 ], [ -53.728911, -21.631602 ], [ -53.734842, -21.621244 ], [ -53.626059, -21.615969 ] ] ] } },
{ "type": "Feature", "properties": { "CD_MUN": "5006309", "NM_MUN": "Paranaíba", "SIGLA_UF": "MS", "AREA_KM2": 5352.02 }, "geometry": { "type": "Polygon", "coordinates": [ [ [ -51.560878, -19.843008 ], [ -51.554955, -19.85922 ], [ -51.549214, -19.85948 ], [ -51.550604, -19.865232 ], [ -51.5333, -19.870269 ], [ -51.536751, -19.878105 ], [ -51.526929, -19.880678 ], [ -51.524713, -19.889058 ], [ -51.516598, -19.883324 ], [ -51.511174, -19.884897 ], [ -51.507116, -19.900235 ], [ -51.513507, -19.912465 ], [ -51.505582, -19.912286 ], [ -51.498052, -19.919178 ], [ -51.497097, -19.937441 ], [ -51.487117, -19.935978 ], [ -51.488663, -19.952396 ], [ -51.479499, -19.952725 ], [ -51.472081, -19.964082 ], [ -51.463546, -19.959531 ], [ -51.454431, -19.945178 ], [ -51.442672, -19.942252 ], [ -51.429582, -19.931295 ], [ -51.419602, -19.90717 ], [ -51.411807, -19.902346 ], [ -51.399507, -19.904447 ], [ -51.388795, -19.896377 ], [ -51.382682, -19.881063 ], [ -51.368951, -19.867707 ], [ -51.359029, -19.863061 ], [ -51.337253, -19.865299 ], [ -51.316819, -19.846355 ], [ -51.300289, -19.854599 ], [ -51.273534, -19.848116 ], [ -51.25692, -19.855712 ], [ -51.241304, -19.856438 ], [ -51.234285, -19.862998 ], [ -51.197847, -19.855025 ], [ -51.188539, -19.856373 ], [ -51.175655, -19.866076 ], [ -51.160328, -19.863421 ], [ -51.126472, -19.822853 ], [ -51.079139, -19.810498 ], [ -51.067788, -19.814052 ], [ -51.051302, -19.804812 ], [ -51.040906, -19.79053 ], [ -51.033498, -19.790679 ], [ -51.039939, -19.777118 ], [ -51.027902, -19.756575 ], [ -51.046082, -19.735583 ], [ -51.045408, -19.727403 ], [ -51.038496, -19.719533 ], [ -51.038181, -19.691767 ], [ -51.022135, -19.660634 ], [ -51.012113, -19.652329 ], [ -50.990468, -19.605402 ], [ -50.987555, -19.589508 ], [ -50.977913, -19.582507 ], [ -50.961802, -19.58174 ], [ -50.946543, -19.59169 ], [ -50.934242, -19.591779 ], [ -50.927998, -19.5878 ], [ -50.922909, -19.571625 ], [ -50.930881, -19.542244 ], [ -50.962946, -19.500579 ], [ -50.962379, -19.481896 ], [ -50.949441, -19.471051 ], [ -50.934998, -19.467477 ], [ -50.937831, -19.457469 ], [ -50.946722, -19.452903 ], [ -50.952132, -19.442633 ], [ -50.985302, -19.431383 ], [ -50.988623, -19.407934 ], [ -51.001449, -19.415331 ], [ -51.005347, -19.400829 ], [ -51.025752, -19.398715 ], [ -51.020505, -19.382282 ], [ -51.029906, -19.366979 ], [ -51.041238, -19.358234 ], [ -51.045537, -19.343368 ], [ -51.056068, -19.331744 ], [ -51.06525, -19.330578 ], [ -51.086857, -19.313999 ], [ -51.088059, -19.308024 ], [ -51.126537, -19.303287 ], [ -51.143225, -19.287072 ], [ -51.156087, -19.288566 ], [ -51.180209, -19.282919 ], [ -51.187642, -19.269 ], [ -51.203528, -19.260546 ], [ -51.20801, -19.266194 ], [ -51.215808, -19.259089 ], [ -51.2255, -19.258979 ], [ -51.229144, -19.26521 ], [ -51.241022, -19.269583 ], [ -51.24688, -19.266268 ], [ -51.251297, -19.2737 ], [ -51.257346, -19.266486 ], [ -51.275973, -19.261126 ], [ -51.279704, -19.248916 ], [ -51.286471, -19.252405 ], [ -51.289873, -19.245427 ], [ -51.297158, -19.244093 ], [ -51.297888, -19.238604 ], [ -51.306805, -19.239128 ], [ -51.302999, -19.223918 ], [ -51.307097, -19.218082 ], [ -51.337034, -19.222287 ], [ -51.344867, -19.213907 ], [ -51.36877, -19.221632 ], [ -51.364872, -19.214672 ], [ -51.37071, -19.208383 ], [ -51.370118, -19.199587 ], [ -51.378608, -19.192555 ], [ -51.398321, -19.194777 ], [ -51.411436, -19.180656 ], [ -51.405357, -19.175547 ], [ -51.417742, -19.173972 ], [ -51.420073, -19.166211 ], [ -51.427288, -19.165191 ], [ -51.430713, -19.171166 ], [ -51.43862, -19.171348 ], [ -51.44649, -19.15885 ], [ -51.455782, -19.161547 ], [ -51.458515, -19.167778 ], [ -51.474073, -19.153713 ], [ -51.479956, -19.15391 ], [ -51.481251, -19.159798 ], [ -51.497648, -19.161401 ], [ -51.501737, -19.14702 ], [ -51.51385, -19.150399 ], [ -51.527832, -19.138847 ], [ -51.536735, -19.140461 ], [ -51.544066, -19.150325 ], [ -51.554463, -19.1791 ], [ -51.553864, -19.211016 ], [ -51.570523, -19.246078 ], [ -51.607818, -19.271878 ], [ -51.613971, -19.289154 ], [ -51.618382, -19.289946 ], [ -51.615435, -19.294689 ], [ -51.622156, -19.29861 ], [ -51.623068, -19.288461 ], [ -51.628123, -19.285879 ], [ -51.63176, -19.289343 ], [ -51.633929, -19.283329 ], [ -51.639729, -19.283562 ], [ -51.64043, -19.287797 ], [ -51.644224, -19.283802 ], [ -51.647177, -19.292493 ], [ -51.660141, -19.292362 ], [ -51.652837, -19.274913 ], [ -51.658146, -19.263995 ], [ -51.679233, -19.267613 ], [ -51.685806, -19.264035 ], [ -51.686931, -19.257776 ], [ -51.700237, -19.263916 ], [ -51.70319, -19.257049 ], [ -51.709092, -19.257561 ], [ -51.701403, -19.274915 ], [ -51.704619, -19.281612 ], [ -51.701923, -19.287749 ], [ -51.706285, -19.287413 ], [ -51.711275, -19.294988 ], [ -51.714015, -19.290683 ], [ -51.716824, -19.296626 ], [ -51.715233, -19.286854 ], [ -51.718042, -19.281976 ], [ -51.723684, -19.282154 ], [ -51.71971, -19.265515 ], [ -51.726198, -19.25692 ], [ -51.734407, -19.260186 ], [ -51.734666, -19.268051 ], [ -51.739142, -19.265073 ], [ -51.743715, -19.267533 ], [ -51.74402, -19.262178 ], [ -51.753124, -19.261826 ], [ -51.75251, -19.256219 ], [ -51.759171, -19.257422 ], [ -51.763029, -19.250319 ], [ -51.782588, -19.249002 ], [ -51.789499, -19.243917 ], [ -51.787971, -19.241157 ], [ -51.805245, -19.238376 ], [ -51.831483, -19.225625 ], [ -51.864277, -19.220533 ], [ -51.876495, -19.22793 ], [ -51.870906, -19.241093 ], [ -51.859771, -19.241817 ], [ -51.854788, -19.248524 ], [ -51.850478, -19.267043 ], [ -51.862919, -19.286316 ], [ -51.846515, -19.311637 ], [ -51.846188, -19.324564 ], [ -51.838436, -19.33335 ], [ -51.839485, -19.34962 ], [ -51.830582, -19.363613 ], [ -51.833583, -19.372335 ], [ -51.825469, -19.39261 ], [ -51.825521, -19.42356 ], [ -51.817206, -19.4358 ], [ -51.803573, -19.443122 ], [ -51.778568, -19.486402 ], [ -51.785535, -19.502686 ], [ -51.784155, -19.525418 ], [ -51.795448, -19.568881 ], [ -51.763473, -19.597091 ], [ -51.731685, -19.61352 ], [ -51.693871, -19.669187 ], [ -51.684923, -19.690006 ], [ -51.685921, -19.698841 ], [ -51.669751, -19.706436 ], [ -51.642775, -19.752097 ], [ -51.622061, -19.762135 ], [ -51.61234, -19.758667 ], [ -51.607892, -19.79475 ], [ -51.605369, -19.79674 ], [ -51.598711, -19.78938 ], [ -51.585919, -19.789882 ], [ -51.589514, -19.80382 ], [ -51.59235, -19.802912 ], [ -51.585111, -19.812882 ], [ -51.588134, -19.816889 ], [ -51.585079, -19.818716 ], [ -51.58025, -19.814038 ], [ -51.577255, -19.821163 ], [ -51.567703, -19.825907 ], [ -51.562052, -19.824025 ], [ -51.565244, -19.830005 ], [ -51.558074, -19.837362 ], [ -51.560878, -19.843008 ] ] ] } },
{ "type": "Feature", "properties": { "CD_MUN": "5006358", "NM_MUN": "Paranhos", "SIGLA_UF": "MS", "AREA_KM2": 1307.092 }, "geometry": { "type": "Polygon", "coordinates": [ [ [ -55.270984, -23.925665 ], [ -55.264359, -23.92755 ], [ -55.236449, -23.920441 ], [ -55.245369, -23.899231 ], [ -55.246309, -23.885311 ], [ -55.239144, -23.883034 ], [ -55.24652, -23.881931 ], [ -55.262223, -23.857258 ], [ -55.274171, -23.848741 ], [ -55.279839, -23.826203 ], [ -55.248256, -23.805274 ], [ -55.222601, -23.800364 ], [ -55.213677, -23.804112 ], [ -55.20014, -23.802479 ], [ -55.192252, -23.791646 ], [ -55.179658, -23.789972 ], [ -55.161205, -23.777983 ], [ -55.156005, -23.780889 ], [ -55.141904, -23.775455 ], [ -55.131617, -23.76822 ], [ -55.13012, -23.746535 ], [ -55.13704, -23.74759 ], [ -55.166184, -23.735717 ], [ -55.175395, -23.721678 ], [ -55.174139, -23.699538 ], [ -55.184065, -23.681299 ], [ -55.201435, -23.668093 ], [ -55.220429, -23.664597 ], [ -55.228138, -23.650725 ], [ -55.243637, -23.641078 ], [ -55.243393, -23.613887 ], [ -55.253007, -23.604552 ], [ -55.255182, -23.595717 ], [ -55.269638, -23.587841 ], [ -55.271889, -23.570279 ], [ -55.2974, -23.510735 ], [ -55.302199, -23.507551 ], [ -55.322874, -23.509463 ], [ -55.344736, -23.502784 ], [ -55.363446, -23.504666 ], [ -55.375935, -23.493233 ], [ -55.386411, -23.493532 ], [ -55.394888, -23.487796 ], [ -55.416715, -23.492876 ], [ -55.429035, -23.460286 ], [ -55.436986, -23.457332 ], [ -55.455697, -23.456868 ], [ -55.460034, -23.46804 ], [ -55.475006, -23.473448 ], [ -55.486629, -23.486014 ], [ -55.509809, -23.480921 ], [ -55.517825, -23.488698 ], [ -55.531852, -23.479444 ], [ -55.560408, -23.48308 ], [ -55.559013, -23.488693 ], [ -55.551697, -23.48944 ], [ -55.546684, -23.52261 ], [ -55.540416, -23.524676 ], [ -55.536133, -23.55499 ], [ -55.526527, -23.567351 ], [ -55.531238, -23.571574 ], [ -55.528418, -23.580262 ], [ -55.53818, -23.591894 ], [ -55.536013, -23.617256 ], [ -55.539868, -23.625186 ], [ -55.532092, -23.630323 ], [ -55.511093, -23.623249 ], [ -55.510341, -23.632618 ], [ -55.49333, -23.637765 ], [ -55.489467, -23.642915 ], [ -55.48401, -23.640266 ], [ -55.474674, -23.65047 ], [ -55.475966, -23.675196 ], [ -55.462156, -23.683943 ], [ -55.466479, -23.7035 ], [ -55.463467, -23.711967 ], [ -55.454826, -23.716977 ], [ -55.441128, -23.710102 ], [ -55.436257, -23.71676 ], [ -55.44257, -23.722939 ], [ -55.448674, -23.742269 ], [ -55.44284, -23.756 ], [ -55.447242, -23.76021 ], [ -55.433825, -23.771059 ], [ -55.43018, -23.790141 ], [ -55.453888, -23.81927 ], [ -55.441546, -23.829347 ], [ -55.439475, -23.866063 ], [ -55.435567, -23.872381 ], [ -55.439486, -23.904898 ], [ -55.446335, -23.916931 ], [ -55.427869, -23.926319 ], [ -55.432767, -23.940719 ], [ -55.419644, -23.943775 ], [ -55.419985, -23.957297 ], [ -55.413861, -23.965298 ], [ -55.405257, -23.964886 ], [ -55.402863, -23.974161 ], [ -55.396426, -23.976222 ], [ -55.387599, -23.967501 ], [ -55.37834, -23.970572 ], [ -55.375503, -23.979842 ], [ -55.36396, -23.982229 ], [ -55.349329, -23.993551 ], [ -55.336089, -23.992951 ], [ -55.317722, -23.962894 ], [ -55.304176, -23.965027 ], [ -55.262023, -23.991709 ], [ -55.270984, -23.925665 ] ] ] } },
{ "type": "Feature", "properties": { "CD_MUN": "5006200", "NM_MUN": "Nova Andradina", "SIGLA_UF": "MS", "AREA_KM2": 4768.118 }, "geometry": { "type": "Polygon", "coordinates": [ [ [ -53.562731, -22.567237 ], [ -53.540207, -22.579264 ], [ -53.514425, -22.575343 ], [ -53.500046, -22.584557 ], [ -53.07153, -21.838231 ], [ -53.076054, -21.836977 ], [ -53.080927, -21.799525 ], [ -53.062658, -21.767178 ], [ -53.057866, -21.741905 ], [ -53.043962, -21.716941 ], [ -53.036528, -21.689837 ], [ -53.039859, -21.623751 ], [ -53.025083, -21.615499 ], [ -53.029865, -21.607317 ], [ -53.042957, -21.616234 ], [ -53.04654, -21.609582 ], [ -53.062861, -21.606357 ], [ -53.065745, -21.599257 ], [ -53.073734, -21.600109 ], [ -53.081936, -21.588734 ], [ -53.105375, -21.584215 ], [ -53.119538, -21.592662 ], [ -53.128816, -21.580164 ], [ -53.138599, -21.575082 ], [ -53.152278, -21.584247 ], [ -53.155847, -21.592854 ], [ -53.168961, -21.589327 ], [ -53.181002, -21.595766 ], [ -53.189353, -21.587637 ], [ -53.190106, -21.577255 ], [ -53.197112, -21.577762 ], [ -53.208828, -21.570753 ], [ -53.230156, -21.581893 ], [ -53.232006, -21.59276 ], [ -53.244132, -21.599993 ], [ -53.248818, -21.588477 ], [ -53.263189, -21.582059 ], [ -53.277631, -21.592542 ], [ -53.286669, -21.583758 ], [ -53.304139, -21.588696 ], [ -53.315151, -21.581244 ], [ -53.319589, -21.597983 ], [ -53.331876, -21.594317 ], [ -53.339112, -21.597484 ], [ -53.343663, -21.595209 ], [ -53.341303, -21.589035 ], [ -53.34488, -21.583601 ], [ -53.348039, -21.583559 ], [ -53.346065, -21.586991 ], [ -53.35268, -21.585947 ], [ -53.362466, -21.576149 ], [ -53.367145, -21.580092 ], [ -53.371153, -21.576662 ], [ -53.381701, -21.579838 ], [ -53.376386, -21.575778 ], [ -53.38238, -21.56718 ], [ -53.396496, -21.569665 ], [ -53.402258, -21.560251 ], [ -53.41927, -21.565655 ], [ -53.421474, -21.557473 ], [ -53.428564, -21.552468 ], [ -53.439409, -21.555737 ], [ -53.443459, -21.574128 ], [ -53.467123, -21.572159 ], [ -53.470187, -21.577873 ], [ -53.476603, -21.578493 ], [ -53.478687, -21.585201 ], [ -53.489856, -21.588455 ], [ -53.493967, -21.60002 ], [ -53.50269, -21.596486 ], [ -53.501897, -21.591593 ], [ -53.509738, -21.587006 ], [ -53.548808, -21.606615 ], [ -53.552648, -21.602142 ], [ -53.566002, -21.600927 ], [ -53.568148, -21.608506 ], [ -53.572403, -21.605705 ], [ -53.578316, -21.609774 ], [ -53.595974, -21.600301 ], [ -53.596695, -21.595086 ], [ -53.588787, -21.593929 ], [ -53.595136, -21.589544 ], [ -53.604302, -21.595251 ], [ -53.609137, -21.590894 ], [ -53.615254, -21.594253 ], [ -53.626059, -21.615969 ], [ -53.734842, -21.621244 ], [ -53.728911, -21.631602 ], [ -53.732747, -21.651775 ], [ -53.727188, -21.664376 ], [ -53.741778, -21.684155 ], [ -53.732339, -21.730293 ], [ -53.737063, -21.789394 ], [ -53.727702, -21.805735 ], [ -53.757726, -21.838252 ], [ -53.774803, -21.86546 ], [ -53.782317, -21.869759 ], [ -53.791324, -21.895286 ], [ -53.786879, -21.915169 ], [ -53.793241, -21.929546 ], [ -53.789212, -21.943284 ], [ -53.760318, -21.960408 ], [ -53.7611, -21.984104 ], [ -53.765763, -21.993868 ], [ -53.753771, -21.985975 ], [ -53.736411, -21.986598 ], [ -53.732212, -21.998749 ], [ -53.736768, -22.003142 ], [ -53.748337, -22.003344 ], [ -53.749594, -22.008476 ], [ -53.737605, -22.016375 ], [ -53.713986, -22.022944 ], [ -53.686684, -22.040325 ], [ -53.692657, -22.054619 ], [ -53.687248, -22.064351 ], [ -53.673071, -22.073785 ], [ -53.663408, -22.111676 ], [ -53.65289, -22.111357 ], [ -53.626284, -22.123019 ], [ -53.624251, -22.143537 ], [ -53.596132, -22.147728 ], [ -53.586139, -22.157752 ], [ -53.594788, -22.174133 ], [ -53.586746, -22.187538 ], [ -53.590152, -22.211126 ], [ -53.58605, -22.216558 ], [ -53.57615, -22.21799 ], [ -53.562813, -22.231525 ], [ -53.562009, -22.236426 ], [ -53.574435, -22.242549 ], [ -53.574416, -22.254356 ], [ -53.566118, -22.278156 ], [ -53.552324, -22.292806 ], [ -53.556341, -22.309372 ], [ -53.533786, -22.334978 ], [ -53.53639, -22.355046 ], [ -53.550657, -22.357914 ], [ -53.553489, -22.363297 ], [ -53.536815, -22.362531 ], [ -53.538948, -22.374927 ], [ -53.530698, -22.38304 ], [ -53.527964, -22.396041 ], [ -53.514371, -22.402932 ], [ -53.510135, -22.433982 ], [ -53.496313, -22.434981 ], [ -53.482914, -22.455318 ], [ -53.488112, -22.476034 ], [ -53.500908, -22.49073 ], [ -53.497702, -22.502054 ], [ -53.516314, -22.517693 ], [ -53.519186, -22.534447 ], [ -53.533018, -22.543062 ], [ -53.55268, -22.547225 ], [ -53.560665, -22.556319 ], [ -53.562731, -22.567237 ] ] ] } },
{ "type": "Feature", "properties": { "CD_MUN": "5006275", "NM_MUN": "Paraíso das Águas", "SIGLA_UF": "MS", "AREA_KM2": 5061.433 }, "geometry": { "type": "Polygon", "coordinates": [ [ [ -52.925849, -19.212393 ], [ -52.92945, -19.19498 ], [ -52.9349, -19.19506 ], [ -52.93577, -19.18403 ], [ -52.93076, -19.184437 ], [ -52.93071, -19.179916 ], [ -52.940915, -19.177628 ], [ -52.936357, -19.164544 ], [ -52.944113, -19.159413 ], [ -52.939941, -19.148422 ], [ -52.967618, -19.141423 ], [ -52.969415, -19.130565 ], [ -52.975864, -19.126348 ], [ -52.973494, -19.111226 ], [ -52.955519, -19.105169 ], [ -52.938706, -19.107769 ], [ -52.920563, -19.092525 ], [ -52.888782, -19.083723 ], [ -52.882058, -19.07818 ], [ -52.833483, -18.962224 ], [ -52.827049, -18.930584 ], [ -52.876547, -18.888045 ], [ -52.898838, -18.785883 ], [ -52.959313, -18.785648 ], [ -52.977995, -18.796636 ], [ -53.018627, -18.795046 ], [ -53.034893, -18.802236 ], [ -53.045814, -18.797895 ], [ -53.061371, -18.80907 ], [ -53.06208, -18.818137 ], [ -53.079865, -18.836031 ], [ -53.091964, -18.858399 ], [ -53.102116, -18.862995 ], [ -53.109157, -18.880713 ], [ -53.12671, -18.891423 ], [ -53.130529, -18.89907 ], [ -53.142891, -18.899789 ], [ -53.146798, -18.922402 ], [ -53.161672, -18.932304 ], [ -53.166607, -18.943624 ], [ -53.16586, -18.984281 ], [ -53.168995, -18.986811 ], [ -53.181771, -18.98086 ], [ -53.175028, -18.97964 ], [ -53.174721, -18.971885 ], [ -53.18328, -18.970556 ], [ -53.18388, -18.975219 ], [ -53.193993, -18.969413 ], [ -53.191166, -18.966434 ], [ -53.192437, -18.961677 ], [ -53.197816, -18.961121 ], [ -53.196259, -18.957219 ], [ -53.2023, -18.95832 ], [ -53.20274, -18.953582 ], [ -53.204451, -18.957613 ], [ -53.213639, -18.956296 ], [ -53.225173, -18.945273 ], [ -53.228605, -18.948484 ], [ -53.248458, -18.937219 ], [ -53.251891, -18.926273 ], [ -53.258357, -18.922081 ], [ -53.261729, -18.925409 ], [ -53.268181, -18.917851 ], [ -53.269918, -18.90606 ], [ -53.286122, -18.891917 ], [ -53.296086, -18.891359 ], [ -53.29571, -18.895389 ], [ -53.299211, -18.895304 ], [ -53.302581, -18.887642 ], [ -53.309225, -18.894669 ], [ -53.316847, -18.89322 ], [ -53.326223, -18.898039 ], [ -53.382425, -18.943544 ], [ -53.386951, -18.981146 ], [ -53.401934, -19.006382 ], [ -53.369337, -19.02061 ], [ -53.339699, -19.050096 ], [ -53.354606, -19.062893 ], [ -53.394903, -19.080036 ], [ -53.403973, -19.099949 ], [ -53.421394, -19.111886 ], [ -53.428723, -19.159832 ], [ -53.441239, -19.176975 ], [ -53.487099, -19.186068 ], [ -53.518667, -19.181032 ], [ -53.540621, -19.186486 ], [ -53.552458, -19.183847 ], [ -53.574868, -19.187164 ], [ -53.602338, -19.18001 ], [ -53.610601, -19.188741 ], [ -53.609022, -19.21459 ], [ -53.616222, -19.220185 ], [ -53.61127, -19.236865 ], [ -53.622101, -19.254975 ], [ -53.637761, -19.266826 ], [ -53.61596, -19.286622 ], [ -53.621215, -19.292859 ], [ -53.606967, -19.302451 ], [ -53.609085, -19.310625 ], [ -53.603091, -19.328919 ], [ -53.597864, -19.330479 ], [ -53.589933, -19.347982 ], [ -53.580128, -19.352733 ], [ -53.576629, -19.364925 ], [ -53.580299, -19.36908 ], [ -53.571683, -19.377242 ], [ -53.563684, -19.395842 ], [ -53.562433, -19.419904 ], [ -53.554165, -19.428581 ], [ -53.55534, -19.440528 ], [ -53.547772, -19.44707 ], [ -53.55586, -19.45865 ], [ -53.547982, -19.473894 ], [ -53.538937, -19.475466 ], [ -53.53199, -19.48564 ], [ -53.526537, -19.515455 ], [ -53.51871, -19.519421 ], [ -53.514422, -19.54019 ], [ -53.499411, -19.545544 ], [ -53.5041, -19.551067 ], [ -53.497392, -19.555872 ], [ -53.504227, -19.568453 ], [ -53.488433, -19.586642 ], [ -53.482275, -19.577856 ], [ -53.457138, -19.567285 ], [ -53.410267, -19.521707 ], [ -53.383649, -19.513543 ], [ -53.346445, -19.450024 ], [ -53.327699, -19.497156 ], [ -53.140295, -19.456576 ], [ -53.093411, -19.460927 ], [ -53.098125, -19.423438 ], [ -53.080658, -19.423122 ], [ -53.072724, -19.418918 ], [ -53.019696, -19.43038 ], [ -53.011595, -19.442034 ], [ -52.983727, -19.463249 ], [ -52.965358, -19.474628 ], [ -52.936299, -19.483956 ], [ -52.926005, -19.500295 ], [ -52.904138, -19.500164 ], [ -52.887309, -19.51636 ], [ -52.889039, -19.521328 ], [ -52.876853, -19.523205 ], [ -52.86257, -19.536965 ], [ -52.840097, -19.535859 ], [ -52.829452, -19.53119 ], [ -52.821058, -19.53794 ], [ -52.811419, -19.537979 ], [ -52.784715, -19.529301 ], [ -52.763195, -19.52775 ], [ -52.756319, -19.520446 ], [ -52.740693, -19.533727 ], [ -52.735027, -19.544351 ], [ -52.705419, -19.555102 ], [ -52.693638, -19.526397 ], [ -52.669924, -19.498335 ], [ -52.65618, -19.490645 ], [ -52.624361, -19.434613 ], [ -52.621504, -19.420865 ], [ -52.58459, -19.410541 ], [ -52.575946, -19.41357 ], [ -52.566077, -19.397032 ], [ -52.578354, -19.399239 ], [ -52.588321, -19.378665 ], [ -52.595039, -19.374136 ], [ -52.603269, -19.375664 ], [ -52.608208, -19.36627 ], [ -52.608157, -19.369792 ], [ -52.616219, -19.369056 ], [ -52.611164, -19.3607 ], [ -52.621826, -19.352673 ], [ -52.649578, -19.351911 ], [ -52.653943, -19.343359 ], [ -52.662563, -19.345702 ], [ -52.674609, -19.330721 ], [ -52.682465, -19.330357 ], [ -52.68056, -19.32028 ], [ -52.685932, -19.317228 ], [ -52.686758, -19.302492 ], [ -52.697848, -19.295155 ], [ -52.702913, -19.281168 ], [ -52.718321, -19.271691 ], [ -52.72601, -19.268408 ], [ -52.741975, -19.272685 ], [ -52.749794, -19.269898 ], [ -52.757151, -19.273973 ], [ -52.755345, -19.268152 ], [ -52.768204, -19.263867 ], [ -52.769591, -19.268661 ], [ -52.776365, -19.26152 ], [ -52.791537, -19.256078 ], [ -52.810643, -19.25729 ], [ -52.809783, -19.249414 ], [ -52.813961, -19.245734 ], [ -52.819101, -19.246632 ], [ -52.818033, -19.250518 ], [ -52.839229, -19.240047 ], [ -52.84699, -19.237826 ], [ -52.849179, -19.240805 ], [ -52.850261, -19.232874 ], [ -52.866838, -19.240015 ], [ -52.868766, -19.236732 ], [ -52.876722, -19.244645 ], [ -52.900362, -19.248751 ], [ -52.905881, -19.234161 ], [ -52.916526, -19.22651 ], [ -52.911785, -19.225796 ], [ -52.912394, -19.220219 ], [ -52.925849, -19.212393 ] ] ] } },
{ "type": "Feature", "properties": { "CD_MUN": "5006259", "NM_MUN": "Novo Horizonte do Sul", "SIGLA_UF": "MS", "AREA_KM2": 849.19 }, "geometry": { "type": "Polygon", "coordinates": [ [ [ -53.746226, -22.723185 ], [ -53.710908, -22.714673 ], [ -53.708537, -22.718911 ], [ -53.695772, -22.711071 ], [ -53.680079, -22.714634 ], [ -53.655667, -22.702868 ], [ -53.649147, -22.708808 ], [ -53.639868, -22.699379 ], [ -53.63561, -22.701368 ], [ -53.632199, -22.696109 ], [ -53.621294, -22.695699 ], [ -53.618579, -22.682401 ], [ -53.59574, -22.662563 ], [ -53.584314, -22.668069 ], [ -53.563329, -22.669569 ], [ -53.558612, -22.666578 ], [ -53.553551, -22.649504 ], [ -53.541181, -22.652727 ], [ -53.512524, -22.6319 ], [ -53.52442, -22.609659 ], [ -53.514361, -22.600156 ], [ -53.498948, -22.604492 ], [ -53.500292, -22.584022 ], [ -53.514425, -22.575343 ], [ -53.540207, -22.579264 ], [ -53.551234, -22.570586 ], [ -53.578143, -22.567793 ], [ -53.603324, -22.556296 ], [ -53.619986, -22.556363 ], [ -53.628298, -22.562487 ], [ -53.636003, -22.561485 ], [ -53.660562, -22.571515 ], [ -53.678828, -22.570384 ], [ -53.71816, -22.558433 ], [ -53.729153, -22.551238 ], [ -53.763916, -22.546392 ], [ -53.804165, -22.533552 ], [ -53.856596, -22.500338 ], [ -53.87789, -22.461717 ], [ -53.895191, -22.445841 ], [ -53.903241, -22.44425 ], [ -53.910422, -22.434134 ], [ -53.919421, -22.434956 ], [ -54.027041, -22.545669 ], [ -54.002268, -22.568129 ], [ -53.993469, -22.567688 ], [ -53.983414, -22.574667 ], [ -53.979237, -22.595642 ], [ -53.959131, -22.60881 ], [ -53.924597, -22.663544 ], [ -53.913412, -22.662185 ], [ -53.878633, -22.684853 ], [ -53.871834, -22.683006 ], [ -53.870426, -22.688294 ], [ -53.863895, -22.685463 ], [ -53.858426, -22.693629 ], [ -53.832056, -22.704092 ], [ -53.831165, -22.708691 ], [ -53.80387, -22.713864 ], [ -53.796308, -22.724402 ], [ -53.77795, -22.727704 ], [ -53.777519, -22.731825 ], [ -53.765149, -22.728089 ], [ -53.760629, -22.731702 ], [ -53.746226, -22.723185 ] ] ] } },
{ "type": "Feature", "properties": { "CD_MUN": "5005608", "NM_MUN": "Miranda", "SIGLA_UF": "MS", "AREA_KM2": 5470.975 }, "geometry": { "type": "Polygon", "coordinates": [ [ [ -56.307843, -20.591021 ], [ -56.295479, -20.59415 ], [ -56.299787, -20.598481 ], [ -56.292369, -20.599732 ], [ -56.297794, -20.605823 ], [ -56.286187, -20.612517 ], [ -56.289094, -20.618971 ], [ -56.28611, -20.615467 ], [ -56.277097, -20.620578 ], [ -56.282039, -20.623119 ], [ -56.283019, -20.634029 ], [ -56.275, -20.635529 ], [ -56.2749, -20.644229 ], [ -56.265459, -20.644489 ], [ -56.26803, -20.639441 ], [ -56.262921, -20.637701 ], [ -56.252361, -20.643102 ], [ -56.255114, -20.639828 ], [ -56.248108, -20.636285 ], [ -56.248461, -20.642688 ], [ -56.241377, -20.641048 ], [ -56.245587, -20.648536 ], [ -56.229451, -20.658379 ], [ -56.221279, -20.64307 ], [ -56.209977, -20.64686 ], [ -56.217445, -20.631805 ], [ -56.212026, -20.630444 ], [ -56.217121, -20.619901 ], [ -56.212426, -20.612953 ], [ -56.219116, -20.611193 ], [ -56.214733, -20.609017 ], [ -56.216051, -20.605134 ], [ -56.200741, -20.604716 ], [ -56.197112, -20.611677 ], [ -56.202678, -20.619011 ], [ -56.197627, -20.618745 ], [ -56.196601, -20.62406 ], [ -56.190759, -20.6241 ], [ -56.18431, -20.632236 ], [ -56.176307, -20.629631 ], [ -56.170124, -20.616149 ], [ -56.162478, -20.621255 ], [ -56.155938, -20.615968 ], [ -56.141939, -20.620618 ], [ -56.131882, -20.613774 ], [ -56.12875, -20.60591 ], [ -56.13779, -20.575635 ], [ -56.139412, -20.545378 ], [ -56.133756, -20.50031 ], [ -56.144592, -20.49419 ], [ -56.149821, -20.453732 ], [ -56.179692, -20.445208 ], [ -56.182597, -20.435911 ], [ -56.176765, -20.430363 ], [ -56.101959, -20.418984 ], [ -56.098385, -20.408094 ], [ -56.100728, -20.398346 ], [ -56.110304, -20.38983 ], [ -56.107158, -20.377114 ], [ -56.11471, -20.374663 ], [ -56.13265, -20.354922 ], [ -56.148392, -20.360038 ], [ -56.151998, -20.353883 ], [ -56.148083, -20.349045 ], [ -56.160376, -20.338955 ], [ -56.16421, -20.329275 ], [ -56.192205, -20.33044 ], [ -56.198884, -20.308105 ], [ -56.215099, -20.294685 ], [ -56.226881, -20.291177 ], [ -56.227539, -20.272977 ], [ -56.238026, -20.264111 ], [ -56.223259, -20.247464 ], [ -56.231278, -20.230793 ], [ -56.230843, -20.210901 ], [ -56.238051, -20.204292 ], [ -56.238951, -20.196025 ], [ -56.216015, -20.174146 ], [ -56.219418, -20.162393 ], [ -56.240842, -20.135159 ], [ -56.240343, -20.127259 ], [ -56.24843, -20.113549 ], [ -56.249809, -20.105428 ], [ -56.243523, -20.087652 ], [ -56.251249, -20.068339 ], [ -56.247989, -20.061686 ], [ -56.253454, -20.048892 ], [ -56.248507, -20.037969 ], [ -56.260532, -19.988191 ], [ -56.277626, -19.986391 ], [ -56.2888, -19.978283 ], [ -56.295262, -19.96194 ], [ -56.307109, -19.956086 ], [ -56.316686, -19.942734 ], [ -56.321926, -19.927421 ], [ -56.330471, -19.932327 ], [ -56.337087, -19.927465 ], [ -56.350222, -19.927314 ], [ -56.365614, -19.906482 ], [ -56.380348, -19.902951 ], [ -56.392393, -19.893875 ], [ -56.399144, -19.878794 ], [ -56.406698, -19.877888 ], [ -56.411433, -19.872069 ], [ -56.431374, -19.8692 ], [ -56.453449, -19.853927 ], [ -56.478061, -19.825234 ], [ -56.495004, -19.816897 ], [ -56.517382, -19.813762 ], [ -56.533879, -19.820202 ], [ -56.547662, -19.815215 ], [ -56.558381, -19.818141 ], [ -56.57468, -19.814529 ], [ -56.584913, -19.820546 ], [ -56.613085, -19.824641 ], [ -56.630487, -19.833846 ], [ -56.638456, -19.812392 ], [ -56.649331, -19.806309 ], [ -56.647108, -19.782502 ], [ -56.655246, -19.784712 ], [ -56.666926, -19.776966 ], [ -56.675311, -19.779386 ], [ -56.67742, -19.772111 ], [ -56.689239, -19.77446 ], [ -56.69062, -19.76874 ], [ -56.698203, -19.765946 ], [ -56.708765, -19.767737 ], [ -56.70726, -19.771738 ], [ -56.717297, -19.780984 ], [ -56.713624, -19.784854 ], [ -56.724954, -19.78117 ], [ -56.728308, -19.791394 ], [ -56.733492, -19.794134 ], [ -56.740404, -19.785071 ], [ -56.739048, -19.77658 ], [ -56.754714, -19.774114 ], [ -56.759007, -19.780225 ], [ -56.767257, -19.781575 ], [ -56.7679, -19.786146 ], [ -56.777848, -19.787908 ], [ -56.781929, -19.797941 ], [ -56.793981, -19.791681 ], [ -56.795481, -19.78631 ], [ -56.801503, -19.791883 ], [ -56.803151, -19.787022 ], [ -56.810779, -19.787641 ], [ -56.810993, -19.78208 ], [ -56.826301, -19.776286 ], [ -56.829555, -19.756873 ], [ -56.841706, -19.748041 ], [ -56.842535, -19.753415 ], [ -56.845861, -19.752114 ], [ -56.844009, -19.745052 ], [ -56.849433, -19.732937 ], [ -56.858457, -19.736062 ], [ -56.847477, -19.727604 ], [ -56.855028, -19.722949 ], [ -56.854972, -19.717171 ], [ -56.866278, -19.716694 ], [ -56.871366, -19.709667 ], [ -56.871533, -19.719699 ], [ -56.87564, -19.720197 ], [ -56.880688, -19.70475 ], [ -56.874929, -19.703338 ], [ -56.874521, -19.698909 ], [ -56.889459, -19.700716 ], [ -56.888559, -19.694704 ], [ -56.898608, -19.682901 ], [ -56.905668, -19.687605 ], [ -56.9037, -19.68237 ], [ -56.906893, -19.68274 ], [ -56.912421, -19.692716 ], [ -56.938293, -19.686225 ], [ -56.935377, -19.692959 ], [ -56.938737, -19.695956 ], [ -56.941159, -19.689024 ], [ -56.951334, -19.693427 ], [ -56.952068, -19.688644 ], [ -56.959291, -19.693276 ], [ -56.965369, -19.683941 ], [ -56.959029, -19.680694 ], [ -56.968947, -19.680127 ], [ -56.973379, -19.684074 ], [ -56.982889, -19.680196 ], [ -56.994126, -19.685264 ], [ -57.000119, -19.666755 ], [ -56.993385, -19.664274 ], [ -56.994993, -19.657524 ], [ -56.986228, -19.660286 ], [ -56.99044, -19.651346 ], [ -56.983536, -19.646538 ], [ -56.985362, -19.639368 ], [ -56.993833, -19.63349 ], [ -56.987537, -19.621825 ], [ -56.992905, -19.61968 ], [ -57.067495, -20.015302 ], [ -57.027694, -20.015453 ], [ -57.025432, -20.028117 ], [ -57.00209, -20.049974 ], [ -57.003119, -20.112249 ], [ -56.9867, -20.132337 ], [ -56.988485, -20.140813 ], [ -56.997678, -20.147084 ], [ -56.992561, -20.156253 ], [ -56.999296, -20.178691 ], [ -56.997976, -20.18892 ], [ -56.947115, -20.186962 ], [ -56.930686, -20.197144 ], [ -56.926979, -20.214106 ], [ -56.913231, -20.224365 ], [ -56.905435, -20.236793 ], [ -56.887108, -20.239459 ], [ -56.878101, -20.257084 ], [ -56.860349, -20.259628 ], [ -56.848554, -20.268565 ], [ -56.835721, -20.265282 ], [ -56.828096, -20.268968 ], [ -56.830087, -20.30694 ], [ -56.834298, -20.313269 ], [ -56.829229, -20.342288 ], [ -56.831823, -20.361969 ], [ -56.825335, -20.362314 ], [ -56.815315, -20.391004 ], [ -56.800777, -20.393546 ], [ -56.779565, -20.417178 ], [ -56.752451, -20.402398 ], [ -56.741063, -20.40698 ], [ -56.72719, -20.399971 ], [ -56.717368, -20.409677 ], [ -56.711655, -20.403714 ], [ -56.702088, -20.4045 ], [ -56.70041, -20.396287 ], [ -56.693327, -20.401747 ], [ -56.688142, -20.384908 ], [ -56.683968, -20.389032 ], [ -56.680064, -20.385527 ], [ -56.683308, -20.380416 ], [ -56.677878, -20.370002 ], [ -56.680629, -20.357694 ], [ -56.568076, -20.356325 ], [ -56.549355, -20.362633 ], [ -56.527538, -20.360563 ], [ -56.516487, -20.356507 ], [ -56.50962, -20.344422 ], [ -56.471787, -20.32869 ], [ -56.456422, -20.313733 ], [ -56.424736, -20.322233 ], [ -56.421189, -20.348302 ], [ -56.413948, -20.34435 ], [ -56.416164, -20.334623 ], [ -56.388717, -20.333488 ], [ -56.398479, -20.348286 ], [ -56.391465, -20.351155 ], [ -56.394728, -20.354217 ], [ -56.390809, -20.357691 ], [ -56.396213, -20.358933 ], [ -56.397089, -20.367753 ], [ -56.401506, -20.369819 ], [ -56.394429, -20.375681 ], [ -56.408984, -20.38467 ], [ -56.400574, -20.389668 ], [ -56.395132, -20.387044 ], [ -56.390276, -20.395852 ], [ -56.391034, -20.403774 ], [ -56.396681, -20.40368 ], [ -56.39584, -20.398959 ], [ -56.400621, -20.401237 ], [ -56.399937, -20.405834 ], [ -56.394192, -20.407161 ], [ -56.398304, -20.412564 ], [ -56.39446, -20.409825 ], [ -56.391909, -20.413412 ], [ -56.400661, -20.424134 ], [ -56.396828, -20.42739 ], [ -56.404791, -20.430727 ], [ -56.398956, -20.433167 ], [ -56.402839, -20.440831 ], [ -56.394102, -20.443423 ], [ -56.393952, -20.436098 ], [ -56.385736, -20.441106 ], [ -56.386529, -20.452373 ], [ -56.396288, -20.455364 ], [ -56.393854, -20.46221 ], [ -56.398355, -20.462475 ], [ -56.392384, -20.469795 ], [ -56.395171, -20.478729 ], [ -56.387963, -20.486666 ], [ -56.38265, -20.484183 ], [ -56.383376, -20.488521 ], [ -56.376577, -20.483842 ], [ -56.375773, -20.490376 ], [ -56.369943, -20.488746 ], [ -56.37306, -20.494317 ], [ -56.378364, -20.493294 ], [ -56.378962, -20.498153 ], [ -56.375161, -20.498263 ], [ -56.370958, -20.511533 ], [ -56.365339, -20.51306 ], [ -56.368885, -20.516928 ], [ -56.364314, -20.524423 ], [ -56.358313, -20.525634 ], [ -56.364669, -20.526627 ], [ -56.364379, -20.531852 ], [ -56.352323, -20.533158 ], [ -56.35026, -20.537595 ], [ -56.357868, -20.539247 ], [ -56.355504, -20.541717 ], [ -56.353128, -20.538688 ], [ -56.354305, -20.545356 ], [ -56.350476, -20.541618 ], [ -56.345967, -20.553093 ], [ -56.331675, -20.556191 ], [ -56.334785, -20.55951 ], [ -56.330834, -20.5702 ], [ -56.322109, -20.573557 ], [ -56.325806, -20.574388 ], [ -56.323903, -20.58298 ], [ -56.316664, -20.588618 ], [ -56.314396, -20.579197 ], [ -56.303423, -20.573471 ], [ -56.2976, -20.575453 ], [ -56.305953, -20.581697 ], [ -56.307843, -20.591021 ] ] ] } },
{ "type": "Feature", "properties": { "CD_MUN": "5005400", "NM_MUN": "Maracaju", "SIGLA_UF": "MS", "AREA_KM2": 5396.905 }, "geometry": { "type": "Polygon", "coordinates": [ [ [ -54.98719, -21.623821 ], [ -54.994912, -21.618481 ], [ -55.008613, -21.625056 ], [ -55.015771, -21.624267 ], [ -55.011991, -21.622014 ], [ -55.025828, -21.61017 ], [ -55.017697, -21.593609 ], [ -55.025845, -21.593968 ], [ -55.038975, -21.56808 ], [ -55.046027, -21.567894 ], [ -55.044746, -21.581593 ], [ -55.05891, -21.586543 ], [ -55.063303, -21.573071 ], [ -55.058367, -21.564044 ], [ -55.063816, -21.557208 ], [ -55.071665, -21.561917 ], [ -55.076809, -21.555207 ], [ -55.088426, -21.558908 ], [ -55.086851, -21.565794 ], [ -55.096308, -21.57137 ], [ -55.096608, -21.560194 ], [ -55.105378, -21.554049 ], [ -55.100971, -21.547336 ], [ -55.103316, -21.53928 ], [ -55.118897, -21.53237 ], [ -55.128125, -21.538609 ], [ -55.139521, -21.533746 ], [ -55.12001, -21.521005 ], [ -55.127161, -21.514708 ], [ -55.126251, -21.505514 ], [ -55.137521, -21.511802 ], [ -55.146835, -21.503582 ], [ -55.138445, -21.499139 ], [ -55.139519, -21.479511 ], [ -55.149231, -21.474667 ], [ -55.155315, -21.485494 ], [ -55.173176, -21.480093 ], [ -55.167126, -21.460737 ], [ -55.191208, -21.446624 ], [ -55.194449, -21.459954 ], [ -55.210721, -21.44201 ], [ -55.212064, -21.427865 ], [ -55.222356, -21.420117 ], [ -55.239712, -21.417477 ], [ -55.23649, -21.408201 ], [ -55.248212, -21.40586 ], [ -55.256148, -21.40909 ], [ -55.261548, -21.400391 ], [ -55.269502, -21.401088 ], [ -55.267116, -21.392013 ], [ -55.274556, -21.387321 ], [ -55.276743, -21.372871 ], [ -55.28466, -21.366798 ], [ -55.281657, -21.362117 ], [ -55.286524, -21.358458 ], [ -55.285053, -21.35408 ], [ -55.297255, -21.346018 ], [ -55.29408, -21.331399 ], [ -55.280918, -21.318494 ], [ -55.302922, -21.30253 ], [ -55.295805, -21.290677 ], [ -55.293731, -21.265447 ], [ -55.300467, -21.248874 ], [ -55.319499, -21.242119 ], [ -55.315072, -21.234218 ], [ -55.31965, -21.216656 ], [ -55.313656, -21.20951 ], [ -55.318418, -21.201604 ], [ -55.328565, -21.198119 ], [ -55.330369, -21.190692 ], [ -55.321941, -21.186381 ], [ -55.320731, -21.178333 ], [ -55.330563, -21.174696 ], [ -55.325771, -21.169486 ], [ -55.316058, -21.168705 ], [ -55.314397, -21.150674 ], [ -55.306386, -21.138448 ], [ -55.321708, -21.119234 ], [ -55.318485, -21.110919 ], [ -55.307331, -21.105169 ], [ -55.306771, -21.079909 ], [ -55.29397, -21.068432 ], [ -55.294386, -21.05476 ], [ -55.279139, -21.035736 ], [ -55.27288, -21.0114 ], [ -55.268355, -21.009047 ], [ -55.254043, -21.01567 ], [ -55.266396, -20.998332 ], [ -55.275706, -20.999743 ], [ -55.300825, -21.021536 ], [ -55.305673, -21.037455 ], [ -55.319024, -21.050907 ], [ -55.341211, -21.0379 ], [ -55.358921, -21.034097 ], [ -55.378628, -21.045389 ], [ -55.409038, -21.047224 ], [ -55.418614, -21.054552 ], [ -55.423067, -21.052014 ], [ -55.425073, -21.056954 ], [ -55.427041, -21.048847 ], [ -55.436811, -21.0491 ], [ -55.436402, -21.041249 ], [ -55.443013, -21.042149 ], [ -55.442913, -21.035748 ], [ -55.454636, -21.035234 ], [ -55.457611, -21.028421 ], [ -55.4733, -21.019412 ], [ -55.481802, -21.019742 ], [ -55.50242, -21.039682 ], [ -55.502126, -21.04542 ], [ -55.488916, -21.054731 ], [ -55.494312, -21.058326 ], [ -55.49398, -21.075433 ], [ -55.505718, -21.07569 ], [ -55.50432, -21.087436 ], [ -55.519387, -21.082459 ], [ -55.519367, -21.089599 ], [ -55.524452, -21.086643 ], [ -55.535388, -21.097915 ], [ -55.534378, -21.086553 ], [ -55.527979, -21.080626 ], [ -55.53478, -21.073978 ], [ -55.540555, -21.082528 ], [ -55.547552, -21.080195 ], [ -55.554377, -21.085219 ], [ -55.552131, -21.091851 ], [ -55.559386, -21.09131 ], [ -55.563302, -21.097355 ], [ -55.568383, -21.094253 ], [ -55.558057, -21.077233 ], [ -55.55261, -21.07899 ], [ -55.555281, -21.068323 ], [ -55.542997, -21.072284 ], [ -55.540836, -21.066423 ], [ -55.547481, -21.06204 ], [ -55.545045, -21.057601 ], [ -55.520739, -21.068674 ], [ -55.536239, -21.050622 ], [ -55.552861, -21.044127 ], [ -55.555653, -21.053684 ], [ -55.54865, -21.056001 ], [ -55.549897, -21.061613 ], [ -55.562311, -21.065586 ], [ -55.561865, -21.073266 ], [ -55.568312, -21.072453 ], [ -55.567648, -21.078641 ], [ -55.574525, -21.079053 ], [ -55.577705, -21.083932 ], [ -55.581481, -21.076806 ], [ -55.589901, -21.080931 ], [ -55.586484, -21.073955 ], [ -55.592027, -21.074728 ], [ -55.594342, -21.070862 ], [ -55.590729, -21.064518 ], [ -55.580753, -21.066782 ], [ -55.574642, -21.062735 ], [ -55.581905, -21.060765 ], [ -55.573855, -21.055481 ], [ -55.582405, -21.052538 ], [ -55.576272, -21.047641 ], [ -55.585249, -21.050133 ], [ -55.584155, -21.042396 ], [ -55.590984, -21.046098 ], [ -55.586249, -21.050671 ], [ -55.593257, -21.065339 ], [ -55.612711, -21.067637 ], [ -55.615562, -21.064602 ], [ -55.612475, -21.057059 ], [ -55.618258, -21.055643 ], [ -55.617278, -21.064117 ], [ -55.631562, -21.064396 ], [ -55.614929, -21.068769 ], [ -55.617733, -21.072621 ], [ -55.612665, -21.072326 ], [ -55.613818, -21.075868 ], [ -55.607637, -21.079876 ], [ -55.605677, -21.091786 ], [ -55.612192, -21.083869 ], [ -55.616535, -21.090585 ], [ -55.6178, -21.081865 ], [ -55.62272, -21.084762 ], [ -55.6276, -21.07572 ], [ -55.636595, -21.076581 ], [ -55.626869, -21.083566 ], [ -55.62354, -21.094378 ], [ -55.628872, -21.097914 ], [ -55.633631, -21.090046 ], [ -55.640965, -21.095183 ], [ -55.643721, -21.084546 ], [ -55.647051, -21.087044 ], [ -55.653919, -21.081152 ], [ -55.665273, -21.083062 ], [ -55.657086, -21.072081 ], [ -55.674309, -21.079068 ], [ -55.662467, -21.086849 ], [ -55.654213, -21.085291 ], [ -55.644144, -21.093019 ], [ -55.643297, -21.099275 ], [ -55.630119, -21.10512 ], [ -55.642387, -21.111833 ], [ -55.649272, -21.110364 ], [ -55.650246, -21.117513 ], [ -55.642601, -21.1149 ], [ -55.647363, -21.125221 ], [ -55.631573, -21.111504 ], [ -55.629514, -21.122558 ], [ -55.615412, -21.124803 ], [ -55.631917, -21.128039 ], [ -55.632983, -21.131358 ], [ -55.624097, -21.132457 ], [ -55.637519, -21.143092 ], [ -55.614286, -21.137203 ], [ -55.624639, -21.147414 ], [ -55.625384, -21.150083 ], [ -55.620061, -21.149407 ], [ -55.626286, -21.155453 ], [ -55.616397, -21.154381 ], [ -55.615286, -21.15878 ], [ -55.608187, -21.155971 ], [ -55.611985, -21.164442 ], [ -55.605173, -21.168418 ], [ -55.59777, -21.165255 ], [ -55.596457, -21.169486 ], [ -55.603158, -21.170288 ], [ -55.604961, -21.178542 ], [ -55.610525, -21.18082 ], [ -55.611233, -21.172105 ], [ -55.619546, -21.166072 ], [ -55.625434, -21.163851 ], [ -55.634146, -21.166449 ], [ -55.625263, -21.165347 ], [ -55.61925, -21.174107 ], [ -55.62648, -21.169572 ], [ -55.629475, -21.17297 ], [ -55.625924, -21.178288 ], [ -55.630317, -21.18231 ], [ -55.621681, -21.182118 ], [ -55.627028, -21.185433 ], [ -55.622979, -21.187957 ], [ -55.627106, -21.193661 ], [ -55.642389, -21.181884 ], [ -55.641041, -21.191131 ], [ -55.651494, -21.182878 ], [ -55.65578, -21.182333 ], [ -55.645426, -21.191619 ], [ -55.645868, -21.196509 ], [ -55.633751, -21.199965 ], [ -55.6414, -21.211205 ], [ -55.637657, -21.217115 ], [ -55.631768, -21.221687 ], [ -55.622444, -21.212066 ], [ -55.618915, -21.21255 ], [ -55.622021, -21.219359 ], [ -55.634133, -21.226535 ], [ -55.63178, -21.231259 ], [ -55.620589, -21.232164 ], [ -55.621129, -21.236622 ], [ -55.628646, -21.231977 ], [ -55.630189, -21.244082 ], [ -55.631524, -21.235279 ], [ -55.639809, -21.226986 ], [ -55.637622, -21.221565 ], [ -55.643686, -21.225071 ], [ -55.644299, -21.235631 ], [ -55.651767, -21.230233 ], [ -55.649344, -21.220883 ], [ -55.661409, -21.226037 ], [ -55.65106, -21.210069 ], [ -55.658638, -21.209041 ], [ -55.66385, -21.198521 ], [ -55.674112, -21.200323 ], [ -55.674912, -21.191165 ], [ -55.681474, -21.197591 ], [ -55.685248, -21.19394 ], [ -55.687412, -21.196743 ], [ -55.683048, -21.198693 ], [ -55.677265, -21.197603 ], [ -55.675589, -21.203586 ], [ -55.669201, -21.203526 ], [ -55.664511, -21.211183 ], [ -55.672045, -21.211748 ], [ -55.670544, -21.218388 ], [ -55.673931, -21.218915 ], [ -55.679029, -21.214115 ], [ -55.689935, -21.210806 ], [ -55.694166, -21.212342 ], [ -55.679168, -21.21996 ], [ -55.694454, -21.22636 ], [ -55.675142, -21.224521 ], [ -55.679808, -21.233776 ], [ -55.670895, -21.234143 ], [ -55.668085, -21.240252 ], [ -55.675639, -21.243677 ], [ -55.677187, -21.252092 ], [ -55.679337, -21.240256 ], [ -55.691621, -21.239092 ], [ -55.688695, -21.245676 ], [ -55.696906, -21.244374 ], [ -55.695178, -21.249524 ], [ -55.699828, -21.248716 ], [ -55.712682, -21.25739 ], [ -55.687467, -21.25269 ], [ -55.692984, -21.263039 ], [ -55.703023, -21.267344 ], [ -55.696429, -21.272146 ], [ -55.698743, -21.275712 ], [ -55.693414, -21.271032 ], [ -55.690316, -21.274485 ], [ -55.69084, -21.267117 ], [ -55.685716, -21.266726 ], [ -55.683598, -21.25988 ], [ -55.679539, -21.264274 ], [ -55.683222, -21.271801 ], [ -55.677713, -21.271907 ], [ -55.67006, -21.262877 ], [ -55.669618, -21.266464 ], [ -55.660284, -21.268761 ], [ -55.669776, -21.268481 ], [ -55.667369, -21.27181 ], [ -55.68325, -21.28058 ], [ -55.670733, -21.283115 ], [ -55.66799, -21.287879 ], [ -55.66461, -21.284997 ], [ -55.669242, -21.299909 ], [ -55.676771, -21.29637 ], [ -55.68329, -21.299624 ], [ -55.684454, -21.291524 ], [ -55.694401, -21.290678 ], [ -55.693976, -21.296082 ], [ -55.699715, -21.297402 ], [ -55.701682, -21.293658 ], [ -55.711892, -21.303673 ], [ -55.700721, -21.297842 ], [ -55.698763, -21.300134 ], [ -55.678268, -21.299979 ], [ -55.671211, -21.305449 ], [ -55.678122, -21.31165 ], [ -55.66731, -21.313863 ], [ -55.682055, -21.315986 ], [ -55.683074, -21.308058 ], [ -55.690775, -21.314986 ], [ -55.700983, -21.315627 ], [ -55.701107, -21.318379 ], [ -55.683713, -21.316948 ], [ -55.701378, -21.331654 ], [ -55.6863, -21.325084 ], [ -55.677758, -21.324916 ], [ -55.675244, -21.328837 ], [ -55.685783, -21.335434 ], [ -55.684684, -21.339302 ], [ -55.690366, -21.338397 ], [ -55.690548, -21.343285 ], [ -55.702377, -21.344844 ], [ -55.700023, -21.348882 ], [ -55.693967, -21.345633 ], [ -55.692187, -21.349199 ], [ -55.695188, -21.36633 ], [ -55.689161, -21.366493 ], [ -55.690977, -21.357848 ], [ -55.687103, -21.357534 ], [ -55.68603, -21.347237 ], [ -55.681664, -21.348766 ], [ -55.6789, -21.341306 ], [ -55.677136, -21.344642 ], [ -55.670862, -21.342402 ], [ -55.66967, -21.334786 ], [ -55.665243, -21.339481 ], [ -55.662422, -21.333527 ], [ -55.657883, -21.335804 ], [ -55.659776, -21.340265 ], [ -55.655966, -21.3423 ], [ -55.65196, -21.339629 ], [ -55.648539, -21.340265 ], [ -55.652857, -21.34564 ], [ -55.66773, -21.345746 ], [ -55.670308, -21.348875 ], [ -55.666937, -21.353051 ], [ -55.660206, -21.353455 ], [ -55.663996, -21.356787 ], [ -55.673893, -21.353779 ], [ -55.676555, -21.368683 ], [ -55.657772, -21.365264 ], [ -55.672055, -21.379858 ], [ -55.677606, -21.375517 ], [ -55.679224, -21.380863 ], [ -55.684856, -21.375375 ], [ -55.693342, -21.379573 ], [ -55.705061, -21.377526 ], [ -55.7015, -21.390978 ], [ -55.699261, -21.385417 ], [ -55.696985, -21.389137 ], [ -55.691442, -21.384028 ], [ -55.685237, -21.389514 ], [ -55.683165, -21.381445 ], [ -55.674671, -21.381696 ], [ -55.671104, -21.38794 ], [ -55.665469, -21.376699 ], [ -55.65669, -21.376802 ], [ -55.64836, -21.36863 ], [ -55.651849, -21.376634 ], [ -55.647143, -21.380142 ], [ -55.639737, -21.381515 ], [ -55.638073, -21.375653 ], [ -55.632907, -21.373442 ], [ -55.636029, -21.384533 ], [ -55.642063, -21.385785 ], [ -55.640979, -21.390594 ], [ -55.648231, -21.384132 ], [ -55.649995, -21.389662 ], [ -55.660012, -21.379715 ], [ -55.66391, -21.400858 ], [ -55.652109, -21.394394 ], [ -55.651939, -21.402575 ], [ -55.633599, -21.401127 ], [ -55.644717, -21.406111 ], [ -55.644469, -21.411818 ], [ -55.629033, -21.414206 ], [ -55.636278, -21.419178 ], [ -55.627009, -21.424167 ], [ -55.63688, -21.425703 ], [ -55.638526, -21.419099 ], [ -55.642164, -21.422995 ], [ -55.650909, -21.414926 ], [ -55.653663, -21.421032 ], [ -55.655581, -21.417572 ], [ -55.662745, -21.420461 ], [ -55.654962, -21.410655 ], [ -55.6735, -21.40722 ], [ -55.678705, -21.400447 ], [ -55.675294, -21.393844 ], [ -55.684895, -21.402096 ], [ -55.692221, -21.396861 ], [ -55.690387, -21.406495 ], [ -55.677492, -21.405772 ], [ -55.670316, -21.413464 ], [ -55.67086, -21.424061 ], [ -55.678672, -21.423709 ], [ -55.682601, -21.428585 ], [ -55.676519, -21.431954 ], [ -55.6748, -21.437836 ], [ -55.6792, -21.438555 ], [ -55.665236, -21.443606 ], [ -55.665276, -21.451072 ], [ -55.660054, -21.449481 ], [ -55.654912, -21.453184 ], [ -55.65982, -21.457238 ], [ -55.652309, -21.459114 ], [ -55.651582, -21.467027 ], [ -55.664662, -21.467973 ], [ -55.663303, -21.472803 ], [ -55.656214, -21.474562 ], [ -55.660981, -21.477097 ], [ -55.654733, -21.482513 ], [ -55.658665, -21.480408 ], [ -55.663638, -21.48402 ], [ -55.661576, -21.491709 ], [ -55.668313, -21.488899 ], [ -55.672301, -21.473118 ], [ -55.677044, -21.488648 ], [ -55.682922, -21.482694 ], [ -55.678478, -21.460585 ], [ -55.685858, -21.464738 ], [ -55.686866, -21.470247 ], [ -55.688989, -21.464999 ], [ -55.692356, -21.467791 ], [ -55.687333, -21.450581 ], [ -55.692816, -21.445211 ], [ -55.691693, -21.457535 ], [ -55.698851, -21.4611 ], [ -55.696799, -21.47439 ], [ -55.699346, -21.465274 ], [ -55.704878, -21.465959 ], [ -55.70223, -21.448943 ], [ -55.707694, -21.446715 ], [ -55.701548, -21.433846 ], [ -55.712155, -21.435844 ], [ -55.705406, -21.425331 ], [ -55.701172, -21.425614 ], [ -55.701759, -21.421317 ], [ -55.712271, -21.417765 ], [ -55.710065, -21.423045 ], [ -55.715935, -21.425157 ], [ -55.714174, -21.4382 ], [ -55.718225, -21.443966 ], [ -55.724067, -21.425595 ], [ -55.731407, -21.427736 ], [ -55.734174, -21.414274 ], [ -55.728953, -21.414116 ], [ -55.723325, -21.402556 ], [ -55.724924, -21.399913 ], [ -55.729575, -21.405084 ], [ -55.735417, -21.404131 ], [ -55.729225, -21.393716 ], [ -55.74056, -21.383991 ], [ -55.737283, -21.396577 ], [ -55.743964, -21.398192 ], [ -55.744476, -21.406071 ], [ -55.749853, -21.401569 ], [ -55.742058, -21.412921 ], [ -55.750096, -21.415938 ], [ -55.748757, -21.420094 ], [ -55.742639, -21.416421 ], [ -55.740491, -21.424505 ], [ -55.734136, -21.427982 ], [ -55.746048, -21.428653 ], [ -55.744325, -21.433691 ], [ -55.734501, -21.430373 ], [ -55.72963, -21.434928 ], [ -55.737239, -21.437929 ], [ -55.724472, -21.441774 ], [ -55.731686, -21.449593 ], [ -55.731434, -21.457203 ], [ -55.726591, -21.460512 ], [ -55.741986, -21.464465 ], [ -55.737709, -21.456061 ], [ -55.741261, -21.455471 ], [ -55.739953, -21.451219 ], [ -55.745881, -21.451365 ], [ -55.742182, -21.445175 ], [ -55.745885, -21.443682 ], [ -55.750466, -21.459244 ], [ -55.754157, -21.464496 ], [ -55.758102, -21.462569 ], [ -55.755392, -21.453337 ], [ -55.759914, -21.452759 ], [ -55.759588, -21.444343 ], [ -55.764057, -21.446334 ], [ -55.767156, -21.441594 ], [ -55.753868, -21.437053 ], [ -55.754942, -21.42703 ], [ -55.767971, -21.440837 ], [ -55.779161, -21.438259 ], [ -55.770211, -21.427556 ], [ -55.78293, -21.432203 ], [ -55.783241, -21.425336 ], [ -55.787887, -21.424228 ], [ -55.781908, -21.419786 ], [ -55.786699, -21.409349 ], [ -55.793071, -21.421779 ], [ -55.800956, -21.424878 ], [ -55.80201, -21.42122 ], [ -55.811557, -21.425695 ], [ -55.805277, -21.425056 ], [ -55.801302, -21.434709 ], [ -55.793205, -21.432786 ], [ -55.794362, -21.439365 ], [ -55.788395, -21.438219 ], [ -55.78958, -21.44271 ], [ -55.77122, -21.450084 ], [ -55.779378, -21.450871 ], [ -55.778848, -21.45909 ], [ -55.783893, -21.454748 ], [ -55.78561, -21.457416 ], [ -55.794994, -21.454475 ], [ -55.790386, -21.457657 ], [ -55.792955, -21.461976 ], [ -55.787436, -21.467306 ], [ -55.794335, -21.462687 ], [ -55.794156, -21.456829 ], [ -55.801518, -21.459678 ], [ -55.798116, -21.452216 ], [ -55.804881, -21.458465 ], [ -55.809477, -21.450221 ], [ -55.816638, -21.450512 ], [ -55.812475, -21.442676 ], [ -55.828337, -21.446355 ], [ -55.826795, -21.451964 ], [ -55.820207, -21.449115 ], [ -55.818413, -21.452289 ], [ -55.818678, -21.457765 ], [ -55.833873, -21.465674 ], [ -55.823168, -21.482025 ], [ -55.827063, -21.484494 ], [ -55.837037, -21.474528 ], [ -55.838812, -21.478 ], [ -55.836914, -21.486114 ], [ -55.825066, -21.486875 ], [ -55.825066, -21.499428 ], [ -55.819331, -21.494691 ], [ -55.813658, -21.496076 ], [ -55.812199, -21.503186 ], [ -55.800929, -21.493984 ], [ -55.806598, -21.509243 ], [ -55.799779, -21.515315 ], [ -55.792308, -21.506212 ], [ -55.790057, -21.509325 ], [ -55.796302, -21.519746 ], [ -55.784413, -21.518647 ], [ -55.786943, -21.522363 ], [ -55.779662, -21.523387 ], [ -55.791457, -21.528983 ], [ -55.795163, -21.52409 ], [ -55.800856, -21.530321 ], [ -55.800976, -21.525011 ], [ -55.806337, -21.524491 ], [ -55.812128, -21.535951 ], [ -55.821309, -21.529638 ], [ -55.812501, -21.545736 ], [ -55.79899, -21.543978 ], [ -55.806032, -21.550507 ], [ -55.803972, -21.563099 ], [ -55.796965, -21.559147 ], [ -55.794517, -21.562575 ], [ -55.791948, -21.554946 ], [ -55.783272, -21.553216 ], [ -55.782619, -21.546383 ], [ -55.774079, -21.557337 ], [ -55.786012, -21.557192 ], [ -55.787843, -21.562114 ], [ -55.77834, -21.566526 ], [ -55.789546, -21.566815 ], [ -55.788524, -21.573428 ], [ -55.794365, -21.574074 ], [ -55.800867, -21.567764 ], [ -55.796219, -21.580617 ], [ -55.778426, -21.579365 ], [ -55.775262, -21.583495 ], [ -55.786977, -21.587303 ], [ -55.790509, -21.597823 ], [ -55.778536, -21.591962 ], [ -55.779894, -21.598926 ], [ -55.765805, -21.597352 ], [ -55.759604, -21.582037 ], [ -55.749999, -21.583977 ], [ -55.75937, -21.589549 ], [ -55.755264, -21.594861 ], [ -55.757703, -21.607584 ], [ -55.752538, -21.609385 ], [ -55.746737, -21.60501 ], [ -55.746758, -21.617019 ], [ -55.740244, -21.621622 ], [ -55.751404, -21.621012 ], [ -55.751483, -21.616243 ], [ -55.76195, -21.611937 ], [ -55.763324, -21.605561 ], [ -55.769661, -21.60474 ], [ -55.770053, -21.614881 ], [ -55.758392, -21.616598 ], [ -55.759806, -21.622933 ], [ -55.745243, -21.635251 ], [ -55.742788, -21.644361 ], [ -55.750404, -21.640369 ], [ -55.748762, -21.635115 ], [ -55.757271, -21.628014 ], [ -55.763347, -21.634723 ], [ -55.763418, -21.619126 ], [ -55.774897, -21.623253 ], [ -55.774981, -21.615213 ], [ -55.779929, -21.612151 ], [ -55.78381, -21.615834 ], [ -55.787059, -21.613106 ], [ -55.786707, -21.619291 ], [ -55.794742, -21.610251 ], [ -55.793016, -21.622094 ], [ -55.795478, -21.626226 ], [ -55.80096, -21.625054 ], [ -55.803251, -21.612451 ], [ -55.809334, -21.617493 ], [ -55.80524, -21.603188 ], [ -55.808348, -21.598332 ], [ -55.813226, -21.604912 ], [ -55.812023, -21.59804 ], [ -55.816283, -21.593505 ], [ -55.829133, -21.609285 ], [ -55.822138, -21.606046 ], [ -55.823922, -21.613329 ], [ -55.814202, -21.608551 ], [ -55.819221, -21.619542 ], [ -55.809142, -21.620425 ], [ -55.806355, -21.624983 ], [ -55.815234, -21.629259 ], [ -55.81377, -21.636305 ], [ -55.808084, -21.636854 ], [ -55.803025, -21.631596 ], [ -55.798155, -21.633391 ], [ -55.804261, -21.636082 ], [ -55.8035, -21.643842 ], [ -55.809259, -21.640705 ], [ -55.810039, -21.646475 ], [ -55.814662, -21.643146 ], [ -55.817094, -21.647851 ], [ -55.820427, -21.637332 ], [ -55.828839, -21.635009 ], [ -55.830129, -21.625991 ], [ -55.83899, -21.627384 ], [ -55.840307, -21.634931 ], [ -55.831496, -21.631473 ], [ -55.833245, -21.63882 ], [ -55.827661, -21.639261 ], [ -55.833096, -21.646637 ], [ -55.830303, -21.653531 ], [ -55.837812, -21.656598 ], [ -55.829554, -21.656013 ], [ -55.829174, -21.664113 ], [ -55.824179, -21.661968 ], [ -55.817661, -21.665881 ], [ -55.821088, -21.6724 ], [ -55.813128, -21.672719 ], [ -55.816172, -21.674755 ], [ -55.810865, -21.684287 ], [ -55.805165, -21.683129 ], [ -55.805388, -21.6881 ], [ -55.793838, -21.69476 ], [ -55.796856, -21.700866 ], [ -55.787586, -21.703981 ], [ -55.781493, -21.714818 ], [ -55.782809, -21.721138 ], [ -55.772382, -21.729959 ], [ -55.76498, -21.728958 ], [ -55.752774, -21.763793 ], [ -55.732768, -21.780416 ], [ -55.730888, -21.787168 ], [ -55.710119, -21.754468 ], [ -55.678766, -21.763351 ], [ -55.665482, -21.778625 ], [ -55.649634, -21.784889 ], [ -55.611657, -21.786361 ], [ -55.589113, -21.807988 ], [ -55.584513, -21.801362 ], [ -55.57852, -21.802562 ], [ -55.569689, -21.796524 ], [ -55.553032, -21.808671 ], [ -55.543753, -21.798177 ], [ -55.53719, -21.818843 ], [ -55.528923, -21.818939 ], [ -55.528294, -21.829917 ], [ -55.52293, -21.822482 ], [ -55.508897, -21.831392 ], [ -55.510903, -21.848417 ], [ -55.502503, -21.852816 ], [ -55.490837, -21.84333 ], [ -55.485852, -21.845451 ], [ -55.486853, -21.852841 ], [ -55.471506, -21.853498 ], [ -55.473515, -21.864159 ], [ -55.46722, -21.865691 ], [ -55.462725, -21.861476 ], [ -55.467483, -21.874071 ], [ -55.458318, -21.870024 ], [ -55.452076, -21.873243 ], [ -55.452665, -21.869749 ], [ -55.447807, -21.871627 ], [ -55.44372, -21.867938 ], [ -55.439014, -21.878926 ], [ -55.419706, -21.867785 ], [ -55.410068, -21.896146 ], [ -55.400571, -21.888445 ], [ -55.393811, -21.888433 ], [ -55.395432, -21.892384 ], [ -55.390362, -21.894751 ], [ -55.363945, -21.879449 ], [ -55.349757, -21.893848 ], [ -55.337243, -21.897905 ], [ -55.316071, -21.896546 ], [ -55.30046, -21.90528 ], [ -55.289844, -21.904304 ], [ -55.288837, -21.911477 ], [ -55.240782, -21.924987 ], [ -55.232296, -21.922532 ], [ -55.227336, -21.925893 ], [ -55.178021, -21.912758 ], [ -55.159258, -21.921786 ], [ -55.150413, -21.921292 ], [ -55.104107, -21.90389 ], [ -55.095993, -21.903501 ], [ -55.097604, -21.906779 ], [ -55.090323, -21.90859 ], [ -55.071925, -21.900293 ], [ -55.063743, -21.901095 ], [ -55.061863, -21.897178 ], [ -55.055077, -21.900338 ], [ -55.043408, -21.894567 ], [ -55.034064, -21.899255 ], [ -55.018017, -21.885674 ], [ -55.012983, -21.887891 ], [ -55.00158, -21.879939 ], [ -54.991154, -21.856364 ], [ -54.991475, -21.840948 ], [ -54.983621, -21.830654 ], [ -54.98452, -21.823765 ], [ -54.96221, -21.809178 ], [ -54.945642, -21.80888 ], [ -54.945279, -21.805716 ], [ -54.922095, -21.824021 ], [ -54.88893, -21.827832 ], [ -54.879258, -21.824057 ], [ -54.870401, -21.831204 ], [ -54.86393, -21.829198 ], [ -54.864491, -21.833044 ], [ -54.847365, -21.845532 ], [ -54.834741, -21.838064 ], [ -54.827726, -21.826849 ], [ -54.837151, -21.820893 ], [ -54.831479, -21.815321 ], [ -54.830532, -21.788178 ], [ -54.834793, -21.790624 ], [ -54.845619, -21.779905 ], [ -54.850921, -21.783334 ], [ -54.853269, -21.77776 ], [ -54.862556, -21.780213 ], [ -54.857968, -21.773596 ], [ -54.870223, -21.765072 ], [ -54.879771, -21.771122 ], [ -54.895697, -21.75917 ], [ -54.89634, -21.746517 ], [ -54.90469, -21.7456 ], [ -54.908499, -21.750078 ], [ -54.914045, -21.741224 ], [ -54.919116, -21.741901 ], [ -54.922812, -21.728862 ], [ -54.929284, -21.731158 ], [ -54.940047, -21.720711 ], [ -54.925739, -21.716322 ], [ -54.928644, -21.712879 ], [ -54.919226, -21.700145 ], [ -54.923655, -21.697173 ], [ -54.939549, -21.700309 ], [ -54.934177, -21.690765 ], [ -54.935955, -21.68276 ], [ -54.946718, -21.691624 ], [ -54.959169, -21.671112 ], [ -54.985292, -21.662017 ], [ -54.997313, -21.66374 ], [ -54.98567, -21.649091 ], [ -54.985879, -21.644475 ], [ -54.993319, -21.646752 ], [ -54.994999, -21.643715 ], [ -54.986996, -21.635793 ], [ -54.98719, -21.623821 ] ] ] } },
{ "type": "Feature", "properties": { "CD_MUN": "5005806", "NM_MUN": "Nioaque", "SIGLA_UF": "MS", "AREA_KM2": 3909.738 }, "geometry": { "type": "Polygon", "coordinates": [ [ [ -55.63005, -21.244034 ], [ -55.628646, -21.231977 ], [ -55.621129, -21.236622 ], [ -55.620589, -21.232164 ], [ -55.63178, -21.231259 ], [ -55.634133, -21.226535 ], [ -55.622021, -21.219359 ], [ -55.618915, -21.21255 ], [ -55.631768, -21.221687 ], [ -55.637657, -21.217115 ], [ -55.6414, -21.211205 ], [ -55.633751, -21.199965 ], [ -55.645868, -21.196509 ], [ -55.645426, -21.191619 ], [ -55.65578, -21.182333 ], [ -55.641041, -21.191131 ], [ -55.642389, -21.181884 ], [ -55.627106, -21.193661 ], [ -55.622979, -21.187957 ], [ -55.627028, -21.185433 ], [ -55.621681, -21.182118 ], [ -55.630317, -21.18231 ], [ -55.625924, -21.178288 ], [ -55.629475, -21.17297 ], [ -55.62648, -21.169572 ], [ -55.61925, -21.174107 ], [ -55.625263, -21.165347 ], [ -55.634146, -21.166449 ], [ -55.625434, -21.163851 ], [ -55.619546, -21.166072 ], [ -55.611233, -21.172105 ], [ -55.610525, -21.18082 ], [ -55.604961, -21.178542 ], [ -55.603158, -21.170288 ], [ -55.596457, -21.169486 ], [ -55.59777, -21.165255 ], [ -55.605173, -21.168418 ], [ -55.611985, -21.164442 ], [ -55.608187, -21.155971 ], [ -55.615286, -21.15878 ], [ -55.616397, -21.154381 ], [ -55.626286, -21.155453 ], [ -55.620061, -21.149407 ], [ -55.625384, -21.150083 ], [ -55.624639, -21.147414 ], [ -55.614286, -21.137203 ], [ -55.637519, -21.143092 ], [ -55.624097, -21.132457 ], [ -55.632983, -21.131358 ], [ -55.631917, -21.128039 ], [ -55.615412, -21.124803 ], [ -55.629514, -21.122558 ], [ -55.631573, -21.111504 ], [ -55.647363, -21.125221 ], [ -55.642601, -21.1149 ], [ -55.650246, -21.117513 ], [ -55.649272, -21.110364 ], [ -55.642387, -21.111833 ], [ -55.630119, -21.10512 ], [ -55.643297, -21.099275 ], [ -55.644144, -21.093019 ], [ -55.654213, -21.085291 ], [ -55.662467, -21.086849 ], [ -55.674309, -21.079068 ], [ -55.657086, -21.072081 ], [ -55.665273, -21.083062 ], [ -55.653919, -21.081152 ], [ -55.647051, -21.087044 ], [ -55.643721, -21.084546 ], [ -55.640965, -21.095183 ], [ -55.633631, -21.090046 ], [ -55.628872, -21.097914 ], [ -55.62354, -21.094378 ], [ -55.626869, -21.083566 ], [ -55.636595, -21.076581 ], [ -55.6276, -21.07572 ], [ -55.62272, -21.084762 ], [ -55.6178, -21.081865 ], [ -55.616535, -21.090585 ], [ -55.612192, -21.083869 ], [ -55.605677, -21.091786 ], [ -55.607637, -21.079876 ], [ -55.613818, -21.075868 ], [ -55.612665, -21.072326 ], [ -55.617733, -21.072621 ], [ -55.614929, -21.068769 ], [ -55.618271, -21.065672 ], [ -55.625336, -21.068423 ], [ -55.631562, -21.064396 ], [ -55.617278, -21.064117 ], [ -55.618258, -21.055643 ], [ -55.612475, -21.057059 ], [ -55.615562, -21.064602 ], [ -55.612711, -21.067637 ], [ -55.593257, -21.065339 ], [ -55.586249, -21.050671 ], [ -55.590984, -21.046098 ], [ -55.584155, -21.042396 ], [ -55.585249, -21.050133 ], [ -55.576272, -21.047641 ], [ -55.582405, -21.052538 ], [ -55.573855, -21.055481 ], [ -55.581905, -21.060765 ], [ -55.574642, -21.062735 ], [ -55.580753, -21.066782 ], [ -55.590729, -21.064518 ], [ -55.594342, -21.070862 ], [ -55.592027, -21.074728 ], [ -55.586484, -21.073955 ], [ -55.589901, -21.080931 ], [ -55.581481, -21.076806 ], [ -55.577705, -21.083932 ], [ -55.574525, -21.079053 ], [ -55.567648, -21.078641 ], [ -55.568312, -21.072453 ], [ -55.561865, -21.073266 ], [ -55.562311, -21.065586 ], [ -55.549897, -21.061613 ], [ -55.54865, -21.056001 ], [ -55.555653, -21.053684 ], [ -55.552861, -21.044127 ], [ -55.536239, -21.050622 ], [ -55.520739, -21.068674 ], [ -55.545045, -21.057601 ], [ -55.547481, -21.06204 ], [ -55.540836, -21.066423 ], [ -55.542997, -21.072284 ], [ -55.555281, -21.068323 ], [ -55.55261, -21.07899 ], [ -55.558057, -21.077233 ], [ -55.568383, -21.094253 ], [ -55.563302, -21.097355 ], [ -55.559386, -21.09131 ], [ -55.552131, -21.091851 ], [ -55.554377, -21.085219 ], [ -55.547552, -21.080195 ], [ -55.540555, -21.082528 ], [ -55.53478, -21.073978 ], [ -55.527979, -21.080626 ], [ -55.534378, -21.086553 ], [ -55.53511, -21.097836 ], [ -55.524452, -21.086643 ], [ -55.519367, -21.089599 ], [ -55.519387, -21.082459 ], [ -55.50432, -21.087436 ], [ -55.505718, -21.07569 ], [ -55.49398, -21.075433 ], [ -55.494312, -21.058326 ], [ -55.488916, -21.054731 ], [ -55.502126, -21.04542 ], [ -55.50242, -21.039682 ], [ -55.486115, -21.022369 ], [ -55.516201, -20.994119 ], [ -55.556214, -20.990817 ], [ -55.562424, -20.995743 ], [ -55.570877, -20.990842 ], [ -55.584915, -20.997416 ], [ -55.591267, -20.985697 ], [ -55.597781, -20.986788 ], [ -55.608088, -20.976653 ], [ -55.620949, -20.975277 ], [ -55.650831, -20.936863 ], [ -55.659621, -20.93741 ], [ -55.66022, -20.931774 ], [ -55.672941, -20.928449 ], [ -55.673818, -20.922799 ], [ -55.686528, -20.917906 ], [ -55.693531, -20.872157 ], [ -55.707592, -20.853162 ], [ -55.708327, -20.844811 ], [ -55.711346, -20.846242 ], [ -55.706453, -20.835118 ], [ -55.726209, -20.824738 ], [ -55.719756, -20.817675 ], [ -55.724579, -20.808186 ], [ -55.718412, -20.797274 ], [ -55.727512, -20.790776 ], [ -55.730168, -20.775696 ], [ -55.737787, -20.77472 ], [ -55.739739, -20.763291 ], [ -55.748886, -20.762682 ], [ -55.747521, -20.758845 ], [ -55.754562, -20.754544 ], [ -55.764879, -20.757433 ], [ -55.770692, -20.764228 ], [ -55.779822, -20.763317 ], [ -55.788393, -20.747395 ], [ -55.845566, -20.733351 ], [ -55.845712, -20.755008 ], [ -55.855383, -20.767886 ], [ -55.861156, -20.766576 ], [ -55.871066, -20.775806 ], [ -55.87097, -20.786266 ], [ -55.886988, -20.804753 ], [ -55.917732, -20.808339 ], [ -55.938462, -20.82169 ], [ -55.953774, -20.816375 ], [ -55.967934, -20.81967 ], [ -56.004963, -20.805476 ], [ -56.008759, -20.801751 ], [ -56.001693, -20.792005 ], [ -56.010305, -20.793286 ], [ -56.011971, -20.78682 ], [ -56.007011, -20.775816 ], [ -56.016446, -20.778166 ], [ -56.023812, -20.772641 ], [ -56.024299, -20.784429 ], [ -56.029637, -20.785871 ], [ -56.029643, -20.781698 ], [ -56.035621, -20.781571 ], [ -56.037701, -20.767242 ], [ -56.055528, -20.761055 ], [ -56.066276, -20.769238 ], [ -56.0739, -20.768108 ], [ -56.074162, -20.762544 ], [ -56.080137, -20.76284 ], [ -56.081005, -20.766702 ], [ -56.082566, -20.762838 ], [ -56.085409, -20.775874 ], [ -56.091423, -20.781047 ], [ -56.108559, -20.77132 ], [ -56.126974, -20.777556 ], [ -56.136552, -20.790002 ], [ -56.132039, -20.795708 ], [ -56.124471, -20.792763 ], [ -56.126307, -20.799261 ], [ -56.108601, -20.817605 ], [ -56.123712, -20.823669 ], [ -56.123325, -20.839245 ], [ -56.117292, -20.846617 ], [ -56.096946, -20.856719 ], [ -56.100166, -20.87102 ], [ -56.105515, -20.873043 ], [ -56.114097, -20.859305 ], [ -56.129587, -20.862557 ], [ -56.128768, -20.851382 ], [ -56.139009, -20.8481 ], [ -56.153372, -20.835415 ], [ -56.161489, -20.837424 ], [ -56.161727, -20.865157 ], [ -56.151091, -20.87147 ], [ -56.158177, -20.884252 ], [ -56.146422, -20.882954 ], [ -56.14716, -20.890551 ], [ -56.169559, -20.889113 ], [ -56.172208, -20.895531 ], [ -56.185065, -20.898009 ], [ -56.189931, -20.903061 ], [ -56.177874, -20.912241 ], [ -56.18038, -20.921103 ], [ -56.173464, -20.921119 ], [ -56.174932, -20.928834 ], [ -56.158734, -20.948847 ], [ -56.16531, -20.951208 ], [ -56.166391, -20.946833 ], [ -56.176618, -20.951109 ], [ -56.174021, -20.947946 ], [ -56.184001, -20.946998 ], [ -56.186002, -20.936006 ], [ -56.195234, -20.935209 ], [ -56.201416, -20.950319 ], [ -56.199399, -20.963527 ], [ -56.196466, -20.967473 ], [ -56.190844, -20.957596 ], [ -56.181143, -20.967105 ], [ -56.18689, -20.975415 ], [ -56.201677, -20.97979 ], [ -56.198037, -20.983216 ], [ -56.213014, -20.997355 ], [ -56.207879, -21.010797 ], [ -56.20252, -21.00946 ], [ -56.198475, -21.020034 ], [ -56.20367, -21.020461 ], [ -56.202853, -21.024919 ], [ -56.206876, -21.023465 ], [ -56.212022, -21.030289 ], [ -56.198885, -21.030601 ], [ -56.186523, -21.042407 ], [ -56.186729, -21.061767 ], [ -56.17687, -21.071874 ], [ -56.18662, -21.076182 ], [ -56.183912, -21.08051 ], [ -56.187965, -21.084154 ], [ -56.214998, -21.079265 ], [ -56.221599, -21.093927 ], [ -56.232618, -21.104746 ], [ -56.223686, -21.11646 ], [ -56.224159, -21.139263 ], [ -56.215207, -21.147681 ], [ -56.214092, -21.170722 ], [ -56.221946, -21.182999 ], [ -56.213439, -21.187255 ], [ -56.210334, -21.182698 ], [ -56.197947, -21.185774 ], [ -56.185367, -21.197316 ], [ -56.211697, -21.211419 ], [ -56.229273, -21.206197 ], [ -56.223942, -21.215778 ], [ -56.228686, -21.221926 ], [ -56.226476, -21.227959 ], [ -56.216766, -21.227083 ], [ -56.213167, -21.235591 ], [ -56.206734, -21.236211 ], [ -56.207442, -21.242194 ], [ -56.215298, -21.245249 ], [ -56.218771, -21.252841 ], [ -56.214353, -21.262839 ], [ -56.202422, -21.262751 ], [ -56.205099, -21.267355 ], [ -56.196205, -21.277295 ], [ -56.200125, -21.282807 ], [ -56.189392, -21.311099 ], [ -56.172503, -21.316058 ], [ -56.140051, -21.342938 ], [ -56.118158, -21.349386 ], [ -56.093214, -21.351258 ], [ -56.052237, -21.346109 ], [ -56.016989, -21.359754 ], [ -55.961689, -21.401963 ], [ -55.930064, -21.408904 ], [ -55.920627, -21.41849 ], [ -55.920978, -21.437298 ], [ -55.91077, -21.445021 ], [ -55.878681, -21.44947 ], [ -55.840585, -21.490093 ], [ -55.835933, -21.484283 ], [ -55.8376, -21.474534 ], [ -55.827063, -21.484494 ], [ -55.823168, -21.482025 ], [ -55.833873, -21.465674 ], [ -55.818678, -21.457765 ], [ -55.818413, -21.452289 ], [ -55.820207, -21.449115 ], [ -55.826795, -21.451964 ], [ -55.828337, -21.446355 ], [ -55.812475, -21.442676 ], [ -55.816638, -21.450512 ], [ -55.809477, -21.450221 ], [ -55.804881, -21.458465 ], [ -55.798116, -21.452216 ], [ -55.801518, -21.459678 ], [ -55.794156, -21.456829 ], [ -55.794335, -21.462687 ], [ -55.787436, -21.467306 ], [ -55.794994, -21.454475 ], [ -55.78561, -21.457416 ], [ -55.783893, -21.454748 ], [ -55.778848, -21.45909 ], [ -55.779378, -21.450871 ], [ -55.77122, -21.450084 ], [ -55.78958, -21.44271 ], [ -55.788395, -21.438219 ], [ -55.794362, -21.439365 ], [ -55.793205, -21.432786 ], [ -55.801302, -21.434709 ], [ -55.805277, -21.425056 ], [ -55.811557, -21.425695 ], [ -55.793071, -21.421779 ], [ -55.786699, -21.409349 ], [ -55.781908, -21.419786 ], [ -55.787887, -21.424228 ], [ -55.783241, -21.425336 ], [ -55.78293, -21.432203 ], [ -55.770211, -21.427556 ], [ -55.779161, -21.438259 ], [ -55.767971, -21.440837 ], [ -55.754942, -21.42703 ], [ -55.753868, -21.437053 ], [ -55.767156, -21.441594 ], [ -55.764057, -21.446334 ], [ -55.759588, -21.444343 ], [ -55.759914, -21.452759 ], [ -55.755392, -21.453337 ], [ -55.758102, -21.462569 ], [ -55.754157, -21.464496 ], [ -55.750466, -21.459244 ], [ -55.745885, -21.443682 ], [ -55.742182, -21.445175 ], [ -55.745881, -21.451365 ], [ -55.739953, -21.451219 ], [ -55.741261, -21.455471 ], [ -55.737709, -21.456061 ], [ -55.741986, -21.464465 ], [ -55.726591, -21.460512 ], [ -55.731434, -21.457203 ], [ -55.731686, -21.449593 ], [ -55.724472, -21.441774 ], [ -55.737239, -21.437929 ], [ -55.72963, -21.434928 ], [ -55.734501, -21.430373 ], [ -55.744325, -21.433691 ], [ -55.746048, -21.428653 ], [ -55.734136, -21.427982 ], [ -55.740491, -21.424505 ], [ -55.742639, -21.416421 ], [ -55.748757, -21.420094 ], [ -55.750096, -21.415938 ], [ -55.742058, -21.412921 ], [ -55.749853, -21.401569 ], [ -55.742673, -21.40433 ], [ -55.743964, -21.398192 ], [ -55.737283, -21.396577 ], [ -55.740807, -21.384409 ], [ -55.736272, -21.385218 ], [ -55.729193, -21.394389 ], [ -55.735504, -21.404018 ], [ -55.731413, -21.405799 ], [ -55.724924, -21.399913 ], [ -55.723325, -21.402556 ], [ -55.735524, -21.41882 ], [ -55.731113, -21.428109 ], [ -55.724067, -21.425595 ], [ -55.71834, -21.443957 ], [ -55.714174, -21.4382 ], [ -55.715935, -21.425157 ], [ -55.710065, -21.423045 ], [ -55.712271, -21.417765 ], [ -55.707537, -21.416584 ], [ -55.708814, -21.420388 ], [ -55.701346, -21.421994 ], [ -55.712155, -21.435844 ], [ -55.701548, -21.433846 ], [ -55.707694, -21.446715 ], [ -55.70223, -21.448943 ], [ -55.704878, -21.465959 ], [ -55.699346, -21.465274 ], [ -55.696799, -21.47439 ], [ -55.698851, -21.4611 ], [ -55.691693, -21.457535 ], [ -55.692816, -21.445211 ], [ -55.687333, -21.450581 ], [ -55.692356, -21.467791 ], [ -55.688989, -21.464999 ], [ -55.686866, -21.470247 ], [ -55.685858, -21.464738 ], [ -55.678394, -21.460872 ], [ -55.682912, -21.482867 ], [ -55.676389, -21.48847 ], [ -55.672301, -21.473118 ], [ -55.668313, -21.488899 ], [ -55.661836, -21.491884 ], [ -55.663638, -21.48402 ], [ -55.658665, -21.480408 ], [ -55.654733, -21.482513 ], [ -55.660981, -21.477097 ], [ -55.656214, -21.474562 ], [ -55.663303, -21.472803 ], [ -55.664662, -21.467973 ], [ -55.651582, -21.467027 ], [ -55.652309, -21.459114 ], [ -55.65982, -21.457238 ], [ -55.654912, -21.453184 ], [ -55.660054, -21.449481 ], [ -55.665276, -21.451072 ], [ -55.665236, -21.443606 ], [ -55.6792, -21.438555 ], [ -55.6748, -21.437836 ], [ -55.676519, -21.431954 ], [ -55.682601, -21.428585 ], [ -55.678672, -21.423709 ], [ -55.67086, -21.424061 ], [ -55.670316, -21.413464 ], [ -55.677492, -21.405772 ], [ -55.690387, -21.406495 ], [ -55.69257, -21.397514 ], [ -55.684895, -21.402096 ], [ -55.67548, -21.39375 ], [ -55.678705, -21.400447 ], [ -55.6735, -21.40722 ], [ -55.654962, -21.410655 ], [ -55.655854, -21.414982 ], [ -55.66132, -21.41636 ], [ -55.662745, -21.420461 ], [ -55.655581, -21.417572 ], [ -55.653663, -21.421032 ], [ -55.650909, -21.414926 ], [ -55.642164, -21.422995 ], [ -55.638526, -21.419099 ], [ -55.63688, -21.425703 ], [ -55.62717, -21.424259 ], [ -55.636278, -21.419178 ], [ -55.629033, -21.414206 ], [ -55.644469, -21.411818 ], [ -55.644717, -21.406111 ], [ -55.633599, -21.401127 ], [ -55.651939, -21.402575 ], [ -55.652109, -21.394394 ], [ -55.663941, -21.400588 ], [ -55.660012, -21.379715 ], [ -55.649995, -21.389662 ], [ -55.648231, -21.384132 ], [ -55.640979, -21.390594 ], [ -55.641638, -21.38496 ], [ -55.636029, -21.384533 ], [ -55.63217, -21.374166 ], [ -55.63715, -21.374724 ], [ -55.639737, -21.381515 ], [ -55.647143, -21.380142 ], [ -55.651849, -21.376634 ], [ -55.648074, -21.368557 ], [ -55.65669, -21.376802 ], [ -55.665469, -21.376699 ], [ -55.671104, -21.38794 ], [ -55.674671, -21.381696 ], [ -55.683165, -21.381445 ], [ -55.685237, -21.389514 ], [ -55.691442, -21.384028 ], [ -55.70254, -21.39039 ], [ -55.704525, -21.376572 ], [ -55.693768, -21.379613 ], [ -55.684856, -21.375375 ], [ -55.679224, -21.380863 ], [ -55.677606, -21.375517 ], [ -55.672055, -21.379858 ], [ -55.657772, -21.365264 ], [ -55.676555, -21.368683 ], [ -55.673893, -21.353779 ], [ -55.663996, -21.356787 ], [ -55.660206, -21.353455 ], [ -55.666937, -21.353051 ], [ -55.670308, -21.348875 ], [ -55.66773, -21.345746 ], [ -55.652857, -21.34564 ], [ -55.648539, -21.340265 ], [ -55.655966, -21.3423 ], [ -55.659776, -21.340265 ], [ -55.657883, -21.335804 ], [ -55.662422, -21.333527 ], [ -55.665243, -21.339481 ], [ -55.66967, -21.334786 ], [ -55.670862, -21.342402 ], [ -55.677136, -21.344642 ], [ -55.6789, -21.341306 ], [ -55.681664, -21.348766 ], [ -55.68603, -21.347237 ], [ -55.687103, -21.357534 ], [ -55.690977, -21.357848 ], [ -55.689161, -21.366493 ], [ -55.694997, -21.366622 ], [ -55.692187, -21.349199 ], [ -55.693967, -21.345633 ], [ -55.700023, -21.348882 ], [ -55.702377, -21.344844 ], [ -55.690548, -21.343285 ], [ -55.690366, -21.338397 ], [ -55.684684, -21.339302 ], [ -55.685783, -21.335434 ], [ -55.675244, -21.328837 ], [ -55.677758, -21.324916 ], [ -55.6863, -21.325084 ], [ -55.701378, -21.331654 ], [ -55.683713, -21.316948 ], [ -55.701107, -21.318379 ], [ -55.700983, -21.315627 ], [ -55.690775, -21.314986 ], [ -55.683074, -21.308058 ], [ -55.682055, -21.315986 ], [ -55.66731, -21.313863 ], [ -55.678122, -21.31165 ], [ -55.671211, -21.305449 ], [ -55.678268, -21.299979 ], [ -55.698763, -21.300134 ], [ -55.700721, -21.297842 ], [ -55.711892, -21.303673 ], [ -55.701682, -21.293658 ], [ -55.699715, -21.297402 ], [ -55.693976, -21.296082 ], [ -55.694401, -21.290678 ], [ -55.684454, -21.291524 ], [ -55.68329, -21.299624 ], [ -55.676771, -21.29637 ], [ -55.669242, -21.299909 ], [ -55.66461, -21.284997 ], [ -55.66799, -21.287879 ], [ -55.670733, -21.283115 ], [ -55.68325, -21.28058 ], [ -55.667369, -21.27181 ], [ -55.669776, -21.268481 ], [ -55.660284, -21.268761 ], [ -55.669618, -21.266464 ], [ -55.67006, -21.262877 ], [ -55.677713, -21.271907 ], [ -55.683222, -21.271801 ], [ -55.679539, -21.264274 ], [ -55.683598, -21.25988 ], [ -55.685716, -21.266726 ], [ -55.69084, -21.267117 ], [ -55.690316, -21.274485 ], [ -55.693414, -21.271032 ], [ -55.698743, -21.275712 ], [ -55.696429, -21.272146 ], [ -55.703023, -21.267344 ], [ -55.692984, -21.263039 ], [ -55.687467, -21.25269 ], [ -55.712696, -21.257186 ], [ -55.695178, -21.249524 ], [ -55.696906, -21.244374 ], [ -55.688695, -21.245676 ], [ -55.691621, -21.239092 ], [ -55.679337, -21.240256 ], [ -55.677187, -21.252092 ], [ -55.675356, -21.24331 ], [ -55.669087, -21.242057 ], [ -55.66721, -21.236699 ], [ -55.679808, -21.233776 ], [ -55.675142, -21.224521 ], [ -55.694454, -21.22636 ], [ -55.679168, -21.21996 ], [ -55.694166, -21.212342 ], [ -55.679029, -21.214115 ], [ -55.673931, -21.218915 ], [ -55.670544, -21.218388 ], [ -55.672045, -21.211748 ], [ -55.664623, -21.211438 ], [ -55.677265, -21.197603 ], [ -55.683048, -21.198693 ], [ -55.687438, -21.197023 ], [ -55.685248, -21.19394 ], [ -55.680981, -21.19737 ], [ -55.675557, -21.191165 ], [ -55.674112, -21.200323 ], [ -55.665324, -21.19777 ], [ -55.658638, -21.209041 ], [ -55.651169, -21.209629 ], [ -55.661409, -21.226037 ], [ -55.649344, -21.220883 ], [ -55.651767, -21.230233 ], [ -55.644299, -21.235631 ], [ -55.643686, -21.225071 ], [ -55.637622, -21.221565 ], [ -55.639809, -21.226986 ], [ -55.631524, -21.235279 ], [ -55.63005, -21.244034 ] ] ] } },
{ "type": "Feature", "properties": { "CD_MUN": "5005681", "NM_MUN": "Mundo Novo", "SIGLA_UF": "MS", "AREA_KM2": 478.38 }, "geometry": { "type": "Polygon", "coordinates": [ [ [ -54.289331, -24.068371 ], [ -54.227283, -24.043252 ], [ -54.174687, -24.001973 ], [ -54.140256, -23.988403 ], [ -54.117548, -23.971329 ], [ -54.101765, -23.951963 ], [ -54.080458, -23.891253 ], [ -54.083986, -23.864985 ], [ -54.092853, -23.870806 ], [ -54.115335, -23.903663 ], [ -54.154105, -23.925991 ], [ -54.15984, -23.923003 ], [ -54.169466, -23.927879 ], [ -54.180491, -23.925061 ], [ -54.185164, -23.928277 ], [ -54.189001, -23.926509 ], [ -54.184517, -23.922042 ], [ -54.189917, -23.915008 ], [ -54.193104, -23.924173 ], [ -54.196763, -23.914524 ], [ -54.198729, -23.920199 ], [ -54.207418, -23.924086 ], [ -54.21026, -23.92181 ], [ -54.205159, -23.915784 ], [ -54.212435, -23.911761 ], [ -54.214294, -23.919625 ], [ -54.221435, -23.911008 ], [ -54.22381, -23.91591 ], [ -54.228587, -23.915437 ], [ -54.225604, -23.908774 ], [ -54.23138, -23.909416 ], [ -54.244519, -23.895515 ], [ -54.252773, -23.894997 ], [ -54.273812, -23.860334 ], [ -54.300106, -23.846663 ], [ -54.304553, -23.836634 ], [ -54.3092, -23.840896 ], [ -54.315341, -23.834272 ], [ -54.322406, -23.839618 ], [ -54.334877, -23.83721 ], [ -54.343061, -23.826774 ], [ -54.349489, -23.830621 ], [ -54.36092, -23.818826 ], [ -54.390065, -23.813946 ], [ -54.419663, -23.85185 ], [ -54.406542, -23.859892 ], [ -54.40057, -23.879471 ], [ -54.369593, -23.885757 ], [ -54.362102, -23.905629 ], [ -54.382721, -23.907634 ], [ -54.397101, -23.920756 ], [ -54.42683, -23.93109 ], [ -54.416538, -23.946122 ], [ -54.414701, -23.95811 ], [ -54.394308, -23.965256 ], [ -54.383789, -23.986786 ], [ -54.369933, -23.992017 ], [ -54.351957, -24.007673 ], [ -54.346301, -24.001391 ], [ -54.337917, -24.001563 ], [ -54.335728, -24.006025 ], [ -54.324188, -24.003822 ], [ -54.318854, -24.010508 ], [ -54.321631, -24.024543 ], [ -54.309959, -24.046315 ], [ -54.289331, -24.068371 ] ] ] } },
{ "type": "Feature", "properties": { "CD_MUN": "5005707", "NM_MUN": "Naviraí", "SIGLA_UF": "MS", "AREA_KM2": 3189.667 }, "geometry": { "type": "Polygon", "coordinates": [ [ [ -53.959972, -23.443442 ], [ -53.932055, -23.445949 ], [ -53.816022, -23.385645 ], [ -53.775488, -23.375131 ], [ -53.734121, -23.325336 ], [ -53.705597, -23.263252 ], [ -53.693555, -23.221391 ], [ -53.668, -23.18235 ], [ -53.654755, -23.14416 ], [ -53.636589, -23.125031 ], [ -53.629896, -23.013505 ], [ -53.634002, -23.003385 ], [ -53.640697, -23.004397 ], [ -53.646921, -22.989325 ], [ -53.66061, -22.979709 ], [ -53.65877, -22.965738 ], [ -53.673082, -22.962952 ], [ -53.69646, -22.93542 ], [ -53.705242, -22.931941 ], [ -53.719623, -22.936907 ], [ -53.732177, -22.934287 ], [ -53.746223, -22.92466 ], [ -53.751908, -22.90959 ], [ -53.763339, -22.901213 ], [ -53.784452, -22.89638 ], [ -53.793618, -22.899606 ], [ -53.824837, -22.898366 ], [ -53.870449, -22.875588 ], [ -53.926215, -22.869951 ], [ -53.943394, -22.861154 ], [ -53.949475, -22.850492 ], [ -53.964208, -22.839656 ], [ -53.979011, -22.835041 ], [ -53.983806, -22.819338 ], [ -54.002637, -22.808328 ], [ -54.007267, -22.795787 ], [ -54.025991, -22.78402 ], [ -54.072397, -22.769714 ], [ -54.091878, -22.757472 ], [ -54.103558, -22.759833 ], [ -54.12755, -22.775652 ], [ -54.144173, -22.777298 ], [ -54.167228, -22.763661 ], [ -54.173688, -22.76885 ], [ -54.425881, -22.821604 ], [ -54.427505, -22.832547 ], [ -54.4189, -22.848141 ], [ -54.416346, -22.864925 ], [ -54.43058, -22.885823 ], [ -54.428123, -22.923291 ], [ -54.433304, -22.930715 ], [ -54.432112, -22.958435 ], [ -54.443587, -22.976175 ], [ -54.447417, -22.997362 ], [ -54.467515, -23.040874 ], [ -54.4502, -23.048488 ], [ -54.44842, -23.051828 ], [ -54.453342, -23.054365 ], [ -54.44761, -23.059052 ], [ -54.427493, -23.057035 ], [ -54.431797, -23.079131 ], [ -54.424017, -23.068228 ], [ -54.424797, -23.083764 ], [ -54.413293, -23.083655 ], [ -54.409263, -23.089695 ], [ -54.405999, -23.085555 ], [ -54.395808, -23.089479 ], [ -54.387178, -23.085705 ], [ -54.37855, -23.094995 ], [ -54.362577, -23.092995 ], [ -54.355638, -23.100328 ], [ -54.347069, -23.093002 ], [ -54.34453, -23.099547 ], [ -54.327309, -23.103622 ], [ -54.323648, -23.098604 ], [ -54.330115, -23.100089 ], [ -54.331517, -23.096111 ], [ -54.318704, -23.091244 ], [ -54.307106, -23.102415 ], [ -54.285656, -23.101573 ], [ -54.284834, -23.110978 ], [ -54.259721, -23.13092 ], [ -54.22828, -23.130029 ], [ -54.222976, -23.138015 ], [ -54.225065, -23.146321 ], [ -54.218038, -23.14579 ], [ -54.216685, -23.140407 ], [ -54.208046, -23.140014 ], [ -54.204478, -23.144408 ], [ -54.204418, -23.139022 ], [ -54.192503, -23.132072 ], [ -54.183615, -23.136005 ], [ -54.179456, -23.146141 ], [ -54.185038, -23.162293 ], [ -54.180451, -23.168802 ], [ -54.163265, -23.166172 ], [ -54.154979, -23.171333 ], [ -54.142181, -23.169374 ], [ -54.134846, -23.174945 ], [ -54.114794, -23.165642 ], [ -54.110884, -23.157089 ], [ -54.119417, -23.155917 ], [ -54.116876, -23.160124 ], [ -54.121961, -23.161915 ], [ -54.121856, -23.153825 ], [ -54.105903, -23.147475 ], [ -54.103923, -23.152346 ], [ -54.091711, -23.148627 ], [ -54.092047, -23.140006 ], [ -54.08612, -23.140628 ], [ -54.084945, -23.134058 ], [ -54.057148, -23.136193 ], [ -54.051632, -23.142155 ], [ -54.029291, -23.145674 ], [ -54.002054, -23.157523 ], [ -53.983435, -23.158263 ], [ -53.97297, -23.164499 ], [ -53.967225, -23.159961 ], [ -53.959086, -23.168005 ], [ -53.947211, -23.168148 ], [ -53.946158, -23.176927 ], [ -53.93949, -23.182443 ], [ -53.934217, -23.180711 ], [ -53.9324, -23.186063 ], [ -53.909183, -23.185442 ], [ -53.911272, -23.189753 ], [ -53.906964, -23.192584 ], [ -53.896909, -23.187336 ], [ -53.892338, -23.191291 ], [ -53.898956, -23.197956 ], [ -53.875653, -23.205598 ], [ -53.871192, -23.203353 ], [ -53.854693, -23.217733 ], [ -53.858318, -23.227804 ], [ -53.847606, -23.243755 ], [ -53.85273, -23.242669 ], [ -53.850339, -23.253587 ], [ -53.844252, -23.253414 ], [ -53.84706, -23.257976 ], [ -53.84069, -23.258099 ], [ -53.839915, -23.26181 ], [ -53.833374, -23.259936 ], [ -53.829593, -23.270938 ], [ -53.836378, -23.277775 ], [ -53.827078, -23.283342 ], [ -53.832243, -23.287786 ], [ -53.82416, -23.290507 ], [ -53.829752, -23.296513 ], [ -53.827266, -23.306462 ], [ -53.835793, -23.305848 ], [ -53.842469, -23.317965 ], [ -53.839157, -23.328207 ], [ -53.830374, -23.326511 ], [ -53.829666, -23.330658 ], [ -53.847346, -23.329134 ], [ -53.8525, -23.336717 ], [ -53.849992, -23.34444 ], [ -53.857688, -23.339805 ], [ -53.868118, -23.353352 ], [ -53.874022, -23.351396 ], [ -53.878566, -23.358248 ], [ -53.883471, -23.357404 ], [ -53.881805, -23.366789 ], [ -53.907432, -23.398035 ], [ -53.959972, -23.443442 ] ] ] } },
{ "type": "Feature", "properties": { "CD_MUN": "5005004", "NM_MUN": "Jardim", "SIGLA_UF": "MS", "AREA_KM2": 2130.068 }, "geometry": { "type": "Polygon", "coordinates": [ [ [ -56.088579, -21.68854 ], [ -56.095112, -21.672092 ], [ -56.093141, -21.660674 ], [ -56.099509, -21.653558 ], [ -56.10658, -21.652529 ], [ -56.105276, -21.646588 ], [ -56.112267, -21.644305 ], [ -56.115006, -21.628197 ], [ -56.124461, -21.628635 ], [ -56.120975, -21.618833 ], [ -56.12565, -21.610478 ], [ -56.119158, -21.606959 ], [ -56.126178, -21.607378 ], [ -56.12787, -21.603183 ], [ -56.118235, -21.599965 ], [ -56.116496, -21.590607 ], [ -56.124994, -21.590856 ], [ -56.125134, -21.580819 ], [ -56.13473, -21.581466 ], [ -56.128386, -21.564984 ], [ -56.124366, -21.565648 ], [ -56.116643, -21.551346 ], [ -56.110938, -21.550249 ], [ -56.111249, -21.544894 ], [ -56.105828, -21.545089 ], [ -56.103702, -21.540635 ], [ -56.109788, -21.532342 ], [ -56.106127, -21.528356 ], [ -56.109886, -21.52005 ], [ -56.119943, -21.515742 ], [ -56.112123, -21.505015 ], [ -56.121255, -21.48579 ], [ -56.119968, -21.47016 ], [ -56.135262, -21.461001 ], [ -56.14298, -21.460928 ], [ -56.144708, -21.44612 ], [ -56.155005, -21.442663 ], [ -56.160903, -21.434384 ], [ -56.185573, -21.441122 ], [ -56.197096, -21.431765 ], [ -56.193076, -21.41851 ], [ -56.196282, -21.407012 ], [ -56.202407, -21.405257 ], [ -56.203877, -21.397378 ], [ -56.210316, -21.395979 ], [ -56.21731, -21.383089 ], [ -56.217264, -21.377293 ], [ -56.210017, -21.373197 ], [ -56.214105, -21.366638 ], [ -56.206372, -21.36316 ], [ -56.212315, -21.355218 ], [ -56.203236, -21.354997 ], [ -56.20623, -21.348515 ], [ -56.202281, -21.343945 ], [ -56.211631, -21.340891 ], [ -56.208844, -21.330151 ], [ -56.218492, -21.323629 ], [ -56.211448, -21.311598 ], [ -56.212239, -21.301627 ], [ -56.227294, -21.291091 ], [ -56.232154, -21.29244 ], [ -56.229526, -21.306238 ], [ -56.234561, -21.311384 ], [ -56.230143, -21.310231 ], [ -56.232241, -21.321089 ], [ -56.227677, -21.323833 ], [ -56.234312, -21.326767 ], [ -56.235603, -21.339059 ], [ -56.24373, -21.337971 ], [ -56.250952, -21.343162 ], [ -56.249256, -21.352541 ], [ -56.258528, -21.355552 ], [ -56.259521, -21.360981 ], [ -56.265676, -21.355147 ], [ -56.270684, -21.357361 ], [ -56.274284, -21.351806 ], [ -56.29012, -21.352183 ], [ -56.288659, -21.360704 ], [ -56.294224, -21.365813 ], [ -56.290929, -21.374726 ], [ -56.295468, -21.377846 ], [ -56.291574, -21.386041 ], [ -56.296169, -21.393393 ], [ -56.289726, -21.39584 ], [ -56.290233, -21.403826 ], [ -56.304699, -21.412357 ], [ -56.305747, -21.417773 ], [ -56.31419, -21.414333 ], [ -56.330967, -21.416428 ], [ -56.333168, -21.411174 ], [ -56.338283, -21.4112 ], [ -56.340141, -21.414981 ], [ -56.358713, -21.419845 ], [ -56.369917, -21.411814 ], [ -56.386221, -21.42097 ], [ -56.392082, -21.41775 ], [ -56.406496, -21.427937 ], [ -56.411274, -21.426411 ], [ -56.416908, -21.433376 ], [ -56.439141, -21.434799 ], [ -56.450413, -21.424692 ], [ -56.457849, -21.433997 ], [ -56.486, -21.440455 ], [ -56.504847, -21.43956 ], [ -56.520214, -21.433321 ], [ -56.531692, -21.436899 ], [ -56.542399, -21.42686 ], [ -56.551321, -21.428156 ], [ -56.559019, -21.423714 ], [ -56.564232, -21.424132 ], [ -56.569395, -21.43184 ], [ -56.588839, -21.429877 ], [ -56.618345, -21.440989 ], [ -56.646308, -21.437244 ], [ -56.656946, -21.429446 ], [ -56.789037, -21.447472 ], [ -56.793464, -21.453399 ], [ -56.796538, -21.44817 ], [ -56.809913, -21.458545 ], [ -56.809965, -21.467339 ], [ -56.804249, -21.468879 ], [ -56.802989, -21.477427 ], [ -56.812875, -21.476897 ], [ -56.808218, -21.480699 ], [ -56.816, -21.489539 ], [ -56.824248, -21.479455 ], [ -56.821375, -21.475633 ], [ -56.831942, -21.473603 ], [ -56.829946, -21.465971 ], [ -56.843518, -21.465367 ], [ -56.84537, -21.46199 ], [ -56.852594, -21.468638 ], [ -56.849807, -21.462885 ], [ -56.852809, -21.461244 ], [ -56.864053, -21.469411 ], [ -56.860547, -21.479634 ], [ -56.866016, -21.477703 ], [ -56.867189, -21.484307 ], [ -56.872622, -21.483165 ], [ -56.878063, -21.493791 ], [ -56.881835, -21.493745 ], [ -56.878497, -21.496286 ], [ -56.880501, -21.503015 ], [ -56.892202, -21.505911 ], [ -56.894033, -21.514574 ], [ -56.9073, -21.514022 ], [ -56.907578, -21.519972 ], [ -56.899772, -21.522697 ], [ -56.910048, -21.525045 ], [ -56.921516, -21.537956 ], [ -56.931788, -21.538503 ], [ -56.924141, -21.553694 ], [ -56.936767, -21.55658 ], [ -56.939879, -21.565554 ], [ -56.933452, -21.574887 ], [ -56.942642, -21.579795 ], [ -56.941553, -21.593548 ], [ -56.935038, -21.595203 ], [ -56.930584, -21.590613 ], [ -56.922389, -21.595283 ], [ -56.916767, -21.587369 ], [ -56.921497, -21.58497 ], [ -56.915328, -21.581298 ], [ -56.905101, -21.582924 ], [ -56.893274, -21.576923 ], [ -56.893858, -21.57231 ], [ -56.863546, -21.570132 ], [ -56.852361, -21.560651 ], [ -56.82982, -21.570644 ], [ -56.778064, -21.561357 ], [ -56.763697, -21.551196 ], [ -56.714273, -21.543108 ], [ -56.703427, -21.544322 ], [ -56.670811, -21.584437 ], [ -56.661222, -21.589446 ], [ -56.633138, -21.560597 ], [ -56.540021, -21.527296 ], [ -56.528078, -21.557461 ], [ -56.52306, -21.606784 ], [ -56.494982, -21.623984 ], [ -56.496687, -21.628213 ], [ -56.459105, -21.634214 ], [ -56.452456, -21.627797 ], [ -56.440062, -21.638071 ], [ -56.407903, -21.635964 ], [ -56.401692, -21.640875 ], [ -56.39231, -21.631402 ], [ -56.364396, -21.626344 ], [ -56.321436, -21.654723 ], [ -56.282349, -21.665184 ], [ -56.277385, -21.671157 ], [ -56.281629, -21.685734 ], [ -56.277973, -21.686727 ], [ -56.2511, -21.78136 ], [ -56.204244, -21.780486 ], [ -56.173707, -21.796058 ], [ -56.158797, -21.810412 ], [ -56.151198, -21.826763 ], [ -56.151231, -21.867419 ], [ -56.145947, -21.873419 ], [ -56.136815, -21.877253 ], [ -56.11286, -21.871578 ], [ -56.085679, -21.895353 ], [ -56.076167, -21.89606 ], [ -56.072021, -21.888655 ], [ -56.063155, -21.884823 ], [ -56.060983, -21.888697 ], [ -56.067087, -21.896507 ], [ -56.054968, -21.896832 ], [ -56.057091, -21.90933 ], [ -56.052722, -21.915285 ], [ -56.044145, -21.914098 ], [ -56.041942, -21.919145 ], [ -56.040042, -21.91534 ], [ -56.047306, -21.903245 ], [ -56.040859, -21.894952 ], [ -56.044427, -21.884318 ], [ -56.027348, -21.88215 ], [ -56.024758, -21.886204 ], [ -56.030899, -21.895552 ], [ -56.013676, -21.893962 ], [ -56.019113, -21.903946 ], [ -56.025168, -21.905717 ], [ -56.019537, -21.907914 ], [ -56.022133, -21.92236 ], [ -56.009631, -21.903215 ], [ -56.010452, -21.910403 ], [ -55.997758, -21.908427 ], [ -55.990011, -21.91422 ], [ -55.991671, -21.926861 ], [ -55.981304, -21.922558 ], [ -55.977835, -21.927737 ], [ -55.979508, -21.921125 ], [ -55.988113, -21.91834 ], [ -55.977899, -21.913904 ], [ -55.983022, -21.910261 ], [ -55.979706, -21.904679 ], [ -56.002397, -21.904359 ], [ -55.998374, -21.895882 ], [ -55.988287, -21.894084 ], [ -55.995787, -21.890624 ], [ -55.993871, -21.885806 ], [ -56.012082, -21.87763 ], [ -56.00209, -21.871329 ], [ -55.980954, -21.87882 ], [ -55.983639, -21.869751 ], [ -55.97876, -21.861802 ], [ -55.98713, -21.866596 ], [ -55.994902, -21.86598 ], [ -55.994606, -21.860309 ], [ -56.011852, -21.865239 ], [ -56.014076, -21.862334 ], [ -56.003812, -21.855188 ], [ -56.003598, -21.845535 ], [ -56.014684, -21.846658 ], [ -56.013821, -21.841526 ], [ -56.027637, -21.845649 ], [ -56.028045, -21.841564 ], [ -56.033529, -21.840848 ], [ -56.032786, -21.832861 ], [ -56.028627, -21.836775 ], [ -56.004937, -21.83416 ], [ -56.009604, -21.83083 ], [ -56.008299, -21.818039 ], [ -56.015195, -21.823649 ], [ -56.020895, -21.822112 ], [ -56.015175, -21.813432 ], [ -56.01921, -21.809511 ], [ -56.010648, -21.803126 ], [ -56.012729, -21.797324 ], [ -56.019304, -21.795203 ], [ -56.022083, -21.783603 ], [ -56.008449, -21.782874 ], [ -56.015019, -21.792299 ], [ -56.00399, -21.80289 ], [ -56.009801, -21.81181 ], [ -55.999845, -21.812188 ], [ -55.997434, -21.817681 ], [ -55.989309, -21.816449 ], [ -55.994913, -21.826018 ], [ -55.992381, -21.83817 ], [ -55.985394, -21.83344 ], [ -55.987184, -21.840689 ], [ -55.982662, -21.844966 ], [ -55.973256, -21.833098 ], [ -55.964283, -21.856992 ], [ -55.963565, -21.830534 ], [ -55.967696, -21.829655 ], [ -55.96858, -21.82232 ], [ -55.964795, -21.818944 ], [ -55.961839, -21.822903 ], [ -55.957797, -21.820544 ], [ -55.9567, -21.831018 ], [ -55.952284, -21.828903 ], [ -55.947788, -21.833485 ], [ -55.951817, -21.843982 ], [ -55.945541, -21.844936 ], [ -55.949705, -21.853621 ], [ -55.93667, -21.84732 ], [ -55.937796, -21.857205 ], [ -55.924125, -21.859634 ], [ -55.927882, -21.866155 ], [ -55.922067, -21.858682 ], [ -55.93388, -21.8525 ], [ -55.924733, -21.844234 ], [ -55.915862, -21.845619 ], [ -55.934143, -21.838303 ], [ -55.921973, -21.830929 ], [ -55.935836, -21.826817 ], [ -55.933984, -21.821507 ], [ -55.917795, -21.821552 ], [ -55.917417, -21.81627 ], [ -55.905331, -21.821334 ], [ -55.907697, -21.812659 ], [ -55.901985, -21.809819 ], [ -55.897556, -21.813381 ], [ -55.894124, -21.811486 ], [ -55.901566, -21.807417 ], [ -55.911962, -21.815843 ], [ -55.919588, -21.812369 ], [ -55.925575, -21.816699 ], [ -55.936335, -21.813823 ], [ -55.945539, -21.81833 ], [ -55.951848, -21.812432 ], [ -55.960406, -21.816284 ], [ -55.972641, -21.813491 ], [ -55.977074, -21.808149 ], [ -55.987051, -21.808495 ], [ -55.991609, -21.803619 ], [ -55.980852, -21.794762 ], [ -55.979412, -21.789591 ], [ -55.985311, -21.785556 ], [ -55.980374, -21.781272 ], [ -55.985687, -21.777033 ], [ -55.985865, -21.76829 ], [ -55.999175, -21.760333 ], [ -56.004612, -21.748761 ], [ -56.010634, -21.748669 ], [ -56.015205, -21.731908 ], [ -56.023536, -21.73069 ], [ -56.026282, -21.720896 ], [ -56.037006, -21.719579 ], [ -56.040831, -21.722977 ], [ -56.042117, -21.71576 ], [ -56.048784, -21.712275 ], [ -56.042, -21.708272 ], [ -56.042653, -21.703827 ], [ -56.048218, -21.703942 ], [ -56.048921, -21.69239 ], [ -56.070569, -21.685922 ], [ -56.088579, -21.68854 ] ] ] } },
{ "type": "Feature", "properties": { "CD_MUN": "5005103", "NM_MUN": "Jateí", "SIGLA_UF": "MS", "AREA_KM2": 1933.316 }, "geometry": { "type": "Polygon", "coordinates": [ [ [ -53.680079, -22.714634 ], [ -53.701362, -22.712044 ], [ -53.708537, -22.718911 ], [ -53.711033, -22.714671 ], [ -53.746023, -22.723121 ], [ -53.760677, -22.731711 ], [ -53.762509, -22.728174 ], [ -53.777331, -22.731844 ], [ -53.778041, -22.727669 ], [ -53.788688, -22.72804 ], [ -53.80387, -22.713864 ], [ -53.831128, -22.708708 ], [ -53.832056, -22.704092 ], [ -53.858426, -22.693629 ], [ -53.863895, -22.685463 ], [ -53.870426, -22.688294 ], [ -53.871834, -22.683006 ], [ -53.878633, -22.684853 ], [ -53.913412, -22.662185 ], [ -53.925427, -22.663067 ], [ -53.959131, -22.60881 ], [ -53.979237, -22.595642 ], [ -53.983414, -22.574667 ], [ -53.993469, -22.567688 ], [ -54.002607, -22.567896 ], [ -54.027789, -22.543924 ], [ -54.039184, -22.547424 ], [ -54.050913, -22.544645 ], [ -54.067346, -22.559611 ], [ -54.088169, -22.55918 ], [ -54.102869, -22.567169 ], [ -54.110186, -22.563257 ], [ -54.114624, -22.534088 ], [ -54.348223, -22.442917 ], [ -54.430374, -22.625981 ], [ -54.406926, -22.634796 ], [ -54.388701, -22.631708 ], [ -54.369875, -22.615926 ], [ -54.354202, -22.610388 ], [ -54.325994, -22.584695 ], [ -54.227468, -22.710515 ], [ -54.192482, -22.722474 ], [ -54.168302, -22.712163 ], [ -54.141753, -22.713374 ], [ -54.125487, -22.723118 ], [ -54.089953, -22.760358 ], [ -54.056334, -22.77632 ], [ -54.049705, -22.775101 ], [ -54.024936, -22.784471 ], [ -54.007267, -22.795787 ], [ -54.002637, -22.808328 ], [ -53.983806, -22.819338 ], [ -53.979011, -22.835041 ], [ -53.956185, -22.845213 ], [ -53.941305, -22.862579 ], [ -53.926168, -22.869965 ], [ -53.897108, -22.875407 ], [ -53.870328, -22.875622 ], [ -53.824837, -22.898366 ], [ -53.793618, -22.899606 ], [ -53.784452, -22.89638 ], [ -53.763339, -22.901213 ], [ -53.751908, -22.90959 ], [ -53.746223, -22.92466 ], [ -53.732077, -22.93434 ], [ -53.719623, -22.936907 ], [ -53.705181, -22.931946 ], [ -53.689142, -22.940442 ], [ -53.673082, -22.962952 ], [ -53.66003, -22.964068 ], [ -53.660665, -22.979586 ], [ -53.656451, -22.98142 ], [ -53.649191, -22.956862 ], [ -53.651598, -22.918686 ], [ -53.622398, -22.901998 ], [ -53.612508, -22.859925 ], [ -53.587594, -22.84194 ], [ -53.568341, -22.835312 ], [ -53.560001, -22.810308 ], [ -53.525375, -22.793874 ], [ -53.506197, -22.763168 ], [ -53.491724, -22.762891 ], [ -53.486995, -22.756535 ], [ -53.488782, -22.748287 ], [ -53.495402, -22.746473 ], [ -53.525004, -22.755859 ], [ -53.519473, -22.743605 ], [ -53.524998, -22.736347 ], [ -53.534913, -22.744067 ], [ -53.540863, -22.743667 ], [ -53.54209, -22.735975 ], [ -53.53488, -22.718352 ], [ -53.547763, -22.710503 ], [ -53.546169, -22.691875 ], [ -53.561581, -22.68169 ], [ -53.560654, -22.666119 ], [ -53.565789, -22.670245 ], [ -53.568588, -22.666641 ], [ -53.584189, -22.668089 ], [ -53.595808, -22.662584 ], [ -53.618579, -22.682401 ], [ -53.62285, -22.69689 ], [ -53.639868, -22.699379 ], [ -53.649301, -22.708858 ], [ -53.655667, -22.702868 ], [ -53.680079, -22.714634 ] ] ] } },
{ "type": "Feature", "properties": { "CD_MUN": "5004908", "NM_MUN": "Jaraguari", "SIGLA_UF": "MS", "AREA_KM2": 2913.558 }, "geometry": { "type": "Polygon", "coordinates": [ [ [ -54.299971, -20.483447 ], [ -54.294071, -20.494009 ], [ -54.277493, -20.490431 ], [ -54.262633, -20.496326 ], [ -54.246789, -20.491036 ], [ -54.24413, -20.494535 ], [ -54.240721, -20.486322 ], [ -54.233811, -20.487178 ], [ -54.232909, -20.483618 ], [ -54.221827, -20.487134 ], [ -54.219083, -20.476855 ], [ -54.218022, -20.481698 ], [ -54.211225, -20.481895 ], [ -54.209849, -20.476722 ], [ -54.202891, -20.47953 ], [ -54.183451, -20.460881 ], [ -54.178255, -20.465483 ], [ -54.17282, -20.45695 ], [ -54.170435, -20.460781 ], [ -54.168162, -20.454557 ], [ -54.161137, -20.455352 ], [ -54.156494, -20.445579 ], [ -54.149707, -20.451996 ], [ -54.145983, -20.448078 ], [ -54.141286, -20.456804 ], [ -54.128388, -20.446909 ], [ -54.128403, -20.44269 ], [ -54.120571, -20.446315 ], [ -54.114005, -20.443872 ], [ -54.121086, -20.439322 ], [ -54.119081, -20.436719 ], [ -54.103688, -20.43895 ], [ -54.096014, -20.430485 ], [ -54.089806, -20.436501 ], [ -54.082049, -20.435024 ], [ -54.078166, -20.426246 ], [ -54.059742, -20.428523 ], [ -54.061795, -20.421825 ], [ -54.058051, -20.419738 ], [ -54.051332, -20.420351 ], [ -54.04943, -20.424782 ], [ -54.045194, -20.421387 ], [ -54.039221, -20.423442 ], [ -54.039292, -20.417284 ], [ -54.032459, -20.414979 ], [ -54.035107, -20.412513 ], [ -54.026787, -20.413729 ], [ -54.030495, -20.40811 ], [ -54.025808, -20.402006 ], [ -54.022553, -20.411463 ], [ -54.017348, -20.407819 ], [ -54.009442, -20.409514 ], [ -54.008293, -20.393392 ], [ -54.003327, -20.40089 ], [ -53.989298, -20.390937 ], [ -53.983472, -20.397156 ], [ -53.971332, -20.390274 ], [ -53.973347, -20.386754 ], [ -53.96634, -20.381493 ], [ -53.941017, -20.382214 ], [ -53.937107, -20.377808 ], [ -53.924396, -20.377406 ], [ -53.917652, -20.369516 ], [ -53.913134, -20.370259 ], [ -53.914224, -20.374751 ], [ -53.902609, -20.369386 ], [ -53.890416, -20.37466 ], [ -53.883756, -20.363272 ], [ -53.892114, -20.363943 ], [ -53.889611, -20.357695 ], [ -53.898964, -20.35217 ], [ -53.90874, -20.352852 ], [ -53.914947, -20.341382 ], [ -53.929781, -20.343192 ], [ -53.941482, -20.339742 ], [ -53.948046, -20.332003 ], [ -53.956745, -20.32965 ], [ -53.953508, -20.326496 ], [ -53.963264, -20.315866 ], [ -53.979734, -20.315094 ], [ -53.984413, -20.312997 ], [ -53.982157, -20.308424 ], [ -53.988625, -20.309237 ], [ -53.986349, -20.301634 ], [ -53.990561, -20.297922 ], [ -53.981615, -20.291397 ], [ -53.988155, -20.28713 ], [ -53.983113, -20.283342 ], [ -53.984271, -20.276924 ], [ -53.99185, -20.272342 ], [ -53.995594, -20.274689 ], [ -53.996943, -20.260687 ], [ -54.006439, -20.264428 ], [ -54.010802, -20.235875 ], [ -54.015785, -20.240724 ], [ -54.017485, -20.229173 ], [ -54.020558, -20.230981 ], [ -54.024381, -20.222442 ], [ -54.030288, -20.221574 ], [ -54.034642, -20.211831 ], [ -54.038099, -20.209071 ], [ -54.042493, -20.21248 ], [ -54.043865, -20.207081 ], [ -54.049015, -20.208768 ], [ -54.049628, -20.204893 ], [ -54.044826, -20.203926 ], [ -54.046318, -20.196828 ], [ -54.058607, -20.184951 ], [ -54.05877, -20.189823 ], [ -54.066023, -20.177554 ], [ -54.062906, -20.171079 ], [ -54.071954, -20.147836 ], [ -54.069127, -20.146435 ], [ -54.081776, -20.141811 ], [ -54.089127, -20.127916 ], [ -54.11681, -20.10286 ], [ -54.135561, -20.101642 ], [ -54.137428, -20.096654 ], [ -54.150403, -20.098287 ], [ -54.15412, -20.093736 ], [ -54.158892, -20.095653 ], [ -54.158332, -20.09178 ], [ -54.162637, -20.094477 ], [ -54.168621, -20.089137 ], [ -54.172064, -20.090714 ], [ -54.179986, -20.083917 ], [ -54.176952, -20.077615 ], [ -54.187251, -20.067406 ], [ -54.184262, -20.064418 ], [ -54.196214, -20.055554 ], [ -54.203434, -20.056443 ], [ -54.207933, -20.049646 ], [ -54.212678, -20.05068 ], [ -54.215755, -20.044233 ], [ -54.224615, -20.04406 ], [ -54.22547, -20.039472 ], [ -54.238122, -20.036785 ], [ -54.259256, -20.04534 ], [ -54.289341, -20.028068 ], [ -54.319187, -20.033252 ], [ -54.336297, -20.025553 ], [ -54.369732, -20.02336 ], [ -54.407992, -20.032647 ], [ -54.472746, -20.013654 ], [ -54.482844, -20.004403 ], [ -54.500756, -20.000704 ], [ -54.522763, -20.019931 ], [ -54.538973, -20.019199 ], [ -54.54516, -20.009741 ], [ -54.573194, -20.02515 ], [ -54.579557, -20.013245 ], [ -54.598249, -20.018447 ], [ -54.601895, -20.011207 ], [ -54.623827, -20.01373 ], [ -54.642315, -20.00091 ], [ -54.655249, -20.006655 ], [ -54.65873, -20.004192 ], [ -54.663144, -20.010234 ], [ -54.672898, -20.006439 ], [ -54.676117, -20.015226 ], [ -54.682141, -20.01235 ], [ -54.702587, -20.018784 ], [ -54.709905, -20.016052 ], [ -54.721028, -20.029172 ], [ -54.727879, -20.030856 ], [ -54.728775, -20.036423 ], [ -54.735888, -20.0379 ], [ -54.738284, -20.045891 ], [ -54.761333, -20.042826 ], [ -54.781546, -20.172669 ], [ -54.770751, -20.191109 ], [ -54.748782, -20.19368 ], [ -54.741354, -20.201626 ], [ -54.731859, -20.200455 ], [ -54.725158, -20.194247 ], [ -54.71877, -20.203911 ], [ -54.706293, -20.203195 ], [ -54.689589, -20.213534 ], [ -54.676678, -20.215688 ], [ -54.650619, -20.235583 ], [ -54.645118, -20.252366 ], [ -54.628945, -20.252501 ], [ -54.615907, -20.258188 ], [ -54.607305, -20.251194 ], [ -54.534921, -20.274631 ], [ -54.529232, -20.281511 ], [ -54.517351, -20.285055 ], [ -54.513927, -20.305659 ], [ -54.497949, -20.333571 ], [ -54.489687, -20.392367 ], [ -54.444958, -20.397051 ], [ -54.438874, -20.406618 ], [ -54.426013, -20.4107 ], [ -54.418663, -20.421987 ], [ -54.394192, -20.424657 ], [ -54.383049, -20.430808 ], [ -54.374891, -20.438132 ], [ -54.374798, -20.44791 ], [ -54.368492, -20.448145 ], [ -54.364664, -20.460443 ], [ -54.347051, -20.467721 ], [ -54.349595, -20.470081 ], [ -54.345212, -20.473406 ], [ -54.333282, -20.479153 ], [ -54.321972, -20.476638 ], [ -54.299971, -20.483447 ] ] ] } },
{ "type": "Feature", "properties": { "CD_MUN": "5005152", "NM_MUN": "Juti", "SIGLA_UF": "MS", "AREA_KM2": 1569.176 }, "geometry": { "type": "Polygon", "coordinates": [ [ [ -54.433736, -22.959897 ], [ -54.432981, -22.928203 ], [ -54.428142, -22.923802 ], [ -54.43058, -22.885823 ], [ -54.416374, -22.86546 ], [ -54.4189, -22.848141 ], [ -54.427505, -22.832547 ], [ -54.425881, -22.821604 ], [ -54.173688, -22.76885 ], [ -54.167228, -22.763661 ], [ -54.144173, -22.777298 ], [ -54.12755, -22.775652 ], [ -54.092372, -22.75537 ], [ -54.12602, -22.722674 ], [ -54.146204, -22.711775 ], [ -54.168714, -22.712253 ], [ -54.191812, -22.722486 ], [ -54.227468, -22.710515 ], [ -54.325994, -22.584695 ], [ -54.354202, -22.610388 ], [ -54.370222, -22.616179 ], [ -54.377848, -22.625939 ], [ -54.406299, -22.634826 ], [ -54.447234, -22.619887 ], [ -54.477519, -22.632691 ], [ -54.482248, -22.621475 ], [ -54.488953, -22.625208 ], [ -54.496833, -22.621101 ], [ -54.499504, -22.609199 ], [ -54.521764, -22.611415 ], [ -54.536163, -22.606686 ], [ -54.574684, -22.631066 ], [ -54.597949, -22.634152 ], [ -54.648817, -22.633762 ], [ -54.703304, -22.617418 ], [ -54.691164, -22.640732 ], [ -54.683542, -22.670542 ], [ -54.657154, -22.693748 ], [ -54.71372, -22.720233 ], [ -54.724287, -22.751127 ], [ -54.74483, -22.771026 ], [ -54.739758, -22.808902 ], [ -54.744616, -22.825428 ], [ -54.741802, -22.83465 ], [ -54.749647, -22.848424 ], [ -54.736778, -22.865885 ], [ -54.733201, -22.879269 ], [ -54.738166, -22.888067 ], [ -54.730382, -22.888388 ], [ -54.72717, -22.894794 ], [ -54.716192, -22.8918 ], [ -54.700881, -22.895911 ], [ -54.695082, -22.887687 ], [ -54.686831, -22.889724 ], [ -54.668328, -22.906408 ], [ -54.662719, -22.905354 ], [ -54.661346, -22.917459 ], [ -54.647029, -22.915431 ], [ -54.641739, -22.932087 ], [ -54.629019, -22.921572 ], [ -54.613222, -22.93 ], [ -54.594969, -22.949128 ], [ -54.583275, -22.953184 ], [ -54.5824, -22.967064 ], [ -54.574208, -22.972202 ], [ -54.564679, -22.971143 ], [ -54.562124, -22.975207 ], [ -54.556904, -22.971035 ], [ -54.557576, -22.977573 ], [ -54.541879, -22.968651 ], [ -54.532708, -22.969114 ], [ -54.531888, -22.987041 ], [ -54.51674, -22.992268 ], [ -54.522905, -23.000446 ], [ -54.511762, -23.008298 ], [ -54.511059, -23.015217 ], [ -54.503184, -23.015969 ], [ -54.49938, -23.022171 ], [ -54.501862, -23.025913 ], [ -54.490624, -23.030239 ], [ -54.481947, -23.039857 ], [ -54.473814, -23.039772 ], [ -54.474681, -23.050324 ], [ -54.466407, -23.048919 ], [ -54.468259, -23.043518 ], [ -54.47398, -23.043572 ], [ -54.467466, -23.041317 ], [ -54.433736, -22.959897 ] ] ] } },
{ "type": "Feature", "properties": { "CD_MUN": "5005251", "NM_MUN": "Laguna Carapã", "SIGLA_UF": "MS", "AREA_KM2": 1725.78 }, "geometry": { "type": "Polygon", "coordinates": [ [ [ -55.219191, -22.849326 ], [ -55.215349, -22.861937 ], [ -55.206544, -22.856965 ], [ -55.198456, -22.863733 ], [ -55.19685, -22.872697 ], [ -55.191143, -22.870237 ], [ -55.17123, -22.88296 ], [ -55.165779, -22.882426 ], [ -55.161452, -22.89973 ], [ -55.16672, -22.905914 ], [ -55.162679, -22.912326 ], [ -55.159635, -22.910419 ], [ -55.152127, -22.916033 ], [ -55.149852, -22.911694 ], [ -55.147981, -22.915889 ], [ -55.13111, -22.920631 ], [ -55.125213, -22.905373 ], [ -55.116277, -22.904118 ], [ -55.114236, -22.895614 ], [ -55.104643, -22.892515 ], [ -55.096723, -22.903086 ], [ -55.086797, -22.894791 ], [ -55.083341, -22.897921 ], [ -55.077435, -22.894742 ], [ -55.064581, -22.906995 ], [ -55.065126, -22.912116 ], [ -55.073995, -22.912595 ], [ -55.072647, -22.917465 ], [ -55.05633, -22.915419 ], [ -55.047318, -22.926313 ], [ -55.041803, -22.918466 ], [ -55.035386, -22.92575 ], [ -55.019696, -22.910696 ], [ -55.004572, -22.914415 ], [ -54.990894, -22.906245 ], [ -54.989782, -22.913415 ], [ -54.98293, -22.912787 ], [ -54.986358, -22.927095 ], [ -54.979459, -22.9282 ], [ -54.977547, -22.944235 ], [ -54.969675, -22.947642 ], [ -54.951506, -22.936257 ], [ -54.959264, -22.929319 ], [ -54.955489, -22.920241 ], [ -54.951417, -22.926755 ], [ -54.933802, -22.921727 ], [ -54.922981, -22.924713 ], [ -54.921809, -22.915878 ], [ -54.913916, -22.909644 ], [ -54.904673, -22.911096 ], [ -54.906721, -22.893798 ], [ -54.874838, -22.884204 ], [ -54.872847, -22.875798 ], [ -54.866199, -22.883629 ], [ -54.855504, -22.883583 ], [ -54.848661, -22.888464 ], [ -54.844338, -22.885529 ], [ -54.841005, -22.889509 ], [ -54.834281, -22.877639 ], [ -54.828238, -22.882149 ], [ -54.814333, -22.874555 ], [ -54.813707, -22.867456 ], [ -54.818436, -22.866841 ], [ -54.816337, -22.86081 ], [ -54.822906, -22.85667 ], [ -54.820141, -22.848566 ], [ -54.832041, -22.849149 ], [ -54.833619, -22.844922 ], [ -54.839364, -22.845493 ], [ -54.838761, -22.840974 ], [ -54.850247, -22.840064 ], [ -54.848439, -22.832619 ], [ -54.859674, -22.831367 ], [ -54.868069, -22.821412 ], [ -54.877747, -22.822157 ], [ -54.891197, -22.811092 ], [ -54.899801, -22.816596 ], [ -54.905323, -22.815397 ], [ -54.902508, -22.80615 ], [ -54.907368, -22.796734 ], [ -54.915454, -22.801715 ], [ -54.931762, -22.7992 ], [ -54.926003, -22.795346 ], [ -54.930108, -22.790196 ], [ -54.91929, -22.788504 ], [ -54.92081, -22.784063 ], [ -54.928399, -22.783391 ], [ -54.924089, -22.777896 ], [ -54.93366, -22.772381 ], [ -54.929316, -22.767393 ], [ -54.936621, -22.765684 ], [ -54.935019, -22.760079 ], [ -54.944791, -22.763358 ], [ -54.943731, -22.770062 ], [ -54.947873, -22.76344 ], [ -54.957502, -22.766631 ], [ -54.963074, -22.755523 ], [ -54.971004, -22.755738 ], [ -54.964274, -22.733568 ], [ -54.975984, -22.729612 ], [ -54.979097, -22.732889 ], [ -54.98618, -22.7275 ], [ -54.98303, -22.722578 ], [ -54.990783, -22.720193 ], [ -54.987709, -22.713542 ], [ -54.99597, -22.710473 ], [ -55.00014, -22.701551 ], [ -55.022965, -22.698008 ], [ -55.023077, -22.692037 ], [ -55.028662, -22.692058 ], [ -55.029511, -22.684329 ], [ -55.040668, -22.67516 ], [ -55.049359, -22.677071 ], [ -55.055963, -22.671491 ], [ -55.074865, -22.671205 ], [ -55.087765, -22.663846 ], [ -55.090193, -22.657557 ], [ -55.110684, -22.653148 ], [ -55.12675, -22.641249 ], [ -55.127596, -22.606465 ], [ -55.101742, -22.581757 ], [ -55.096522, -22.565263 ], [ -55.097667, -22.547822 ], [ -55.069267, -22.539006 ], [ -55.053819, -22.524156 ], [ -55.047472, -22.503949 ], [ -55.025031, -22.503272 ], [ -55.01328, -22.479252 ], [ -54.994878, -22.465836 ], [ -54.981608, -22.444376 ], [ -54.981964, -22.432856 ], [ -54.965671, -22.39916 ], [ -54.966259, -22.363135 ], [ -54.975084, -22.364017 ], [ -54.98722, -22.357204 ], [ -55.000703, -22.36079 ], [ -55.011863, -22.370082 ], [ -55.018049, -22.365582 ], [ -55.025817, -22.371336 ], [ -55.043842, -22.368904 ], [ -55.048595, -22.387661 ], [ -55.055784, -22.395533 ], [ -55.053915, -22.413028 ], [ -55.090604, -22.425456 ], [ -55.098907, -22.418749 ], [ -55.113595, -22.416323 ], [ -55.115103, -22.40784 ], [ -55.119896, -22.40548 ], [ -55.136073, -22.419593 ], [ -55.142166, -22.416159 ], [ -55.14841, -22.418965 ], [ -55.151993, -22.425587 ], [ -55.158367, -22.425727 ], [ -55.176689, -22.439668 ], [ -55.188552, -22.439012 ], [ -55.193789, -22.445707 ], [ -55.205593, -22.446715 ], [ -55.217359, -22.464703 ], [ -55.232837, -22.469309 ], [ -55.232925, -22.478674 ], [ -55.246632, -22.475535 ], [ -55.24356, -22.484137 ], [ -55.250985, -22.482334 ], [ -55.252751, -22.474555 ], [ -55.272689, -22.485624 ], [ -55.278525, -22.481446 ], [ -55.283283, -22.487776 ], [ -55.295652, -22.484483 ], [ -55.293348, -22.493999 ], [ -55.297862, -22.491781 ], [ -55.307705, -22.499311 ], [ -55.324207, -22.482974 ], [ -55.349932, -22.486638 ], [ -55.339059, -22.508628 ], [ -55.368817, -22.525484 ], [ -55.366646, -22.529578 ], [ -55.352722, -22.524999 ], [ -55.346282, -22.54111 ], [ -55.361956, -22.553026 ], [ -55.364844, -22.561031 ], [ -55.355013, -22.596161 ], [ -55.358975, -22.596966 ], [ -55.361256, -22.640051 ], [ -55.368174, -22.65287 ], [ -55.355582, -22.656992 ], [ -55.348723, -22.673646 ], [ -55.353698, -22.679514 ], [ -55.357707, -22.701566 ], [ -55.350848, -22.70863 ], [ -55.353852, -22.715356 ], [ -55.339118, -22.715665 ], [ -55.345282, -22.722423 ], [ -55.343136, -22.727134 ], [ -55.320089, -22.724581 ], [ -55.320946, -22.729994 ], [ -55.317245, -22.730884 ], [ -55.31093, -22.724926 ], [ -55.311921, -22.731239 ], [ -55.306599, -22.738047 ], [ -55.309412, -22.754709 ], [ -55.301266, -22.761406 ], [ -55.287146, -22.761589 ], [ -55.286177, -22.776234 ], [ -55.277867, -22.776804 ], [ -55.270472, -22.786623 ], [ -55.266357, -22.785286 ], [ -55.270465, -22.791604 ], [ -55.261037, -22.797152 ], [ -55.263651, -22.801671 ], [ -55.255728, -22.811743 ], [ -55.249313, -22.81028 ], [ -55.247689, -22.80465 ], [ -55.234097, -22.805687 ], [ -55.236103, -22.81874 ], [ -55.244938, -22.826752 ], [ -55.235342, -22.838866 ], [ -55.237025, -22.84347 ], [ -55.219191, -22.849326 ] ] ] } },
{ "type": "Feature", "properties": { "CD_MUN": "5005202", "NM_MUN": "Ladário", "SIGLA_UF": "MS", "AREA_KM2": 354.255 }, "geometry": { "type": "Polygon", "coordinates": [ [ [ -57.677624, -19.137433 ], [ -57.667336, -19.167356 ], [ -57.607943, -19.185695 ], [ -57.597958, -19.200554 ], [ -57.588532, -19.199079 ], [ -57.579907, -19.19101 ], [ -57.55483, -19.195144 ], [ -57.549153, -19.206308 ], [ -57.529408, -19.219485 ], [ -57.507614, -19.209825 ], [ -57.503239, -19.122108 ], [ -57.492332, -19.095452 ], [ -57.459594, -19.060507 ], [ -57.457977, -19.050091 ], [ -57.466179, -19.027485 ], [ -57.484501, -19.020437 ], [ -57.510272, -19.019329 ], [ -57.525213, -19.009072 ], [ -57.551031, -19.016285 ], [ -57.581674, -19.002121 ], [ -57.614166, -18.999446 ], [ -57.620194, -19.023064 ], [ -57.624636, -19.022644 ], [ -57.632558, -19.032072 ], [ -57.63123, -19.056926 ], [ -57.640259, -19.060515 ], [ -57.639808, -19.083781 ], [ -57.661328, -19.08794 ], [ -57.664401, -19.109807 ], [ -57.675179, -19.124401 ], [ -57.677624, -19.137433 ] ] ] } },
{ "type": "Feature", "properties": { "CD_MUN": "5004502", "NM_MUN": "Itaporã", "SIGLA_UF": "MS", "AREA_KM2": 1342.389 }, "geometry": { "type": "Polygon", "coordinates": [ [ [ -54.838434, -22.177579 ], [ -54.836764, -22.17106 ], [ -54.828665, -22.174362 ], [ -54.767952, -22.136631 ], [ -54.741324, -22.110948 ], [ -54.718758, -22.098044 ], [ -54.706473, -22.097667 ], [ -54.697659, -22.086484 ], [ -54.695074, -22.073407 ], [ -54.671053, -22.056009 ], [ -54.66139, -22.038583 ], [ -54.663842, -22.020456 ], [ -54.659705, -22.008955 ], [ -54.625684, -21.94249 ], [ -54.62724, -21.921279 ], [ -54.632388, -21.920856 ], [ -54.631148, -21.915841 ], [ -54.637917, -21.915948 ], [ -54.649089, -21.933791 ], [ -54.662207, -21.924669 ], [ -54.665756, -21.937276 ], [ -54.656421, -21.939892 ], [ -54.664139, -21.940614 ], [ -54.666804, -21.945005 ], [ -54.684604, -21.944437 ], [ -54.685184, -21.930358 ], [ -54.699678, -21.916458 ], [ -54.673936, -21.899651 ], [ -54.690827, -21.894663 ], [ -54.686175, -21.88641 ], [ -54.689086, -21.864144 ], [ -54.714656, -21.878183 ], [ -54.732669, -21.879213 ], [ -54.743892, -21.897014 ], [ -54.761989, -21.905248 ], [ -54.769689, -21.898085 ], [ -54.772498, -21.873687 ], [ -54.778762, -21.866891 ], [ -54.786027, -21.867604 ], [ -54.787493, -21.856405 ], [ -54.782067, -21.849762 ], [ -54.794739, -21.827178 ], [ -54.805891, -21.827495 ], [ -54.812823, -21.836475 ], [ -54.829588, -21.831531 ], [ -54.847365, -21.845532 ], [ -54.864491, -21.833044 ], [ -54.86393, -21.829198 ], [ -54.870401, -21.831204 ], [ -54.879258, -21.824057 ], [ -54.88893, -21.827832 ], [ -54.922095, -21.824021 ], [ -54.945279, -21.805716 ], [ -54.945642, -21.80888 ], [ -54.96221, -21.809178 ], [ -54.98452, -21.823765 ], [ -54.996766, -21.871615 ], [ -55.010694, -21.886548 ], [ -55.007044, -21.897551 ], [ -55.022326, -21.918149 ], [ -55.008871, -21.938906 ], [ -55.016483, -21.94413 ], [ -55.022854, -21.963613 ], [ -55.080362, -21.982232 ], [ -55.099494, -22.005606 ], [ -55.105452, -22.034555 ], [ -55.097481, -22.058549 ], [ -55.086275, -22.07399 ], [ -55.087908, -22.095619 ], [ -55.095427, -22.110484 ], [ -55.091685, -22.122023 ], [ -55.07057, -22.115991 ], [ -55.051668, -22.103237 ], [ -55.044009, -22.103663 ], [ -55.023099, -22.125286 ], [ -55.017198, -22.141686 ], [ -54.978929, -22.151695 ], [ -54.955718, -22.176994 ], [ -54.924413, -22.191718 ], [ -54.870591, -22.200706 ], [ -54.838434, -22.177579 ] ] ] } },
{ "type": "Feature", "properties": { "CD_MUN": "5004601", "NM_MUN": "Itaquiraí", "SIGLA_UF": "MS", "AREA_KM2": 2063.717 }, "geometry": { "type": "Polygon", "coordinates": [ [ [ -54.274474, -23.564058 ], [ -54.254989, -23.569446 ], [ -54.239201, -23.566301 ], [ -54.210826, -23.574398 ], [ -54.188842, -23.601073 ], [ -54.15276, -23.612333 ], [ -54.141965, -23.626319 ], [ -54.120129, -23.626652 ], [ -54.106493, -23.641357 ], [ -54.097755, -23.637653 ], [ -54.061077, -23.640008 ], [ -54.054867, -23.648955 ], [ -54.063709, -23.663566 ], [ -54.062328, -23.679904 ], [ -54.051122, -23.687171 ], [ -54.044608, -23.668656 ], [ -54.03223, -23.651662 ], [ -54.024018, -23.586078 ], [ -54.008487, -23.549039 ], [ -54.004342, -23.51108 ], [ -53.986597, -23.464794 ], [ -53.972021, -23.447843 ], [ -53.960193, -23.443415 ], [ -53.913179, -23.404158 ], [ -53.881805, -23.366789 ], [ -53.883471, -23.357404 ], [ -53.878566, -23.358248 ], [ -53.874022, -23.351396 ], [ -53.868118, -23.353352 ], [ -53.857688, -23.339805 ], [ -53.849992, -23.34444 ], [ -53.8525, -23.336717 ], [ -53.847346, -23.329134 ], [ -53.829666, -23.330658 ], [ -53.830374, -23.326511 ], [ -53.839157, -23.328207 ], [ -53.842469, -23.317965 ], [ -53.835793, -23.305848 ], [ -53.827266, -23.306462 ], [ -53.829752, -23.296513 ], [ -53.82416, -23.290507 ], [ -53.832243, -23.287786 ], [ -53.827078, -23.283342 ], [ -53.836378, -23.277775 ], [ -53.829593, -23.270938 ], [ -53.833374, -23.259936 ], [ -53.839915, -23.26181 ], [ -53.84069, -23.258099 ], [ -53.84706, -23.257976 ], [ -53.844252, -23.253414 ], [ -53.850339, -23.253587 ], [ -53.85273, -23.242669 ], [ -53.847585, -23.243848 ], [ -53.857844, -23.229707 ], [ -53.854442, -23.218627 ], [ -53.85874, -23.21279 ], [ -53.871192, -23.203353 ], [ -53.875653, -23.205598 ], [ -53.898956, -23.197956 ], [ -53.892338, -23.191291 ], [ -53.896909, -23.187336 ], [ -53.906964, -23.192584 ], [ -53.911272, -23.189753 ], [ -53.909183, -23.185442 ], [ -53.932548, -23.186011 ], [ -53.934217, -23.180711 ], [ -53.93949, -23.182443 ], [ -53.946158, -23.176927 ], [ -53.947211, -23.168148 ], [ -53.959086, -23.168005 ], [ -53.967225, -23.159961 ], [ -53.97297, -23.164499 ], [ -53.983435, -23.158263 ], [ -54.002054, -23.157523 ], [ -54.065291, -23.134806 ], [ -54.084762, -23.133981 ], [ -54.08612, -23.140628 ], [ -54.092047, -23.140006 ], [ -54.091711, -23.148627 ], [ -54.103923, -23.152346 ], [ -54.105533, -23.147419 ], [ -54.119715, -23.1524 ], [ -54.122315, -23.16175 ], [ -54.116986, -23.160373 ], [ -54.119417, -23.155917 ], [ -54.110816, -23.157232 ], [ -54.114794, -23.165642 ], [ -54.134846, -23.174945 ], [ -54.142181, -23.169374 ], [ -54.154979, -23.171333 ], [ -54.163265, -23.166172 ], [ -54.180807, -23.168723 ], [ -54.185038, -23.162293 ], [ -54.179293, -23.146729 ], [ -54.184603, -23.135314 ], [ -54.193474, -23.131977 ], [ -54.204418, -23.139022 ], [ -54.204478, -23.144408 ], [ -54.208046, -23.140014 ], [ -54.216685, -23.140407 ], [ -54.218038, -23.14579 ], [ -54.225065, -23.146321 ], [ -54.222976, -23.138015 ], [ -54.22828, -23.130029 ], [ -54.259721, -23.13092 ], [ -54.284834, -23.110978 ], [ -54.285656, -23.101573 ], [ -54.307106, -23.102415 ], [ -54.318704, -23.091244 ], [ -54.330883, -23.095472 ], [ -54.330115, -23.100089 ], [ -54.323777, -23.098429 ], [ -54.324803, -23.102285 ], [ -54.334757, -23.100268 ], [ -54.338857, -23.103903 ], [ -54.365353, -23.149762 ], [ -54.378308, -23.18313 ], [ -54.377391, -23.222962 ], [ -54.393356, -23.238873 ], [ -54.399973, -23.257481 ], [ -54.385718, -23.271574 ], [ -54.384149, -23.288197 ], [ -54.37256, -23.311023 ], [ -54.342934, -23.326856 ], [ -54.322845, -23.351391 ], [ -54.286147, -23.372653 ], [ -54.300166, -23.386294 ], [ -54.276431, -23.396357 ], [ -54.272255, -23.393317 ], [ -54.262708, -23.397671 ], [ -54.24078, -23.418667 ], [ -54.242931, -23.43129 ], [ -54.23711, -23.449874 ], [ -54.243936, -23.463222 ], [ -54.246781, -23.489779 ], [ -54.255467, -23.503334 ], [ -54.253872, -23.536215 ], [ -54.274474, -23.564058 ] ] ] } },
{ "type": "Feature", "properties": { "CD_MUN": "5004403", "NM_MUN": "Inocência", "SIGLA_UF": "MS", "AREA_KM2": 5761.186 }, "geometry": { "type": "Polygon", "coordinates": [ [ [ -52.167906, -20.070108 ], [ -52.153332, -20.079904 ], [ -52.146664, -20.107623 ], [ -52.128934, -20.114626 ], [ -52.120298, -20.130553 ], [ -52.107413, -20.122716 ], [ -52.106276, -20.106748 ], [ -52.092469, -20.084585 ], [ -52.082987, -20.079122 ], [ -52.071589, -20.080842 ], [ -52.06411, -20.072917 ], [ -52.057587, -20.073323 ], [ -52.043236, -20.050585 ], [ -52.032879, -20.042047 ], [ -51.973095, -20.020984 ], [ -51.921964, -20.027713 ], [ -51.909773, -20.022791 ], [ -51.896035, -20.024654 ], [ -51.870592, -20.003114 ], [ -51.847655, -20.005732 ], [ -51.780445, -19.912707 ], [ -51.780726, -19.926214 ], [ -51.764796, -19.956252 ], [ -51.765328, -19.975862 ], [ -51.757672, -19.989053 ], [ -51.762042, -20.017913 ], [ -51.755321, -20.022542 ], [ -51.750529, -20.034383 ], [ -51.730449, -20.032821 ], [ -51.697513, -20.047167 ], [ -51.688525, -20.047354 ], [ -51.684479, -20.026445 ], [ -51.676515, -20.012444 ], [ -51.663472, -20.010064 ], [ -51.642217, -19.995039 ], [ -51.638723, -19.982824 ], [ -51.556709, -19.965747 ], [ -51.475145, -19.959227 ], [ -51.479578, -19.952679 ], [ -51.488663, -19.952396 ], [ -51.487117, -19.935978 ], [ -51.497097, -19.937441 ], [ -51.498052, -19.919178 ], [ -51.505582, -19.912286 ], [ -51.513507, -19.912465 ], [ -51.507116, -19.900235 ], [ -51.511486, -19.884478 ], [ -51.524984, -19.888826 ], [ -51.526929, -19.880678 ], [ -51.536751, -19.878105 ], [ -51.5333, -19.870269 ], [ -51.549987, -19.865703 ], [ -51.549336, -19.859274 ], [ -51.554955, -19.85922 ], [ -51.561044, -19.842531 ], [ -51.558074, -19.837362 ], [ -51.565214, -19.830344 ], [ -51.562052, -19.824025 ], [ -51.567703, -19.825907 ], [ -51.577255, -19.821163 ], [ -51.58025, -19.814038 ], [ -51.587798, -19.817508 ], [ -51.585111, -19.812882 ], [ -51.592394, -19.803456 ], [ -51.585919, -19.789882 ], [ -51.598711, -19.78938 ], [ -51.606489, -19.796268 ], [ -51.61234, -19.758667 ], [ -51.622061, -19.762135 ], [ -51.649003, -19.74568 ], [ -51.65896, -19.72301 ], [ -51.665884, -19.718288 ], [ -51.666499, -19.710536 ], [ -51.685921, -19.698841 ], [ -51.684923, -19.690006 ], [ -51.692265, -19.672205 ], [ -51.720069, -19.627428 ], [ -51.731685, -19.61352 ], [ -51.763473, -19.597091 ], [ -51.795448, -19.568881 ], [ -51.784155, -19.525418 ], [ -51.785535, -19.502686 ], [ -51.778568, -19.486402 ], [ -51.803573, -19.443122 ], [ -51.817206, -19.4358 ], [ -51.825521, -19.42356 ], [ -51.825469, -19.39261 ], [ -51.833583, -19.372335 ], [ -51.830582, -19.363613 ], [ -51.839485, -19.34962 ], [ -51.838436, -19.33335 ], [ -51.846188, -19.324564 ], [ -51.846515, -19.311637 ], [ -51.862919, -19.286316 ], [ -51.850478, -19.267043 ], [ -51.854788, -19.248524 ], [ -51.859771, -19.241817 ], [ -51.870906, -19.241093 ], [ -51.876495, -19.22793 ], [ -51.868449, -19.223047 ], [ -51.936586, -19.212949 ], [ -51.979365, -19.191149 ], [ -52.02022, -19.198815 ], [ -52.0511, -19.227388 ], [ -52.056189, -19.2502 ], [ -52.078581, -19.259153 ], [ -52.090324, -19.255415 ], [ -52.107819, -19.229529 ], [ -52.161638, -19.198293 ], [ -52.171896, -19.19773 ], [ -52.174055, -19.203173 ], [ -52.18895, -19.212017 ], [ -52.191898, -19.222382 ], [ -52.195043, -19.21843 ], [ -52.204588, -19.221971 ], [ -52.207786, -19.219348 ], [ -52.211167, -19.228089 ], [ -52.222099, -19.233682 ], [ -52.222481, -19.237899 ], [ -52.200391, -19.24816 ], [ -52.180853, -19.286681 ], [ -52.167872, -19.293106 ], [ -52.162396, -19.306556 ], [ -52.114188, -19.301064 ], [ -52.089398, -19.304917 ], [ -52.078579, -19.322562 ], [ -52.109171, -19.357251 ], [ -52.110829, -19.364161 ], [ -52.119313, -19.365711 ], [ -52.126072, -19.3739 ], [ -52.152189, -19.349079 ], [ -52.17016, -19.351771 ], [ -52.185142, -19.336349 ], [ -52.201718, -19.34706 ], [ -52.202803, -19.369538 ], [ -52.218575, -19.375685 ], [ -52.265943, -19.363013 ], [ -52.32718, -19.366056 ], [ -52.386578, -19.336319 ], [ -52.417174, -19.335881 ], [ -52.425365, -19.331531 ], [ -52.438882, -19.33403 ], [ -52.439944, -19.349111 ], [ -52.445958, -19.353329 ], [ -52.443336, -19.362992 ], [ -52.44959, -19.364442 ], [ -52.45423, -19.373437 ], [ -52.447955, -19.378223 ], [ -52.457697, -19.380691 ], [ -52.466924, -19.391237 ], [ -52.466243, -19.418062 ], [ -52.473681, -19.419056 ], [ -52.468296, -19.425552 ], [ -52.471447, -19.431852 ], [ -52.462574, -19.435906 ], [ -52.470232, -19.439927 ], [ -52.469774, -19.454443 ], [ -52.458058, -19.458734 ], [ -52.467127, -19.468726 ], [ -52.466716, -19.479673 ], [ -52.472843, -19.481386 ], [ -52.468759, -19.486996 ], [ -52.471146, -19.49195 ], [ -52.479174, -19.495126 ], [ -52.47979, -19.501302 ], [ -52.48188, -19.498038 ], [ -52.484933, -19.501067 ], [ -52.482671, -19.514646 ], [ -52.487807, -19.520179 ], [ -52.4874, -19.528444 ], [ -52.498347, -19.535983 ], [ -52.507728, -19.551138 ], [ -52.515646, -19.550397 ], [ -52.511473, -19.558256 ], [ -52.504721, -19.559561 ], [ -52.511215, -19.567483 ], [ -52.503312, -19.578005 ], [ -52.494799, -19.579749 ], [ -52.487869, -19.598144 ], [ -52.481935, -19.60719 ], [ -52.476408, -19.606397 ], [ -52.472388, -19.614941 ], [ -52.453401, -19.614979 ], [ -52.437126, -19.637976 ], [ -52.424127, -19.627958 ], [ -52.413745, -19.628555 ], [ -52.408851, -19.633521 ], [ -52.389048, -19.633264 ], [ -52.370174, -19.642722 ], [ -52.372761, -19.651967 ], [ -52.365402, -19.651023 ], [ -52.349186, -19.662503 ], [ -52.34077, -19.678275 ], [ -52.342597, -19.700798 ], [ -52.330487, -19.71665 ], [ -52.334707, -19.729203 ], [ -52.326879, -19.73284 ], [ -52.320284, -19.743897 ], [ -52.303763, -19.749555 ], [ -52.304828, -19.762495 ], [ -52.293446, -19.775223 ], [ -52.293637, -19.788223 ], [ -52.283623, -19.801218 ], [ -52.275396, -19.800249 ], [ -52.273331, -19.810828 ], [ -52.262517, -19.814325 ], [ -52.212178, -19.870478 ], [ -52.215808, -19.89386 ], [ -52.210221, -19.902626 ], [ -52.213142, -19.915497 ], [ -52.219964, -19.919544 ], [ -52.218444, -19.929459 ], [ -52.212872, -19.934324 ], [ -52.220849, -19.942447 ], [ -52.220242, -19.96271 ], [ -52.206954, -19.980964 ], [ -52.206675, -20.002512 ], [ -52.19597, -20.017104 ], [ -52.200626, -20.03207 ], [ -52.196949, -20.041199 ], [ -52.183742, -20.052553 ], [ -52.167194, -20.058276 ], [ -52.167906, -20.070108 ] ] ] } },
{ "type": "Feature", "properties": { "CD_MUN": "5004809", "NM_MUN": "Japorã", "SIGLA_UF": "MS", "AREA_KM2": 416.605 }, "geometry": { "type": "Polygon", "coordinates": [ [ [ -54.427608, -23.79033 ], [ -54.434544, -23.794236 ], [ -54.454764, -23.78615 ], [ -54.456411, -23.776789 ], [ -54.452046, -23.768881 ], [ -54.457514, -23.770453 ], [ -54.460535, -23.766718 ], [ -54.454254, -23.759543 ], [ -54.470642, -23.757576 ], [ -54.468645, -23.750464 ], [ -54.49324, -23.753622 ], [ -54.510863, -23.73863 ], [ -54.528545, -23.739668 ], [ -54.531059, -23.733353 ], [ -54.570869, -23.735394 ], [ -54.580986, -23.728853 ], [ -54.601242, -23.726057 ], [ -54.601499, -23.731536 ], [ -54.607998, -23.728193 ], [ -54.613048, -23.733254 ], [ -54.621242, -23.72968 ], [ -54.634005, -23.732472 ], [ -54.640558, -23.730985 ], [ -54.637318, -23.726878 ], [ -54.644416, -23.72644 ], [ -54.649058, -23.718097 ], [ -54.65319, -23.72383 ], [ -54.661917, -23.722642 ], [ -54.665405, -23.729032 ], [ -54.678188, -23.724979 ], [ -54.684206, -23.730916 ], [ -54.699909, -23.728031 ], [ -54.703576, -23.73276 ], [ -54.70948, -23.731391 ], [ -54.701399, -23.754646 ], [ -54.701764, -23.782565 ], [ -54.683787, -23.830502 ], [ -54.669472, -23.812505 ], [ -54.668647, -23.817191 ], [ -54.652616, -23.821547 ], [ -54.646775, -23.833763 ], [ -54.631365, -23.830029 ], [ -54.624946, -23.835145 ], [ -54.616588, -23.835021 ], [ -54.609737, -23.851376 ], [ -54.60079, -23.852243 ], [ -54.584168, -23.837028 ], [ -54.581479, -23.845801 ], [ -54.564395, -23.854213 ], [ -54.570315, -23.867961 ], [ -54.568581, -23.874467 ], [ -54.538901, -23.869098 ], [ -54.535176, -23.873158 ], [ -54.523157, -23.873592 ], [ -54.514881, -23.885178 ], [ -54.507259, -23.882418 ], [ -54.493005, -23.885155 ], [ -54.48678, -23.893979 ], [ -54.487317, -23.903681 ], [ -54.469287, -23.897726 ], [ -54.44014, -23.904276 ], [ -54.426221, -23.915712 ], [ -54.427456, -23.926744 ], [ -54.434138, -23.929067 ], [ -54.42683, -23.93109 ], [ -54.397101, -23.920756 ], [ -54.382721, -23.907634 ], [ -54.362102, -23.905629 ], [ -54.369593, -23.885757 ], [ -54.40057, -23.879471 ], [ -54.406542, -23.859892 ], [ -54.419663, -23.85185 ], [ -54.390065, -23.813946 ], [ -54.415604, -23.788777 ], [ -54.422185, -23.794622 ], [ -54.427608, -23.79033 ] ] ] } },
{ "type": "Feature", "properties": { "CD_MUN": "5004700", "NM_MUN": "Ivinhema", "SIGLA_UF": "MS", "AREA_KM2": 2003.43 }, "geometry": { "type": "Polygon", "coordinates": [ [ [ -53.553876, -22.548257 ], [ -53.519186, -22.534447 ], [ -53.516314, -22.517693 ], [ -53.497702, -22.502054 ], [ -53.500908, -22.49073 ], [ -53.488112, -22.476034 ], [ -53.482914, -22.455318 ], [ -53.496313, -22.434981 ], [ -53.510135, -22.433982 ], [ -53.514371, -22.402932 ], [ -53.527964, -22.396041 ], [ -53.530698, -22.38304 ], [ -53.538948, -22.374927 ], [ -53.536815, -22.362531 ], [ -53.553489, -22.363297 ], [ -53.550657, -22.357914 ], [ -53.53639, -22.355046 ], [ -53.533786, -22.334978 ], [ -53.556854, -22.308267 ], [ -53.552324, -22.292806 ], [ -53.566637, -22.277202 ], [ -53.575471, -22.247621 ], [ -53.572396, -22.239981 ], [ -53.56189, -22.234161 ], [ -53.57615, -22.21799 ], [ -53.589094, -22.213927 ], [ -53.588715, -22.19422 ], [ -53.607343, -22.189783 ], [ -53.621589, -22.204244 ], [ -53.684688, -22.231516 ], [ -53.713194, -22.231068 ], [ -53.729135, -22.237613 ], [ -53.762931, -22.233975 ], [ -53.778075, -22.236616 ], [ -53.826979, -22.211131 ], [ -53.875367, -22.207681 ], [ -53.89874, -22.198913 ], [ -53.930805, -22.164759 ], [ -53.958899, -22.16143 ], [ -53.960568, -22.156465 ], [ -53.977527, -22.148219 ], [ -54.015737, -22.166118 ], [ -54.093391, -22.328586 ], [ -54.109709, -22.343778 ], [ -54.118172, -22.363847 ], [ -54.103686, -22.429148 ], [ -54.090649, -22.445441 ], [ -54.082531, -22.447462 ], [ -54.072869, -22.464729 ], [ -54.057466, -22.474698 ], [ -54.043867, -22.499192 ], [ -54.04144, -22.515842 ], [ -54.035434, -22.520482 ], [ -54.035986, -22.534496 ], [ -54.025411, -22.546616 ], [ -53.91403, -22.432672 ], [ -53.87789, -22.461717 ], [ -53.856736, -22.50018 ], [ -53.84299, -22.511705 ], [ -53.807324, -22.532303 ], [ -53.768347, -22.545213 ], [ -53.729223, -22.551218 ], [ -53.704645, -22.563193 ], [ -53.66265, -22.571617 ], [ -53.636003, -22.561485 ], [ -53.628298, -22.562487 ], [ -53.618959, -22.556209 ], [ -53.59664, -22.55758 ], [ -53.578143, -22.567793 ], [ -53.561527, -22.570071 ], [ -53.561443, -22.55797 ], [ -53.553876, -22.548257 ] ] ] } },
{ "type": "Feature", "properties": { "CD_MUN": "5004007", "NM_MUN": "Glória de Dourados", "SIGLA_UF": "MS", "AREA_KM2": 493.105 }, "geometry": { "type": "Polygon", "coordinates": [ [ [ -54.103686, -22.429148 ], [ -54.117636, -22.375096 ], [ -54.114921, -22.355379 ], [ -54.280575, -22.292184 ], [ -54.348223, -22.442917 ], [ -54.114624, -22.534088 ], [ -54.110186, -22.563257 ], [ -54.102937, -22.567144 ], [ -54.088169, -22.55918 ], [ -54.067467, -22.559646 ], [ -54.051227, -22.54476 ], [ -54.039184, -22.547424 ], [ -54.027789, -22.543924 ], [ -54.035986, -22.534496 ], [ -54.035434, -22.520482 ], [ -54.04144, -22.515842 ], [ -54.043867, -22.499192 ], [ -54.057466, -22.474698 ], [ -54.072869, -22.464729 ], [ -54.082531, -22.447462 ], [ -54.090649, -22.445441 ], [ -54.103686, -22.429148 ] ] ] } },
{ "type": "Feature", "properties": { "CD_MUN": "5003900", "NM_MUN": "Figueirão", "SIGLA_UF": "MS", "AREA_KM2": 4880.736 }, "geometry": { "type": "Polygon", "coordinates": [ [ [ -53.345339, -18.775399 ], [ -53.379543, -18.734837 ], [ -53.38169, -18.723044 ], [ -53.372728, -18.707251 ], [ -53.374862, -18.698035 ], [ -53.368742, -18.69632 ], [ -53.373212, -18.691882 ], [ -53.373085, -18.680395 ], [ -53.412624, -18.654355 ], [ -53.433145, -18.654559 ], [ -53.434945, -18.630562 ], [ -53.456684, -18.629839 ], [ -53.467382, -18.621236 ], [ -53.462839, -18.602159 ], [ -53.470907, -18.596997 ], [ -53.472453, -18.577486 ], [ -53.48218, -18.565049 ], [ -53.500544, -18.521461 ], [ -53.525173, -18.506894 ], [ -53.55179, -18.474264 ], [ -53.560423, -18.470249 ], [ -53.561928, -18.450666 ], [ -53.583848, -18.436629 ], [ -53.600289, -18.44273 ], [ -53.606859, -18.440199 ], [ -53.622554, -18.449995 ], [ -53.631219, -18.447207 ], [ -53.637478, -18.455404 ], [ -53.642868, -18.451684 ], [ -53.654068, -18.458588 ], [ -53.657188, -18.452624 ], [ -53.68856, -18.445815 ], [ -53.699745, -18.446818 ], [ -53.699557, -18.451176 ], [ -53.711719, -18.446346 ], [ -53.727718, -18.456306 ], [ -53.739619, -18.447164 ], [ -53.739344, -18.451049 ], [ -53.746523, -18.452689 ], [ -53.75065, -18.449352 ], [ -53.752078, -18.455026 ], [ -53.762105, -18.45442 ], [ -53.768561, -18.46763 ], [ -53.773105, -18.464082 ], [ -53.780833, -18.467588 ], [ -53.773442, -18.474003 ], [ -53.783307, -18.485616 ], [ -53.786141, -18.481861 ], [ -53.797356, -18.483263 ], [ -53.793761, -18.474832 ], [ -53.805932, -18.475071 ], [ -53.810701, -18.468194 ], [ -53.815845, -18.470811 ], [ -53.814245, -18.479026 ], [ -53.833044, -18.466752 ], [ -53.834466, -18.46125 ], [ -53.840706, -18.458398 ], [ -53.851171, -18.461068 ], [ -53.852249, -18.467582 ], [ -53.866024, -18.476498 ], [ -53.863858, -18.484122 ], [ -53.871683, -18.481208 ], [ -53.874964, -18.488261 ], [ -53.880555, -18.48952 ], [ -53.878654, -18.503453 ], [ -53.881716, -18.506143 ], [ -53.899977, -18.503909 ], [ -53.902499, -18.511869 ], [ -53.906433, -18.511666 ], [ -53.921924, -18.529901 ], [ -53.930451, -18.522689 ], [ -53.965833, -18.525843 ], [ -53.980732, -18.542977 ], [ -53.992792, -18.53702 ], [ -54.0013, -18.538032 ], [ -54.007995, -18.52657 ], [ -54.030774, -18.511975 ], [ -54.036503, -18.5037 ], [ -54.044935, -18.502378 ], [ -54.050458, -18.4894 ], [ -54.056949, -18.488953 ], [ -54.059863, -18.495265 ], [ -54.056924, -18.50176 ], [ -54.066943, -18.505326 ], [ -54.069783, -18.51496 ], [ -54.079724, -18.517258 ], [ -54.101106, -18.511295 ], [ -54.112882, -18.513888 ], [ -54.110296, -18.51825 ], [ -54.119681, -18.529832 ], [ -54.133372, -18.534987 ], [ -54.155165, -18.534916 ], [ -54.163798, -18.552892 ], [ -54.160642, -18.556816 ], [ -54.169069, -18.561834 ], [ -54.171059, -18.573585 ], [ -54.179425, -18.581454 ], [ -54.20767, -18.58308 ], [ -54.225872, -18.576382 ], [ -54.238804, -18.584361 ], [ -54.258995, -18.582197 ], [ -54.263964, -18.585212 ], [ -54.270584, -18.57945 ], [ -54.278544, -18.580557 ], [ -54.279341, -18.570931 ], [ -54.288555, -18.56618 ], [ -54.288654, -18.558684 ], [ -54.293377, -18.559076 ], [ -54.296585, -18.565452 ], [ -54.308312, -18.562361 ], [ -54.321776, -18.574329 ], [ -54.325965, -18.588571 ], [ -54.33641, -18.59307 ], [ -54.328368, -18.602299 ], [ -54.339751, -18.609881 ], [ -54.339862, -18.618289 ], [ -54.34812, -18.620754 ], [ -54.34193, -18.629978 ], [ -54.354404, -18.634785 ], [ -54.34766, -18.639783 ], [ -54.354934, -18.644248 ], [ -54.359706, -18.653495 ], [ -54.357343, -18.658277 ], [ -54.3717, -18.66611 ], [ -54.372595, -18.674696 ], [ -54.383006, -18.677882 ], [ -54.381816, -18.69414 ], [ -54.386773, -18.693858 ], [ -54.393262, -18.704977 ], [ -54.380643, -18.707583 ], [ -54.367528, -18.718741 ], [ -54.356391, -18.716594 ], [ -54.333691, -18.720529 ], [ -54.326831, -18.733037 ], [ -54.300973, -18.737769 ], [ -54.281859, -18.757223 ], [ -54.278388, -18.774738 ], [ -54.267559, -18.78883 ], [ -54.260477, -18.791171 ], [ -54.25878, -18.833586 ], [ -54.240901, -18.860595 ], [ -54.216739, -18.878824 ], [ -54.207954, -18.894292 ], [ -54.203714, -18.922859 ], [ -54.192976, -18.939863 ], [ -54.199782, -18.956559 ], [ -54.189893, -18.976298 ], [ -54.192103, -18.999505 ], [ -54.186193, -19.022611 ], [ -54.171086, -19.024883 ], [ -54.159833, -19.015818 ], [ -54.125787, -19.019512 ], [ -54.123273, -19.03411 ], [ -54.113774, -19.041035 ], [ -54.113529, -19.053044 ], [ -54.109456, -19.056522 ], [ -54.104944, -19.053905 ], [ -54.100556, -19.064445 ], [ -54.083176, -19.066989 ], [ -54.075384, -19.073217 ], [ -54.064891, -19.089533 ], [ -54.057997, -19.089958 ], [ -54.062185, -19.094925 ], [ -54.057565, -19.101823 ], [ -54.033728, -19.096913 ], [ -54.025512, -19.102041 ], [ -53.991855, -19.076294 ], [ -53.98424, -19.076801 ], [ -53.986, -19.06268 ], [ -53.981576, -19.056986 ], [ -53.987681, -19.042351 ], [ -53.980017, -19.044951 ], [ -53.981209, -19.033611 ], [ -53.974364, -19.026499 ], [ -53.977662, -19.020439 ], [ -53.972426, -19.014405 ], [ -53.959692, -19.016198 ], [ -53.955939, -19.003903 ], [ -53.946221, -19.00611 ], [ -53.938723, -19.001987 ], [ -53.925632, -19.009886 ], [ -53.913136, -19.006331 ], [ -53.907073, -19.012697 ], [ -53.895462, -19.012601 ], [ -53.880704, -19.004508 ], [ -53.868769, -19.001938 ], [ -53.859961, -19.006252 ], [ -53.827047, -18.996611 ], [ -53.812668, -18.998365 ], [ -53.791807, -19.009398 ], [ -53.774826, -19.008962 ], [ -53.730898, -18.988916 ], [ -53.725755, -18.977055 ], [ -53.714799, -18.976457 ], [ -53.701984, -18.96047 ], [ -53.70674, -18.994766 ], [ -53.686567, -19.001794 ], [ -53.670383, -18.995886 ], [ -53.660785, -18.986628 ], [ -53.640937, -18.982661 ], [ -53.638779, -18.985881 ], [ -53.613257, -18.973184 ], [ -53.599272, -18.974877 ], [ -53.58062, -18.957634 ], [ -53.578816, -18.94792 ], [ -53.562724, -18.928294 ], [ -53.552459, -18.929163 ], [ -53.527809, -18.910863 ], [ -53.504558, -18.905106 ], [ -53.4934, -18.895525 ], [ -53.488551, -18.837547 ], [ -53.345339, -18.775399 ] ] ] } },
{ "type": "Feature", "properties": { "CD_MUN": "5004304", "NM_MUN": "Iguatemi", "SIGLA_UF": "MS", "AREA_KM2": 2957.41 }, "geometry": { "type": "Polygon", "coordinates": [ [ [ -54.379492, -23.727482 ], [ -54.380319, -23.716245 ], [ -54.38797, -23.705409 ], [ -54.330385, -23.554228 ], [ -54.324731, -23.551191 ], [ -54.304885, -23.562033 ], [ -54.274829, -23.564068 ], [ -54.254228, -23.537096 ], [ -54.255467, -23.503334 ], [ -54.246781, -23.489779 ], [ -54.243936, -23.463222 ], [ -54.23711, -23.449874 ], [ -54.242931, -23.43129 ], [ -54.24078, -23.418667 ], [ -54.262708, -23.397671 ], [ -54.272255, -23.393317 ], [ -54.276431, -23.396357 ], [ -54.300166, -23.386294 ], [ -54.286147, -23.372653 ], [ -54.322845, -23.351391 ], [ -54.342934, -23.326856 ], [ -54.37256, -23.311023 ], [ -54.384149, -23.288197 ], [ -54.385718, -23.271574 ], [ -54.399917, -23.257784 ], [ -54.393451, -23.239019 ], [ -54.377391, -23.222962 ], [ -54.378308, -23.18313 ], [ -54.365353, -23.149762 ], [ -54.334757, -23.100268 ], [ -54.34453, -23.099547 ], [ -54.347229, -23.092982 ], [ -54.355638, -23.100328 ], [ -54.362577, -23.092995 ], [ -54.37855, -23.094995 ], [ -54.387178, -23.085705 ], [ -54.395808, -23.089479 ], [ -54.405999, -23.085555 ], [ -54.408475, -23.089839 ], [ -54.413293, -23.083655 ], [ -54.424351, -23.084121 ], [ -54.423641, -23.068374 ], [ -54.428428, -23.078529 ], [ -54.43298, -23.07741 ], [ -54.428113, -23.071699 ], [ -54.427493, -23.057035 ], [ -54.44761, -23.059052 ], [ -54.453342, -23.054365 ], [ -54.44842, -23.051828 ], [ -54.4502, -23.048488 ], [ -54.469518, -23.040795 ], [ -54.47396, -23.043982 ], [ -54.468259, -23.043518 ], [ -54.466472, -23.049049 ], [ -54.48065, -23.065889 ], [ -54.498112, -23.074016 ], [ -54.497158, -23.080531 ], [ -54.509234, -23.087565 ], [ -54.512773, -23.103162 ], [ -54.521908, -23.112272 ], [ -54.543908, -23.117441 ], [ -54.559007, -23.126505 ], [ -54.590566, -23.156022 ], [ -54.634165, -23.163767 ], [ -54.654804, -23.186108 ], [ -54.661892, -23.214901 ], [ -54.655375, -23.232353 ], [ -54.653076, -23.263883 ], [ -54.643503, -23.27478 ], [ -54.648596, -23.28625 ], [ -54.661057, -23.29195 ], [ -54.672084, -23.311322 ], [ -54.707087, -23.286891 ], [ -54.731853, -23.293686 ], [ -54.762204, -23.294344 ], [ -54.77163, -23.290654 ], [ -54.78969, -23.306014 ], [ -54.81479, -23.306034 ], [ -54.8402, -23.357496 ], [ -54.836759, -23.387713 ], [ -54.864606, -23.408882 ], [ -54.882689, -23.441139 ], [ -54.870013, -23.445864 ], [ -54.852109, -23.470679 ], [ -54.842362, -23.474754 ], [ -54.846726, -23.482711 ], [ -54.839914, -23.500355 ], [ -54.811259, -23.548047 ], [ -54.796871, -23.55243 ], [ -54.77245, -23.575689 ], [ -54.757986, -23.580566 ], [ -54.748248, -23.578507 ], [ -54.731756, -23.592516 ], [ -54.729875, -23.600571 ], [ -54.718559, -23.603233 ], [ -54.708426, -23.618508 ], [ -54.70121, -23.619765 ], [ -54.702078, -23.625548 ], [ -54.690902, -23.635112 ], [ -54.689004, -23.631855 ], [ -54.690656, -23.636652 ], [ -54.67433, -23.64772 ], [ -54.670026, -23.653364 ], [ -54.67382, -23.658236 ], [ -54.664702, -23.665421 ], [ -54.66728, -23.667434 ], [ -54.658855, -23.67976 ], [ -54.659534, -23.701076 ], [ -54.651623, -23.708373 ], [ -54.65383, -23.710852 ], [ -54.644996, -23.725885 ], [ -54.637318, -23.726878 ], [ -54.640558, -23.730985 ], [ -54.621242, -23.72968 ], [ -54.613676, -23.733337 ], [ -54.608447, -23.728244 ], [ -54.601214, -23.731411 ], [ -54.601242, -23.726057 ], [ -54.580986, -23.728853 ], [ -54.570869, -23.735394 ], [ -54.531059, -23.733353 ], [ -54.528545, -23.739668 ], [ -54.510863, -23.73863 ], [ -54.49324, -23.753622 ], [ -54.469768, -23.750046 ], [ -54.470642, -23.757576 ], [ -54.454254, -23.759543 ], [ -54.460535, -23.766718 ], [ -54.457514, -23.770453 ], [ -54.452046, -23.768881 ], [ -54.456411, -23.776789 ], [ -54.454764, -23.78615 ], [ -54.434544, -23.794236 ], [ -54.429709, -23.789373 ], [ -54.422669, -23.794656 ], [ -54.416391, -23.788396 ], [ -54.40971, -23.767303 ], [ -54.379492, -23.727482 ] ] ] } },
{ "type": "Feature", "properties": { "CD_MUN": "5004106", "NM_MUN": "Guia Lopes da Laguna", "SIGLA_UF": "MS", "AREA_KM2": 1225.426 }, "geometry": { "type": "Polygon", "coordinates": [ [ [ -56.13473, -21.581466 ], [ -56.125134, -21.580819 ], [ -56.124994, -21.590856 ], [ -56.116496, -21.590607 ], [ -56.118235, -21.599965 ], [ -56.12787, -21.603183 ], [ -56.126178, -21.607378 ], [ -56.119158, -21.606959 ], [ -56.12565, -21.610478 ], [ -56.120975, -21.618833 ], [ -56.124461, -21.628635 ], [ -56.115006, -21.628197 ], [ -56.112267, -21.644305 ], [ -56.105276, -21.646588 ], [ -56.10658, -21.652529 ], [ -56.099509, -21.653558 ], [ -56.092801, -21.661231 ], [ -56.095112, -21.672092 ], [ -56.088023, -21.679153 ], [ -56.089213, -21.688227 ], [ -56.070569, -21.685922 ], [ -56.048833, -21.692468 ], [ -56.048218, -21.703942 ], [ -56.042653, -21.703827 ], [ -56.042, -21.708272 ], [ -56.048784, -21.712275 ], [ -56.042117, -21.71576 ], [ -56.040831, -21.722977 ], [ -56.037006, -21.719579 ], [ -56.026113, -21.720994 ], [ -56.023536, -21.73069 ], [ -56.015121, -21.732015 ], [ -56.010634, -21.748669 ], [ -56.004612, -21.748761 ], [ -55.999175, -21.760333 ], [ -55.985865, -21.76829 ], [ -55.985687, -21.777033 ], [ -55.980301, -21.78165 ], [ -55.985191, -21.786234 ], [ -55.979287, -21.790451 ], [ -55.990837, -21.80542 ], [ -55.960406, -21.816284 ], [ -55.952171, -21.812404 ], [ -55.945539, -21.81833 ], [ -55.936335, -21.813823 ], [ -55.925575, -21.816699 ], [ -55.919588, -21.812369 ], [ -55.912567, -21.815963 ], [ -55.901566, -21.807417 ], [ -55.897213, -21.812782 ], [ -55.894124, -21.811486 ], [ -55.898894, -21.810244 ], [ -55.898893, -21.805575 ], [ -55.910281, -21.806867 ], [ -55.912365, -21.813394 ], [ -55.920136, -21.811281 ], [ -55.923484, -21.812645 ], [ -55.926038, -21.805392 ], [ -55.933384, -21.807338 ], [ -55.935355, -21.803762 ], [ -55.944693, -21.813288 ], [ -55.947733, -21.804388 ], [ -55.970971, -21.801261 ], [ -55.945996, -21.802051 ], [ -55.944442, -21.797267 ], [ -55.954906, -21.791178 ], [ -55.945507, -21.787143 ], [ -55.943535, -21.790554 ], [ -55.939548, -21.786072 ], [ -55.930882, -21.78994 ], [ -55.93133, -21.793946 ], [ -55.92346, -21.794899 ], [ -55.926477, -21.788257 ], [ -55.919829, -21.784435 ], [ -55.937601, -21.778399 ], [ -55.928441, -21.774342 ], [ -55.928214, -21.769674 ], [ -55.92436, -21.777657 ], [ -55.912489, -21.773483 ], [ -55.917424, -21.770372 ], [ -55.913644, -21.766846 ], [ -55.90696, -21.770569 ], [ -55.907199, -21.775822 ], [ -55.903185, -21.775515 ], [ -55.903767, -21.780471 ], [ -55.896757, -21.77181 ], [ -55.890851, -21.778411 ], [ -55.889961, -21.774658 ], [ -55.88571, -21.775696 ], [ -55.875741, -21.793148 ], [ -55.872558, -21.792783 ], [ -55.876307, -21.785923 ], [ -55.87217, -21.778754 ], [ -55.856224, -21.776331 ], [ -55.86385, -21.775199 ], [ -55.860676, -21.771186 ], [ -55.877874, -21.776853 ], [ -55.877219, -21.767081 ], [ -55.882885, -21.76979 ], [ -55.883891, -21.766977 ], [ -55.874773, -21.762301 ], [ -55.894869, -21.762867 ], [ -55.889928, -21.753883 ], [ -55.881569, -21.75583 ], [ -55.8808, -21.749086 ], [ -55.888647, -21.750241 ], [ -55.892298, -21.745707 ], [ -55.890519, -21.738263 ], [ -55.88384, -21.73913 ], [ -55.88654, -21.736084 ], [ -55.882611, -21.732646 ], [ -55.894965, -21.736403 ], [ -55.901415, -21.731475 ], [ -55.90159, -21.74204 ], [ -55.905056, -21.73769 ], [ -55.908519, -21.742443 ], [ -55.913127, -21.741551 ], [ -55.910807, -21.730622 ], [ -55.917257, -21.736652 ], [ -55.921362, -21.735406 ], [ -55.920596, -21.74289 ], [ -55.929587, -21.742893 ], [ -55.926393, -21.736258 ], [ -55.934375, -21.734765 ], [ -55.944128, -21.740985 ], [ -55.943656, -21.729085 ], [ -55.935475, -21.72708 ], [ -55.93413, -21.73202 ], [ -55.930931, -21.728071 ], [ -55.924061, -21.731194 ], [ -55.919878, -21.728678 ], [ -55.932218, -21.719831 ], [ -55.916325, -21.71641 ], [ -55.912645, -21.722335 ], [ -55.908899, -21.711967 ], [ -55.899186, -21.712259 ], [ -55.90572, -21.710332 ], [ -55.904406, -21.703567 ], [ -55.913612, -21.712197 ], [ -55.916316, -21.704703 ], [ -55.917829, -21.710811 ], [ -55.922701, -21.710899 ], [ -55.923736, -21.699109 ], [ -55.929063, -21.695013 ], [ -55.929978, -21.707384 ], [ -55.937941, -21.703079 ], [ -55.938232, -21.709735 ], [ -55.942527, -21.708676 ], [ -55.951573, -21.716165 ], [ -55.947873, -21.706994 ], [ -55.953131, -21.70612 ], [ -55.946377, -21.700191 ], [ -55.947161, -21.694832 ], [ -55.95811, -21.686965 ], [ -55.947383, -21.685925 ], [ -55.939844, -21.690598 ], [ -55.93392, -21.685377 ], [ -55.946064, -21.680637 ], [ -55.939168, -21.674311 ], [ -55.941033, -21.670971 ], [ -55.953095, -21.674927 ], [ -55.951603, -21.670029 ], [ -55.958248, -21.667426 ], [ -55.953961, -21.659532 ], [ -55.960545, -21.657521 ], [ -55.960169, -21.654154 ], [ -55.963046, -21.657474 ], [ -55.97445, -21.655366 ], [ -55.962567, -21.648455 ], [ -55.971318, -21.644758 ], [ -55.971634, -21.63867 ], [ -55.963765, -21.634058 ], [ -55.95837, -21.643317 ], [ -55.946692, -21.63656 ], [ -55.95983, -21.65026 ], [ -55.941917, -21.647256 ], [ -55.945915, -21.661384 ], [ -55.942604, -21.664409 ], [ -55.935208, -21.662207 ], [ -55.931273, -21.67724 ], [ -55.926705, -21.677079 ], [ -55.9232, -21.670101 ], [ -55.926952, -21.666439 ], [ -55.924544, -21.646995 ], [ -55.913799, -21.642765 ], [ -55.920983, -21.653982 ], [ -55.918171, -21.666706 ], [ -55.922368, -21.673682 ], [ -55.918236, -21.6783 ], [ -55.920972, -21.684555 ], [ -55.914913, -21.68816 ], [ -55.912642, -21.681843 ], [ -55.905073, -21.684403 ], [ -55.910994, -21.674675 ], [ -55.904411, -21.672649 ], [ -55.902583, -21.653193 ], [ -55.895714, -21.670793 ], [ -55.88812, -21.654533 ], [ -55.882881, -21.657452 ], [ -55.890234, -21.67138 ], [ -55.884664, -21.684162 ], [ -55.879483, -21.662838 ], [ -55.873582, -21.655006 ], [ -55.867929, -21.655054 ], [ -55.872834, -21.674251 ], [ -55.86798, -21.673252 ], [ -55.866265, -21.679712 ], [ -55.873797, -21.686399 ], [ -55.870384, -21.69272 ], [ -55.861872, -21.690951 ], [ -55.862745, -21.686878 ], [ -55.869239, -21.688684 ], [ -55.862244, -21.683561 ], [ -55.863971, -21.67188 ], [ -55.859161, -21.663641 ], [ -55.858436, -21.675525 ], [ -55.851613, -21.672346 ], [ -55.84786, -21.683546 ], [ -55.845299, -21.681064 ], [ -55.844623, -21.668621 ], [ -55.851543, -21.667791 ], [ -55.846178, -21.660519 ], [ -55.854368, -21.660026 ], [ -55.849482, -21.654029 ], [ -55.85956, -21.652037 ], [ -55.858489, -21.643361 ], [ -55.854523, -21.646714 ], [ -55.847844, -21.643942 ], [ -55.849246, -21.648753 ], [ -55.841953, -21.646255 ], [ -55.841419, -21.652156 ], [ -55.837179, -21.65142 ], [ -55.840926, -21.657656 ], [ -55.828321, -21.662298 ], [ -55.829207, -21.656214 ], [ -55.837845, -21.65631 ], [ -55.830303, -21.653531 ], [ -55.833096, -21.646637 ], [ -55.827661, -21.639261 ], [ -55.833245, -21.63882 ], [ -55.831496, -21.631473 ], [ -55.840307, -21.634931 ], [ -55.839203, -21.627522 ], [ -55.830129, -21.625991 ], [ -55.828839, -21.635009 ], [ -55.820427, -21.637332 ], [ -55.817094, -21.647851 ], [ -55.814662, -21.643146 ], [ -55.810039, -21.646475 ], [ -55.809259, -21.640705 ], [ -55.803294, -21.643599 ], [ -55.804261, -21.636082 ], [ -55.798705, -21.632597 ], [ -55.808506, -21.63691 ], [ -55.815472, -21.632979 ], [ -55.806355, -21.624983 ], [ -55.809142, -21.620425 ], [ -55.819221, -21.619542 ], [ -55.814202, -21.608551 ], [ -55.824232, -21.613334 ], [ -55.822138, -21.606046 ], [ -55.829391, -21.6087 ], [ -55.816283, -21.593505 ], [ -55.812023, -21.59804 ], [ -55.813226, -21.604912 ], [ -55.808348, -21.598332 ], [ -55.80524, -21.603188 ], [ -55.809334, -21.617493 ], [ -55.803251, -21.612451 ], [ -55.80096, -21.625054 ], [ -55.795478, -21.626226 ], [ -55.793016, -21.622094 ], [ -55.794742, -21.610251 ], [ -55.786707, -21.619291 ], [ -55.787059, -21.613106 ], [ -55.78381, -21.615834 ], [ -55.779929, -21.612151 ], [ -55.774981, -21.615213 ], [ -55.774897, -21.623253 ], [ -55.763418, -21.619126 ], [ -55.763347, -21.634723 ], [ -55.757271, -21.628014 ], [ -55.748762, -21.635115 ], [ -55.750404, -21.640369 ], [ -55.74244, -21.644102 ], [ -55.747331, -21.638564 ], [ -55.745243, -21.635251 ], [ -55.759806, -21.622933 ], [ -55.758392, -21.616598 ], [ -55.770426, -21.61361 ], [ -55.766972, -21.603744 ], [ -55.76195, -21.611937 ], [ -55.751682, -21.616014 ], [ -55.751404, -21.621012 ], [ -55.740421, -21.622108 ], [ -55.746758, -21.617019 ], [ -55.746737, -21.60501 ], [ -55.752538, -21.609385 ], [ -55.757703, -21.607584 ], [ -55.755264, -21.594861 ], [ -55.75937, -21.589549 ], [ -55.749628, -21.584279 ], [ -55.759604, -21.582037 ], [ -55.765805, -21.597352 ], [ -55.779894, -21.598926 ], [ -55.778536, -21.591962 ], [ -55.790359, -21.597933 ], [ -55.786977, -21.587303 ], [ -55.775262, -21.583495 ], [ -55.778426, -21.579365 ], [ -55.796219, -21.580617 ], [ -55.800867, -21.567764 ], [ -55.794365, -21.574074 ], [ -55.788524, -21.573428 ], [ -55.789546, -21.566815 ], [ -55.77834, -21.566526 ], [ -55.787843, -21.562114 ], [ -55.786012, -21.557192 ], [ -55.774079, -21.557337 ], [ -55.782619, -21.546383 ], [ -55.783272, -21.553216 ], [ -55.791948, -21.554946 ], [ -55.794517, -21.562575 ], [ -55.796965, -21.559147 ], [ -55.803972, -21.563099 ], [ -55.806032, -21.550507 ], [ -55.79899, -21.543978 ], [ -55.812192, -21.54588 ], [ -55.819063, -21.53672 ], [ -55.820287, -21.52861 ], [ -55.815937, -21.530514 ], [ -55.816397, -21.535956 ], [ -55.812128, -21.535951 ], [ -55.806337, -21.524491 ], [ -55.800976, -21.525011 ], [ -55.800856, -21.530321 ], [ -55.795163, -21.52409 ], [ -55.791457, -21.528983 ], [ -55.779662, -21.523387 ], [ -55.786943, -21.522363 ], [ -55.784413, -21.518647 ], [ -55.796302, -21.519746 ], [ -55.790057, -21.509325 ], [ -55.792308, -21.506212 ], [ -55.799779, -21.515315 ], [ -55.806598, -21.509243 ], [ -55.800929, -21.493984 ], [ -55.813252, -21.503268 ], [ -55.813658, -21.496076 ], [ -55.826027, -21.498623 ], [ -55.82515, -21.486745 ], [ -55.843044, -21.488879 ], [ -55.85668, -21.476625 ], [ -55.865764, -21.4592 ], [ -55.878681, -21.44947 ], [ -55.91077, -21.445021 ], [ -55.920978, -21.437298 ], [ -55.920627, -21.41849 ], [ -55.930064, -21.408904 ], [ -55.961689, -21.401963 ], [ -56.016989, -21.359754 ], [ -56.050742, -21.346284 ], [ -56.094303, -21.351236 ], [ -56.140051, -21.342938 ], [ -56.172503, -21.316058 ], [ -56.189392, -21.311099 ], [ -56.201727, -21.281864 ], [ -56.207824, -21.287358 ], [ -56.227587, -21.290394 ], [ -56.212239, -21.301627 ], [ -56.211448, -21.311598 ], [ -56.218492, -21.323629 ], [ -56.208844, -21.330151 ], [ -56.211631, -21.340891 ], [ -56.202281, -21.343945 ], [ -56.20623, -21.348515 ], [ -56.203236, -21.354997 ], [ -56.212315, -21.355218 ], [ -56.206372, -21.36316 ], [ -56.214105, -21.366638 ], [ -56.210017, -21.373197 ], [ -56.217264, -21.377293 ], [ -56.217236, -21.383411 ], [ -56.210316, -21.395979 ], [ -56.203877, -21.397378 ], [ -56.202407, -21.405257 ], [ -56.196282, -21.407012 ], [ -56.193076, -21.41851 ], [ -56.196743, -21.432235 ], [ -56.185573, -21.441122 ], [ -56.160903, -21.434384 ], [ -56.155005, -21.442663 ], [ -56.144708, -21.44612 ], [ -56.14298, -21.460928 ], [ -56.135262, -21.461001 ], [ -56.124691, -21.470409 ], [ -56.12012, -21.469868 ], [ -56.121255, -21.48579 ], [ -56.112123, -21.505015 ], [ -56.119943, -21.515742 ], [ -56.110001, -21.519912 ], [ -56.106141, -21.528252 ], [ -56.10983, -21.532164 ], [ -56.10491, -21.544197 ], [ -56.111075, -21.544706 ], [ -56.110855, -21.550171 ], [ -56.11614, -21.550767 ], [ -56.124366, -21.565648 ], [ -56.128386, -21.564984 ], [ -56.13473, -21.581466 ] ] ] } },
{ "type": "Feature", "properties": { "CD_MUN": "5003504", "NM_MUN": "Douradina", "SIGLA_UF": "MS", "AREA_KM2": 280.235 }, "geometry": { "type": "Polygon", "coordinates": [ [ [ -54.525892, -22.024976 ], [ -54.512645, -22.014601 ], [ -54.504597, -21.956558 ], [ -54.49694, -21.942454 ], [ -54.501421, -21.936932 ], [ -54.49882, -21.93404 ], [ -54.505695, -21.93414 ], [ -54.508431, -21.939883 ], [ -54.515779, -21.939311 ], [ -54.517438, -21.934722 ], [ -54.520781, -21.937062 ], [ -54.524994, -21.918074 ], [ -54.533083, -21.910895 ], [ -54.545932, -21.913535 ], [ -54.548606, -21.901103 ], [ -54.557133, -21.902565 ], [ -54.557743, -21.916018 ], [ -54.564989, -21.922966 ], [ -54.575522, -21.918651 ], [ -54.583524, -21.930806 ], [ -54.590377, -21.92187 ], [ -54.607146, -21.922593 ], [ -54.617571, -21.928852 ], [ -54.628191, -21.924572 ], [ -54.625684, -21.94249 ], [ -54.663842, -22.020456 ], [ -54.662392, -22.042134 ], [ -54.682379, -22.065983 ], [ -54.67943, -22.094379 ], [ -54.656291, -22.092524 ], [ -54.649893, -22.100167 ], [ -54.646195, -22.097604 ], [ -54.639725, -22.101514 ], [ -54.625378, -22.092456 ], [ -54.580166, -22.129772 ], [ -54.571266, -22.113688 ], [ -54.55504, -22.10303 ], [ -54.549677, -22.093602 ], [ -54.543665, -22.056986 ], [ -54.533667, -22.048952 ], [ -54.525892, -22.024976 ] ] ] } },
{ "type": "Feature", "properties": { "CD_MUN": "5003488", "NM_MUN": "Dois Irmãos do Buriti", "SIGLA_UF": "MS", "AREA_KM2": 2430.3 }, "geometry": { "type": "Polygon", "coordinates": [ [ [ -55.193074, -20.878664 ], [ -55.164569, -20.860691 ], [ -55.170492, -20.841719 ], [ -55.165831, -20.832602 ], [ -55.159378, -20.83402 ], [ -55.15345, -20.826431 ], [ -55.151478, -20.802345 ], [ -55.159574, -20.77286 ], [ -55.163525, -20.773877 ], [ -55.16409, -20.767826 ], [ -55.169473, -20.766667 ], [ -55.16625, -20.755649 ], [ -55.175852, -20.737319 ], [ -55.18395, -20.737152 ], [ -55.191196, -20.727428 ], [ -55.196676, -20.72857 ], [ -55.20492, -20.721886 ], [ -55.20317, -20.706795 ], [ -55.208696, -20.69615 ], [ -55.222368, -20.690889 ], [ -55.219532, -20.678731 ], [ -55.2162, -20.680059 ], [ -55.210087, -20.6694 ], [ -55.213826, -20.662858 ], [ -55.211112, -20.6574 ], [ -55.21794, -20.652256 ], [ -55.208457, -20.631826 ], [ -55.213279, -20.627971 ], [ -55.211931, -20.620644 ], [ -55.203883, -20.618388 ], [ -55.199921, -20.608718 ], [ -55.200931, -20.599577 ], [ -55.209693, -20.595618 ], [ -55.20372, -20.579529 ], [ -55.216728, -20.55737 ], [ -55.212231, -20.554601 ], [ -55.213521, -20.548587 ], [ -55.238893, -20.53018 ], [ -55.240398, -20.524313 ], [ -55.235821, -20.51841 ], [ -55.250292, -20.513158 ], [ -55.24925, -20.505669 ], [ -55.252765, -20.507602 ], [ -55.256518, -20.503173 ], [ -55.24943, -20.488868 ], [ -55.252129, -20.480921 ], [ -55.257028, -20.479044 ], [ -55.261691, -20.484505 ], [ -55.265056, -20.476512 ], [ -55.269956, -20.478394 ], [ -55.273659, -20.465603 ], [ -55.270739, -20.454782 ], [ -55.275259, -20.45215 ], [ -55.27142, -20.450337 ], [ -55.28401, -20.44894 ], [ -55.28658, -20.441719 ], [ -55.304776, -20.429965 ], [ -55.309523, -20.422351 ], [ -55.306849, -20.413385 ], [ -55.324172, -20.404595 ], [ -55.335855, -20.409216 ], [ -55.336685, -20.416421 ], [ -55.34581, -20.420752 ], [ -55.346432, -20.433503 ], [ -55.349337, -20.428267 ], [ -55.35634, -20.429559 ], [ -55.349565, -20.443107 ], [ -55.353324, -20.447181 ], [ -55.360178, -20.437452 ], [ -55.379279, -20.447552 ], [ -55.377343, -20.443038 ], [ -55.382956, -20.434758 ], [ -55.39118, -20.431819 ], [ -55.387758, -20.409472 ], [ -55.369386, -20.402096 ], [ -55.36792, -20.394235 ], [ -55.355951, -20.387275 ], [ -55.350256, -20.377047 ], [ -55.358234, -20.365201 ], [ -55.355662, -20.347047 ], [ -55.345648, -20.350527 ], [ -55.341495, -20.347155 ], [ -55.340816, -20.337932 ], [ -55.349729, -20.325444 ], [ -55.345463, -20.315153 ], [ -55.319665, -20.326173 ], [ -55.319703, -20.336837 ], [ -55.308253, -20.340986 ], [ -55.294919, -20.337341 ], [ -55.296313, -20.322267 ], [ -55.279039, -20.322129 ], [ -55.26411, -20.338325 ], [ -55.246895, -20.322986 ], [ -55.253343, -20.310208 ], [ -55.242966, -20.30138 ], [ -55.247801, -20.285127 ], [ -55.271323, -20.286209 ], [ -55.270266, -20.278018 ], [ -55.263923, -20.272712 ], [ -55.268965, -20.268289 ], [ -55.268189, -20.249509 ], [ -55.272751, -20.245218 ], [ -55.26527, -20.242592 ], [ -55.259249, -20.247717 ], [ -55.254932, -20.246377 ], [ -55.255108, -20.230678 ], [ -55.245902, -20.226367 ], [ -55.273451, -20.212078 ], [ -55.282226, -20.199911 ], [ -55.312745, -20.1784 ], [ -55.331602, -20.17148 ], [ -55.337054, -20.159554 ], [ -55.353087, -20.165555 ], [ -55.357986, -20.174901 ], [ -55.370788, -20.172164 ], [ -55.394257, -20.175855 ], [ -55.400669, -20.170074 ], [ -55.411871, -20.16863 ], [ -55.411593, -20.15491 ], [ -55.424471, -20.14559 ], [ -55.442676, -20.155373 ], [ -55.449716, -20.149364 ], [ -55.446449, -20.141175 ], [ -55.471612, -20.150822 ], [ -55.482089, -20.145633 ], [ -55.486674, -20.149697 ], [ -55.48631, -20.167335 ], [ -55.509977, -20.198423 ], [ -55.513727, -20.218812 ], [ -55.505477, -20.220423 ], [ -55.502143, -20.227367 ], [ -55.5218, -20.243514 ], [ -55.517223, -20.259012 ], [ -55.520181, -20.268463 ], [ -55.516195, -20.282322 ], [ -55.491524, -20.293475 ], [ -55.487426, -20.301221 ], [ -55.475527, -20.299644 ], [ -55.470796, -20.30638 ], [ -55.462851, -20.305605 ], [ -55.45923, -20.299951 ], [ -55.458037, -20.306182 ], [ -55.451679, -20.308191 ], [ -55.458806, -20.324374 ], [ -55.452931, -20.329391 ], [ -55.459569, -20.333566 ], [ -55.461021, -20.345242 ], [ -55.455586, -20.347566 ], [ -55.460705, -20.354087 ], [ -55.455143, -20.358824 ], [ -55.457275, -20.36636 ], [ -55.445356, -20.387591 ], [ -55.450038, -20.438414 ], [ -55.459297, -20.44032 ], [ -55.449896, -20.448824 ], [ -55.461523, -20.461111 ], [ -55.464523, -20.476918 ], [ -55.477285, -20.457997 ], [ -55.484188, -20.468476 ], [ -55.504899, -20.456278 ], [ -55.527896, -20.474536 ], [ -55.532251, -20.484743 ], [ -55.542237, -20.489785 ], [ -55.553089, -20.508729 ], [ -55.564787, -20.50922 ], [ -55.566596, -20.492874 ], [ -55.5817, -20.501416 ], [ -55.587089, -20.509861 ], [ -55.574322, -20.52096 ], [ -55.581124, -20.539699 ], [ -55.567082, -20.544731 ], [ -55.576606, -20.551538 ], [ -55.582502, -20.57488 ], [ -55.578921, -20.5834 ], [ -55.585054, -20.590577 ], [ -55.585871, -20.607252 ], [ -55.58147, -20.624691 ], [ -55.573623, -20.626297 ], [ -55.575225, -20.631944 ], [ -55.567682, -20.639249 ], [ -55.561007, -20.637613 ], [ -55.556079, -20.642857 ], [ -55.555584, -20.653858 ], [ -55.562568, -20.657898 ], [ -55.558668, -20.66704 ], [ -55.549794, -20.672188 ], [ -55.552552, -20.684416 ], [ -55.547785, -20.688884 ], [ -55.543179, -20.686987 ], [ -55.5412, -20.696737 ], [ -55.533749, -20.696248 ], [ -55.532552, -20.704091 ], [ -55.52722, -20.700984 ], [ -55.523257, -20.71211 ], [ -55.530005, -20.728528 ], [ -55.527164, -20.740393 ], [ -55.514201, -20.741348 ], [ -55.502257, -20.753234 ], [ -55.47069, -20.768894 ], [ -55.472834, -20.77745 ], [ -55.463866, -20.781682 ], [ -55.463749, -20.795715 ], [ -55.448981, -20.808593 ], [ -55.450487, -20.826733 ], [ -55.443753, -20.827922 ], [ -55.438844, -20.836782 ], [ -55.419244, -20.83825 ], [ -55.412797, -20.845648 ], [ -55.418678, -20.863177 ], [ -55.408133, -20.868794 ], [ -55.39446, -20.896502 ], [ -55.400288, -20.912317 ], [ -55.392587, -20.915216 ], [ -55.387337, -20.928367 ], [ -55.36796, -20.931412 ], [ -55.373102, -20.936657 ], [ -55.373071, -20.945115 ], [ -55.368543, -20.948841 ], [ -55.371492, -20.957625 ], [ -55.355765, -20.96613 ], [ -55.340505, -20.985043 ], [ -55.34396, -20.992659 ], [ -55.3222, -21.007282 ], [ -55.307552, -21.039519 ], [ -55.300825, -21.021536 ], [ -55.275706, -20.999743 ], [ -55.266396, -20.998332 ], [ -55.254043, -21.01567 ], [ -55.207728, -21.03551 ], [ -55.211199, -21.013085 ], [ -55.208267, -21.003096 ], [ -55.189096, -20.996739 ], [ -55.183044, -20.989712 ], [ -55.191779, -20.98301 ], [ -55.201827, -20.96421 ], [ -55.19811, -20.958327 ], [ -55.20266, -20.94346 ], [ -55.197333, -20.93188 ], [ -55.201971, -20.895996 ], [ -55.193074, -20.878664 ] ] ] } },
{ "type": "Feature", "properties": { "CD_MUN": "5003454", "NM_MUN": "Deodápolis", "SIGLA_UF": "MS", "AREA_KM2": 828.45 }, "geometry": { "type": "Polygon", "coordinates": [ [ [ -54.093391, -22.328586 ], [ -54.016309, -22.16676 ], [ -53.997482, -22.158021 ], [ -54.008768, -22.153494 ], [ -53.993864, -22.119973 ], [ -54.087219, -22.083302 ], [ -54.092154, -22.067308 ], [ -54.085288, -22.030136 ], [ -54.096808, -21.978193 ], [ -54.12558, -21.945745 ], [ -54.14011, -21.946254 ], [ -54.149508, -21.939149 ], [ -54.167787, -21.941709 ], [ -54.19016, -21.923643 ], [ -54.200911, -21.938992 ], [ -54.207508, -21.931713 ], [ -54.212561, -21.933239 ], [ -54.214635, -21.949857 ], [ -54.231993, -21.953839 ], [ -54.227497, -21.956611 ], [ -54.233585, -21.961137 ], [ -54.230672, -21.972572 ], [ -54.219747, -21.976888 ], [ -54.220699, -21.995563 ], [ -54.207855, -22.001723 ], [ -54.205862, -22.017195 ], [ -54.201337, -22.016556 ], [ -54.202313, -22.020414 ], [ -54.215691, -22.024514 ], [ -54.219, -22.031551 ], [ -54.215916, -22.039308 ], [ -54.224622, -22.050179 ], [ -54.230013, -22.068881 ], [ -54.243149, -22.082994 ], [ -54.239574, -22.090163 ], [ -54.246156, -22.090452 ], [ -54.239274, -22.095876 ], [ -54.239629, -22.122288 ], [ -54.228062, -22.124052 ], [ -54.224631, -22.133489 ], [ -54.239011, -22.146207 ], [ -54.244828, -22.143421 ], [ -54.25037, -22.157416 ], [ -54.264481, -22.153695 ], [ -54.260491, -22.16577 ], [ -54.279585, -22.175028 ], [ -54.275567, -22.174923 ], [ -54.277348, -22.179599 ], [ -54.264054, -22.181155 ], [ -54.267272, -22.191829 ], [ -54.290978, -22.211945 ], [ -54.28012, -22.211946 ], [ -54.279473, -22.217438 ], [ -54.295965, -22.219959 ], [ -54.30896, -22.229213 ], [ -54.303396, -22.235671 ], [ -54.262442, -22.251686 ], [ -54.280575, -22.292184 ], [ -54.114921, -22.355379 ], [ -54.106599, -22.33942 ], [ -54.093391, -22.328586 ] ] ] } },
{ "type": "Feature", "properties": { "CD_MUN": "5003751", "NM_MUN": "Eldorado", "SIGLA_UF": "MS", "AREA_KM2": 1012.796 }, "geometry": { "type": "Polygon", "coordinates": [ [ [ -54.086062, -23.825161 ], [ -54.075709, -23.764485 ], [ -54.0519, -23.721137 ], [ -54.051122, -23.687171 ], [ -54.061851, -23.68094 ], [ -54.06409, -23.666678 ], [ -54.054867, -23.648955 ], [ -54.058169, -23.642445 ], [ -54.086137, -23.637585 ], [ -54.106493, -23.641357 ], [ -54.120129, -23.626652 ], [ -54.141965, -23.626319 ], [ -54.15276, -23.612333 ], [ -54.196231, -23.596102 ], [ -54.210826, -23.574398 ], [ -54.239201, -23.566301 ], [ -54.254989, -23.569446 ], [ -54.281697, -23.561397 ], [ -54.304885, -23.562033 ], [ -54.324731, -23.551191 ], [ -54.330385, -23.554228 ], [ -54.38797, -23.705409 ], [ -54.377785, -23.725798 ], [ -54.396007, -23.746529 ], [ -54.416588, -23.783874 ], [ -54.395243, -23.812263 ], [ -54.36092, -23.818826 ], [ -54.349489, -23.830621 ], [ -54.343061, -23.826774 ], [ -54.334877, -23.83721 ], [ -54.322406, -23.839618 ], [ -54.315341, -23.834272 ], [ -54.3092, -23.840896 ], [ -54.304727, -23.83654 ], [ -54.300106, -23.846663 ], [ -54.273812, -23.860334 ], [ -54.252773, -23.894997 ], [ -54.244519, -23.895515 ], [ -54.23138, -23.909416 ], [ -54.225604, -23.908774 ], [ -54.228342, -23.915614 ], [ -54.221435, -23.911008 ], [ -54.214294, -23.919625 ], [ -54.212435, -23.911761 ], [ -54.205159, -23.915784 ], [ -54.21026, -23.92181 ], [ -54.207418, -23.924086 ], [ -54.198729, -23.920199 ], [ -54.196763, -23.914524 ], [ -54.193104, -23.924173 ], [ -54.189917, -23.915008 ], [ -54.184517, -23.922042 ], [ -54.188123, -23.927448 ], [ -54.170538, -23.927998 ], [ -54.15984, -23.923003 ], [ -54.154105, -23.925991 ], [ -54.115335, -23.903663 ], [ -54.092853, -23.870806 ], [ -54.083986, -23.864985 ], [ -54.088105, -23.84453 ], [ -54.083099, -23.8311 ], [ -54.086062, -23.825161 ] ] ] } },
{ "type": "Feature", "properties": { "CD_MUN": "5003801", "NM_MUN": "Fátima do Sul", "SIGLA_UF": "MS", "AREA_KM2": 325.631 }, "geometry": { "type": "Polygon", "coordinates": [ [ [ -54.505918, -22.457845 ], [ -54.462967, -22.363189 ], [ -54.438346, -22.372695 ], [ -54.429136, -22.352324 ], [ -54.325395, -22.392467 ], [ -54.262442, -22.251686 ], [ -54.303396, -22.235671 ], [ -54.31674, -22.243327 ], [ -54.313703, -22.247697 ], [ -54.317323, -22.248278 ], [ -54.31746, -22.255007 ], [ -54.328531, -22.249977 ], [ -54.330344, -22.254234 ], [ -54.348743, -22.251712 ], [ -54.359776, -22.256258 ], [ -54.365469, -22.266143 ], [ -54.383465, -22.272663 ], [ -54.383738, -22.277673 ], [ -54.376357, -22.277847 ], [ -54.385622, -22.284756 ], [ -54.391506, -22.299954 ], [ -54.399346, -22.301383 ], [ -54.414037, -22.326474 ], [ -54.419073, -22.323862 ], [ -54.425686, -22.328923 ], [ -54.432421, -22.324457 ], [ -54.441443, -22.327586 ], [ -54.438858, -22.347246 ], [ -54.459068, -22.330749 ], [ -54.462604, -22.338507 ], [ -54.471096, -22.335788 ], [ -54.487766, -22.342094 ], [ -54.489421, -22.346418 ], [ -54.519544, -22.348659 ], [ -54.531334, -22.336227 ], [ -54.531045, -22.31665 ], [ -54.566393, -22.293986 ], [ -54.642357, -22.352777 ], [ -54.632496, -22.369733 ], [ -54.592177, -22.383365 ], [ -54.576775, -22.394317 ], [ -54.575143, -22.403913 ], [ -54.56501, -22.410407 ], [ -54.551752, -22.407247 ], [ -54.535433, -22.413235 ], [ -54.523995, -22.407149 ], [ -54.517389, -22.428209 ], [ -54.51715, -22.44741 ], [ -54.505918, -22.457845 ] ] ] } },
{ "type": "Feature", "properties": { "CD_MUN": "5003702", "NM_MUN": "Dourados", "SIGLA_UF": "MS", "AREA_KM2": 4062.889 }, "geometry": { "type": "Polygon", "coordinates": [ [ [ -54.691034, -22.424239 ], [ -54.666656, -22.419432 ], [ -54.65018, -22.429092 ], [ -54.645973, -22.436125 ], [ -54.633209, -22.435136 ], [ -54.624772, -22.417673 ], [ -54.619398, -22.421991 ], [ -54.61758, -22.415164 ], [ -54.609058, -22.409983 ], [ -54.575143, -22.403913 ], [ -54.576775, -22.394317 ], [ -54.592177, -22.383365 ], [ -54.632496, -22.369733 ], [ -54.642357, -22.352777 ], [ -54.566393, -22.293986 ], [ -54.531045, -22.31665 ], [ -54.531334, -22.336227 ], [ -54.519544, -22.348659 ], [ -54.489421, -22.346418 ], [ -54.487766, -22.342094 ], [ -54.471096, -22.335788 ], [ -54.462604, -22.338507 ], [ -54.459068, -22.330749 ], [ -54.438858, -22.347246 ], [ -54.441443, -22.327586 ], [ -54.432677, -22.32444 ], [ -54.42628, -22.32897 ], [ -54.419306, -22.323882 ], [ -54.413832, -22.326287 ], [ -54.399346, -22.301383 ], [ -54.391506, -22.299954 ], [ -54.385622, -22.284756 ], [ -54.376357, -22.277847 ], [ -54.383906, -22.277546 ], [ -54.382507, -22.271667 ], [ -54.365704, -22.266294 ], [ -54.360514, -22.256778 ], [ -54.349433, -22.251853 ], [ -54.330344, -22.254234 ], [ -54.328531, -22.249977 ], [ -54.31746, -22.255007 ], [ -54.317323, -22.248278 ], [ -54.313703, -22.247697 ], [ -54.31674, -22.243327 ], [ -54.303114, -22.237935 ], [ -54.308629, -22.228052 ], [ -54.295965, -22.219959 ], [ -54.279945, -22.218046 ], [ -54.279882, -22.212075 ], [ -54.290914, -22.211794 ], [ -54.26868, -22.194532 ], [ -54.26363, -22.182213 ], [ -54.271932, -22.177647 ], [ -54.277631, -22.179459 ], [ -54.275567, -22.174923 ], [ -54.279173, -22.174104 ], [ -54.266321, -22.171547 ], [ -54.260491, -22.16577 ], [ -54.26439, -22.153614 ], [ -54.25037, -22.157416 ], [ -54.244828, -22.143421 ], [ -54.239011, -22.146207 ], [ -54.224631, -22.133489 ], [ -54.228062, -22.124052 ], [ -54.239629, -22.122288 ], [ -54.239274, -22.095876 ], [ -54.246156, -22.090452 ], [ -54.239574, -22.090163 ], [ -54.243149, -22.082994 ], [ -54.230013, -22.068881 ], [ -54.224622, -22.050179 ], [ -54.215916, -22.039308 ], [ -54.219, -22.031551 ], [ -54.215691, -22.024514 ], [ -54.201675, -22.019543 ], [ -54.201921, -22.015587 ], [ -54.205862, -22.017195 ], [ -54.207592, -22.002008 ], [ -54.220762, -21.995454 ], [ -54.220028, -21.976262 ], [ -54.224551, -21.977592 ], [ -54.230872, -21.972252 ], [ -54.230541, -21.961374 ], [ -54.233585, -21.961137 ], [ -54.227692, -21.955438 ], [ -54.241201, -21.947974 ], [ -54.241619, -21.955939 ], [ -54.246268, -21.95359 ], [ -54.256306, -21.962467 ], [ -54.262019, -21.958698 ], [ -54.260622, -21.949768 ], [ -54.268315, -21.948524 ], [ -54.26645, -21.955044 ], [ -54.274414, -21.96595 ], [ -54.28262, -21.952392 ], [ -54.279777, -21.936625 ], [ -54.285475, -21.932707 ], [ -54.288674, -21.938886 ], [ -54.300155, -21.935959 ], [ -54.301373, -21.940258 ], [ -54.30779, -21.933887 ], [ -54.326496, -21.935289 ], [ -54.335054, -21.951707 ], [ -54.336932, -21.945639 ], [ -54.363394, -21.947108 ], [ -54.360528, -21.940707 ], [ -54.365113, -21.933893 ], [ -54.372655, -21.948703 ], [ -54.378338, -21.938103 ], [ -54.374046, -21.935957 ], [ -54.376629, -21.932177 ], [ -54.390658, -21.932051 ], [ -54.396275, -21.924963 ], [ -54.409875, -21.934253 ], [ -54.422655, -21.924996 ], [ -54.43494, -21.924891 ], [ -54.43143, -21.9176 ], [ -54.435743, -21.912816 ], [ -54.427539, -21.90394 ], [ -54.45116, -21.900804 ], [ -54.454357, -21.89271 ], [ -54.461551, -21.897222 ], [ -54.464179, -21.890927 ], [ -54.472992, -21.892552 ], [ -54.496109, -21.909044 ], [ -54.494386, -21.929645 ], [ -54.50143, -21.936428 ], [ -54.496885, -21.942104 ], [ -54.504597, -21.956558 ], [ -54.512645, -22.014601 ], [ -54.526151, -22.025182 ], [ -54.533667, -22.048952 ], [ -54.543298, -22.056208 ], [ -54.544609, -22.076129 ], [ -54.554152, -22.102024 ], [ -54.571266, -22.113688 ], [ -54.580166, -22.129772 ], [ -54.625378, -22.092456 ], [ -54.639725, -22.101514 ], [ -54.646195, -22.097604 ], [ -54.649893, -22.100167 ], [ -54.656291, -22.092524 ], [ -54.67943, -22.094379 ], [ -54.682379, -22.065983 ], [ -54.695074, -22.073407 ], [ -54.697659, -22.086484 ], [ -54.706473, -22.097667 ], [ -54.718758, -22.098044 ], [ -54.74438, -22.112824 ], [ -54.767952, -22.136631 ], [ -54.828665, -22.174362 ], [ -54.836764, -22.17106 ], [ -54.840205, -22.181608 ], [ -54.870591, -22.200706 ], [ -54.924413, -22.191718 ], [ -54.955718, -22.176994 ], [ -54.978929, -22.151695 ], [ -55.017198, -22.141686 ], [ -55.023099, -22.125286 ], [ -55.044546, -22.103445 ], [ -55.051668, -22.103237 ], [ -55.07057, -22.115991 ], [ -55.091685, -22.122023 ], [ -55.095427, -22.110484 ], [ -55.087908, -22.095619 ], [ -55.086275, -22.07399 ], [ -55.097481, -22.058549 ], [ -55.105452, -22.034555 ], [ -55.099494, -22.005606 ], [ -55.080362, -21.982232 ], [ -55.022854, -21.963613 ], [ -55.016483, -21.94413 ], [ -55.008871, -21.938906 ], [ -55.022326, -21.918149 ], [ -55.007044, -21.897551 ], [ -55.010694, -21.886548 ], [ -55.018017, -21.885674 ], [ -55.034064, -21.899255 ], [ -55.043408, -21.894567 ], [ -55.055077, -21.900338 ], [ -55.061863, -21.897178 ], [ -55.063743, -21.901095 ], [ -55.071925, -21.900293 ], [ -55.090323, -21.90859 ], [ -55.097604, -21.906779 ], [ -55.095993, -21.903501 ], [ -55.104107, -21.90389 ], [ -55.150413, -21.921292 ], [ -55.159258, -21.921786 ], [ -55.178021, -21.912758 ], [ -55.227336, -21.925893 ], [ -55.269166, -21.918016 ], [ -55.288837, -21.911477 ], [ -55.289844, -21.904304 ], [ -55.30046, -21.90528 ], [ -55.316618, -21.896398 ], [ -55.337243, -21.897905 ], [ -55.350022, -21.893737 ], [ -55.363945, -21.879449 ], [ -55.369445, -21.88001 ], [ -55.390362, -21.894751 ], [ -55.395432, -21.892384 ], [ -55.394549, -21.888281 ], [ -55.413579, -21.89491 ], [ -55.422996, -21.902387 ], [ -55.439042, -21.937235 ], [ -55.478309, -21.95623 ], [ -55.487288, -21.971801 ], [ -55.523222, -21.984213 ], [ -55.49909, -22.034948 ], [ -55.50262, -22.039152 ], [ -55.495167, -22.064568 ], [ -55.495291, -22.118527 ], [ -55.478032, -22.126454 ], [ -55.465441, -22.125041 ], [ -55.459862, -22.136982 ], [ -55.447324, -22.148215 ], [ -55.445847, -22.138301 ], [ -55.436545, -22.147899 ], [ -55.427557, -22.139576 ], [ -55.414299, -22.155159 ], [ -55.403676, -22.151858 ], [ -55.408979, -22.142245 ], [ -55.406533, -22.14003 ], [ -55.391393, -22.145922 ], [ -55.392813, -22.151003 ], [ -55.389178, -22.14973 ], [ -55.385646, -22.154812 ], [ -55.386288, -22.161385 ], [ -55.376128, -22.165956 ], [ -55.384012, -22.175425 ], [ -55.378571, -22.191166 ], [ -55.370275, -22.193612 ], [ -55.37204, -22.209968 ], [ -55.356144, -22.202761 ], [ -55.344147, -22.205939 ], [ -55.337736, -22.193574 ], [ -55.335031, -22.197304 ], [ -55.339773, -22.201307 ], [ -55.332924, -22.204789 ], [ -55.328735, -22.214997 ], [ -55.32263, -22.197614 ], [ -55.313624, -22.199372 ], [ -55.309804, -22.192562 ], [ -55.295401, -22.19703 ], [ -55.294343, -22.192135 ], [ -55.285999, -22.19275 ], [ -55.276205, -22.205645 ], [ -55.278835, -22.209616 ], [ -55.273055, -22.217125 ], [ -55.268862, -22.214504 ], [ -55.261721, -22.218445 ], [ -55.260956, -22.226438 ], [ -55.257481, -22.223987 ], [ -55.25311, -22.227758 ], [ -55.247967, -22.222572 ], [ -55.242059, -22.227818 ], [ -55.2354, -22.225264 ], [ -55.227484, -22.229467 ], [ -55.22231, -22.222669 ], [ -55.212617, -22.223332 ], [ -55.205069, -22.231599 ], [ -55.211151, -22.241652 ], [ -55.194954, -22.246965 ], [ -55.183759, -22.23371 ], [ -55.168928, -22.232396 ], [ -55.162841, -22.223567 ], [ -55.143154, -22.223728 ], [ -55.143384, -22.230721 ], [ -55.135352, -22.235268 ], [ -55.129276, -22.233494 ], [ -55.124045, -22.245371 ], [ -55.122359, -22.242855 ], [ -55.109285, -22.248958 ], [ -55.102808, -22.246453 ], [ -55.101726, -22.260779 ], [ -55.075334, -22.26555 ], [ -55.070607, -22.272218 ], [ -55.070282, -22.285989 ], [ -55.053051, -22.296946 ], [ -55.052806, -22.308982 ], [ -55.040242, -22.312217 ], [ -55.034303, -22.324864 ], [ -55.025848, -22.321594 ], [ -55.020471, -22.337653 ], [ -54.99682, -22.344857 ], [ -54.98122, -22.340254 ], [ -54.976574, -22.350758 ], [ -54.985431, -22.357108 ], [ -54.975084, -22.364017 ], [ -54.962226, -22.362993 ], [ -54.953875, -22.370655 ], [ -54.945727, -22.37148 ], [ -54.937078, -22.36283 ], [ -54.931801, -22.367016 ], [ -54.936391, -22.372369 ], [ -54.931861, -22.375606 ], [ -54.913178, -22.373642 ], [ -54.911901, -22.391764 ], [ -54.898789, -22.386364 ], [ -54.891382, -22.376884 ], [ -54.882654, -22.384343 ], [ -54.854311, -22.391939 ], [ -54.849718, -22.38801 ], [ -54.842358, -22.395961 ], [ -54.827372, -22.395279 ], [ -54.822462, -22.398871 ], [ -54.815408, -22.388332 ], [ -54.808128, -22.388628 ], [ -54.795589, -22.401809 ], [ -54.792778, -22.398288 ], [ -54.783513, -22.400268 ], [ -54.777192, -22.412867 ], [ -54.779653, -22.423938 ], [ -54.770385, -22.419194 ], [ -54.755156, -22.431743 ], [ -54.753252, -22.422873 ], [ -54.743277, -22.415073 ], [ -54.731971, -22.425805 ], [ -54.739518, -22.427133 ], [ -54.740453, -22.433166 ], [ -54.721839, -22.441251 ], [ -54.719263, -22.433668 ], [ -54.706467, -22.434843 ], [ -54.693019, -22.430136 ], [ -54.691034, -22.424239 ] ] ] } },
{ "type": "Feature", "properties": { "CD_MUN": "5002951", "NM_MUN": "Chapadão do Sul", "SIGLA_UF": "MS", "AREA_KM2": 3252.327 }, "geometry": { "type": "Polygon", "coordinates": [ [ [ -52.467384, -19.392381 ], [ -52.447733, -19.377672 ], [ -52.45423, -19.373437 ], [ -52.44959, -19.364442 ], [ -52.443336, -19.362992 ], [ -52.445958, -19.353329 ], [ -52.438416, -19.344196 ], [ -52.440971, -19.336498 ], [ -52.461708, -19.331988 ], [ -52.469918, -19.323995 ], [ -52.471658, -19.314182 ], [ -52.479149, -19.30709 ], [ -52.489844, -19.254138 ], [ -52.503209, -19.251261 ], [ -52.541845, -19.223735 ], [ -52.527651, -19.06249 ], [ -52.543275, -19.045852 ], [ -52.556751, -19.044772 ], [ -52.554321, -19.041186 ], [ -52.564487, -19.038084 ], [ -52.564255, -19.029546 ], [ -52.578488, -19.023538 ], [ -52.582997, -19.006317 ], [ -52.577477, -19.00156 ], [ -52.585565, -18.995837 ], [ -52.579524, -18.991242 ], [ -52.587126, -18.982847 ], [ -52.594743, -18.98594 ], [ -52.599523, -18.983327 ], [ -52.592868, -18.966755 ], [ -52.56588, -18.949377 ], [ -52.549466, -18.932743 ], [ -52.537403, -18.917922 ], [ -52.534397, -18.907172 ], [ -52.517914, -18.92427 ], [ -52.520016, -18.940904 ], [ -52.50762, -18.939234 ], [ -52.517056, -18.957031 ], [ -52.480509, -18.962958 ], [ -52.470085, -18.969931 ], [ -52.490894, -18.923359 ], [ -52.466167, -18.921281 ], [ -52.471907, -18.917726 ], [ -52.476936, -18.900267 ], [ -52.494829, -18.88229 ], [ -52.478527, -18.867448 ], [ -52.474259, -18.859088 ], [ -52.485564, -18.854133 ], [ -52.470447, -18.835997 ], [ -52.482318, -18.786053 ], [ -52.472423, -18.783098 ], [ -52.457291, -18.769519 ], [ -52.444638, -18.766955 ], [ -52.411745, -18.742589 ], [ -52.430435, -18.724788 ], [ -52.448026, -18.691966 ], [ -52.510182, -18.674295 ], [ -52.512036, -18.670003 ], [ -52.52071, -18.669802 ], [ -52.531549, -18.657481 ], [ -52.539864, -18.65975 ], [ -52.54649, -18.656597 ], [ -52.566633, -18.664821 ], [ -52.592441, -18.68902 ], [ -52.621237, -18.688432 ], [ -52.632412, -18.69559 ], [ -52.643357, -18.687574 ], [ -52.683944, -18.677612 ], [ -52.716103, -18.691409 ], [ -52.731415, -18.688566 ], [ -52.746015, -18.692407 ], [ -52.765187, -18.680623 ], [ -52.785263, -18.681509 ], [ -52.809101, -18.667215 ], [ -52.825431, -18.6724 ], [ -52.836229, -18.666641 ], [ -52.846469, -18.666953 ], [ -52.849393, -18.660714 ], [ -52.872214, -18.646118 ], [ -52.91676, -18.640295 ], [ -52.914322, -18.61982 ], [ -52.921126, -18.613401 ], [ -52.960683, -18.650473 ], [ -52.97134, -18.653308 ], [ -52.990871, -18.667576 ], [ -53.017837, -18.671395 ], [ -53.022631, -18.699268 ], [ -53.043342, -18.723302 ], [ -53.037188, -18.742484 ], [ -53.043838, -18.762891 ], [ -53.04911, -18.764374 ], [ -53.043213, -18.776693 ], [ -53.053004, -18.792554 ], [ -53.034883, -18.802235 ], [ -53.018627, -18.795046 ], [ -52.977995, -18.796636 ], [ -52.959313, -18.785648 ], [ -52.898838, -18.785883 ], [ -52.876547, -18.888045 ], [ -52.82722, -18.929688 ], [ -52.833483, -18.962224 ], [ -52.882058, -19.07818 ], [ -52.888782, -19.083723 ], [ -52.920563, -19.092525 ], [ -52.938706, -19.107769 ], [ -52.955519, -19.105169 ], [ -52.973494, -19.111226 ], [ -52.975864, -19.126348 ], [ -52.969415, -19.130565 ], [ -52.967618, -19.141423 ], [ -52.939982, -19.148341 ], [ -52.944113, -19.159413 ], [ -52.936357, -19.164544 ], [ -52.940889, -19.177747 ], [ -52.935158, -19.176557 ], [ -52.930574, -19.180721 ], [ -52.930813, -19.184475 ], [ -52.93577, -19.18403 ], [ -52.934877, -19.195172 ], [ -52.92945, -19.19498 ], [ -52.926133, -19.212171 ], [ -52.912394, -19.220219 ], [ -52.911785, -19.225796 ], [ -52.916526, -19.22651 ], [ -52.905881, -19.234161 ], [ -52.90077, -19.248477 ], [ -52.876722, -19.244645 ], [ -52.868766, -19.236732 ], [ -52.866838, -19.240015 ], [ -52.850261, -19.232874 ], [ -52.849087, -19.240842 ], [ -52.84699, -19.237826 ], [ -52.839229, -19.240047 ], [ -52.818033, -19.250518 ], [ -52.819101, -19.246632 ], [ -52.813647, -19.245878 ], [ -52.810489, -19.257345 ], [ -52.791537, -19.256078 ], [ -52.776365, -19.26152 ], [ -52.769591, -19.268661 ], [ -52.768204, -19.263867 ], [ -52.755345, -19.268152 ], [ -52.756386, -19.274123 ], [ -52.749794, -19.269898 ], [ -52.741975, -19.272685 ], [ -52.725758, -19.268419 ], [ -52.702913, -19.281168 ], [ -52.697848, -19.295155 ], [ -52.686549, -19.302922 ], [ -52.685932, -19.317228 ], [ -52.68056, -19.32028 ], [ -52.682465, -19.330357 ], [ -52.674609, -19.330721 ], [ -52.662563, -19.345702 ], [ -52.653943, -19.343359 ], [ -52.649578, -19.351911 ], [ -52.621826, -19.352673 ], [ -52.611164, -19.3607 ], [ -52.616219, -19.369056 ], [ -52.608157, -19.369792 ], [ -52.608208, -19.36627 ], [ -52.603269, -19.375664 ], [ -52.595039, -19.374136 ], [ -52.588321, -19.378665 ], [ -52.578354, -19.399239 ], [ -52.566077, -19.397032 ], [ -52.575871, -19.413012 ], [ -52.576882, -19.427269 ], [ -52.571638, -19.430243 ], [ -52.57535, -19.436396 ], [ -52.566832, -19.439306 ], [ -52.564111, -19.450862 ], [ -52.556695, -19.454093 ], [ -52.540815, -19.475614 ], [ -52.528486, -19.480456 ], [ -52.528531, -19.487168 ], [ -52.519457, -19.49122 ], [ -52.52989, -19.501031 ], [ -52.51865, -19.520958 ], [ -52.5218, -19.540449 ], [ -52.515646, -19.550397 ], [ -52.507728, -19.551138 ], [ -52.498347, -19.535983 ], [ -52.4874, -19.528444 ], [ -52.487807, -19.520179 ], [ -52.482671, -19.514646 ], [ -52.484933, -19.501067 ], [ -52.48188, -19.498038 ], [ -52.47979, -19.501302 ], [ -52.479174, -19.495126 ], [ -52.471146, -19.49195 ], [ -52.468759, -19.486996 ], [ -52.472843, -19.481386 ], [ -52.466716, -19.479673 ], [ -52.467127, -19.468726 ], [ -52.458058, -19.458734 ], [ -52.469774, -19.454443 ], [ -52.470232, -19.439927 ], [ -52.462574, -19.435906 ], [ -52.471447, -19.431852 ], [ -52.468296, -19.425552 ], [ -52.473681, -19.419056 ], [ -52.466409, -19.418617 ], [ -52.467384, -19.392381 ] ] ] } },
{ "type": "Feature", "properties": { "CD_MUN": "5002902", "NM_MUN": "Cassilândia", "SIGLA_UF": "MS", "AREA_KM2": 3711.715 }, "geometry": { "type": "Polygon", "coordinates": [ [ [ -52.221956, -19.237374 ], [ -52.218812, -19.230203 ], [ -52.211167, -19.228089 ], [ -52.208967, -19.220043 ], [ -52.195043, -19.21843 ], [ -52.191898, -19.222382 ], [ -52.18895, -19.212017 ], [ -52.179642, -19.203518 ], [ -52.175328, -19.204097 ], [ -52.1709, -19.197254 ], [ -52.161638, -19.198293 ], [ -52.107819, -19.229529 ], [ -52.090324, -19.255415 ], [ -52.078581, -19.259153 ], [ -52.056189, -19.2502 ], [ -52.0511, -19.227388 ], [ -52.02022, -19.198815 ], [ -51.979365, -19.191149 ], [ -51.936586, -19.212949 ], [ -51.831483, -19.225625 ], [ -51.805245, -19.238376 ], [ -51.787971, -19.241157 ], [ -51.789499, -19.243917 ], [ -51.782588, -19.249002 ], [ -51.763029, -19.250319 ], [ -51.759171, -19.257422 ], [ -51.75251, -19.256219 ], [ -51.753124, -19.261826 ], [ -51.74402, -19.262178 ], [ -51.743715, -19.267533 ], [ -51.739142, -19.265073 ], [ -51.734666, -19.268051 ], [ -51.734407, -19.260186 ], [ -51.726198, -19.25692 ], [ -51.71971, -19.265515 ], [ -51.723684, -19.282154 ], [ -51.718042, -19.281976 ], [ -51.715233, -19.286854 ], [ -51.716824, -19.296626 ], [ -51.714015, -19.290683 ], [ -51.711275, -19.294988 ], [ -51.706285, -19.287413 ], [ -51.701927, -19.287764 ], [ -51.704619, -19.281612 ], [ -51.701403, -19.274915 ], [ -51.709273, -19.261106 ], [ -51.705091, -19.25585 ], [ -51.700237, -19.263916 ], [ -51.686931, -19.257776 ], [ -51.685806, -19.264035 ], [ -51.679247, -19.267611 ], [ -51.657887, -19.264094 ], [ -51.652837, -19.274913 ], [ -51.660141, -19.292362 ], [ -51.647177, -19.292493 ], [ -51.644224, -19.283802 ], [ -51.64043, -19.287797 ], [ -51.639729, -19.283562 ], [ -51.633929, -19.283329 ], [ -51.63176, -19.289343 ], [ -51.628123, -19.285879 ], [ -51.623068, -19.288461 ], [ -51.622156, -19.29861 ], [ -51.615435, -19.294689 ], [ -51.618382, -19.289946 ], [ -51.613971, -19.289154 ], [ -51.607818, -19.271878 ], [ -51.570523, -19.246078 ], [ -51.553864, -19.211016 ], [ -51.554463, -19.1791 ], [ -51.539159, -19.14268 ], [ -51.550587, -19.141034 ], [ -51.554842, -19.132229 ], [ -51.574891, -19.132309 ], [ -51.576772, -19.12619 ], [ -51.579503, -19.131078 ], [ -51.592212, -19.126787 ], [ -51.59732, -19.136518 ], [ -51.608435, -19.141 ], [ -51.613978, -19.136739 ], [ -51.623486, -19.13815 ], [ -51.638386, -19.126366 ], [ -51.657164, -19.13785 ], [ -51.682563, -19.120927 ], [ -51.700115, -19.118795 ], [ -51.710327, -19.111164 ], [ -51.711532, -19.108377 ], [ -51.705475, -19.106738 ], [ -51.711651, -19.103039 ], [ -51.727984, -19.107592 ], [ -51.731666, -19.099642 ], [ -51.741428, -19.100736 ], [ -51.747877, -19.093679 ], [ -51.741682, -19.089943 ], [ -51.744454, -19.086048 ], [ -51.759385, -19.08898 ], [ -51.776194, -19.077308 ], [ -51.78188, -19.081301 ], [ -51.791082, -19.079831 ], [ -51.790611, -19.074119 ], [ -51.798096, -19.071605 ], [ -51.796312, -19.066432 ], [ -51.816882, -19.054721 ], [ -51.843276, -19.05645 ], [ -51.835073, -19.045859 ], [ -51.84217, -19.042421 ], [ -51.850349, -19.043467 ], [ -51.847878, -19.045981 ], [ -51.852221, -19.052489 ], [ -51.857682, -19.050531 ], [ -51.871746, -19.031106 ], [ -51.890664, -19.017769 ], [ -51.8888, -19.009421 ], [ -51.896781, -18.994702 ], [ -51.906768, -18.994582 ], [ -51.916643, -18.984023 ], [ -51.926003, -18.984923 ], [ -51.925599, -18.976614 ], [ -51.933282, -18.976552 ], [ -51.940008, -18.968472 ], [ -51.946004, -18.975668 ], [ -51.952571, -18.975361 ], [ -51.950994, -18.981138 ], [ -51.968787, -18.967061 ], [ -51.967621, -18.976711 ], [ -51.973465, -18.975181 ], [ -51.977137, -18.981725 ], [ -51.98095, -18.972354 ], [ -51.995662, -18.974235 ], [ -52.000281, -18.96744 ], [ -52.015552, -18.982637 ], [ -52.020448, -18.979126 ], [ -52.01398, -18.975064 ], [ -52.020077, -18.967095 ], [ -52.017588, -18.964273 ], [ -52.034471, -18.958062 ], [ -52.040461, -18.960661 ], [ -52.043639, -18.950688 ], [ -52.049506, -18.951484 ], [ -52.055644, -18.945823 ], [ -52.066836, -18.95376 ], [ -52.079994, -18.950849 ], [ -52.088362, -18.94181 ], [ -52.091005, -18.944215 ], [ -52.08815, -18.935443 ], [ -52.096036, -18.936094 ], [ -52.106452, -18.924599 ], [ -52.102344, -18.921972 ], [ -52.108464, -18.91861 ], [ -52.105569, -18.906819 ], [ -52.110806, -18.898702 ], [ -52.112772, -18.902142 ], [ -52.13265, -18.897332 ], [ -52.135969, -18.890284 ], [ -52.146232, -18.89466 ], [ -52.153035, -18.891676 ], [ -52.157036, -18.887767 ], [ -52.1546, -18.881642 ], [ -52.161414, -18.87819 ], [ -52.158272, -18.876798 ], [ -52.165216, -18.876108 ], [ -52.165428, -18.865383 ], [ -52.183087, -18.847635 ], [ -52.192832, -18.846533 ], [ -52.200394, -18.850893 ], [ -52.203448, -18.847811 ], [ -52.208162, -18.850139 ], [ -52.21826, -18.842021 ], [ -52.237438, -18.843291 ], [ -52.239209, -18.839412 ], [ -52.256104, -18.838663 ], [ -52.26323, -18.828224 ], [ -52.272652, -18.83236 ], [ -52.293354, -18.829245 ], [ -52.298379, -18.836934 ], [ -52.310625, -18.839659 ], [ -52.321123, -18.83131 ], [ -52.333493, -18.829334 ], [ -52.337347, -18.822579 ], [ -52.346263, -18.822393 ], [ -52.344256, -18.818146 ], [ -52.354278, -18.813691 ], [ -52.350447, -18.810102 ], [ -52.353901, -18.800203 ], [ -52.369513, -18.799488 ], [ -52.367182, -18.794162 ], [ -52.37495, -18.791453 ], [ -52.400835, -18.758672 ], [ -52.408274, -18.756498 ], [ -52.411896, -18.743977 ], [ -52.417117, -18.744066 ], [ -52.444539, -18.766892 ], [ -52.457291, -18.769519 ], [ -52.472423, -18.783098 ], [ -52.482318, -18.786053 ], [ -52.470447, -18.835997 ], [ -52.485564, -18.854133 ], [ -52.474259, -18.859088 ], [ -52.478527, -18.867448 ], [ -52.494829, -18.88229 ], [ -52.476936, -18.900267 ], [ -52.471907, -18.917726 ], [ -52.466167, -18.921281 ], [ -52.490894, -18.923359 ], [ -52.470085, -18.969931 ], [ -52.480509, -18.962958 ], [ -52.517056, -18.957031 ], [ -52.50762, -18.939234 ], [ -52.520016, -18.940904 ], [ -52.517914, -18.92427 ], [ -52.534397, -18.907172 ], [ -52.537403, -18.917922 ], [ -52.549466, -18.932743 ], [ -52.56588, -18.949377 ], [ -52.592868, -18.966755 ], [ -52.599523, -18.983327 ], [ -52.594743, -18.98594 ], [ -52.587126, -18.982847 ], [ -52.579524, -18.991242 ], [ -52.585565, -18.995837 ], [ -52.577477, -19.00156 ], [ -52.582997, -19.006317 ], [ -52.578488, -19.023538 ], [ -52.564255, -19.029546 ], [ -52.564487, -19.038084 ], [ -52.554321, -19.041186 ], [ -52.556751, -19.044772 ], [ -52.543275, -19.045852 ], [ -52.527651, -19.06249 ], [ -52.541845, -19.223735 ], [ -52.503209, -19.251261 ], [ -52.489417, -19.254654 ], [ -52.478751, -19.308163 ], [ -52.471658, -19.314182 ], [ -52.468246, -19.326459 ], [ -52.457306, -19.333607 ], [ -52.440971, -19.336498 ], [ -52.429428, -19.331601 ], [ -52.417174, -19.335881 ], [ -52.398586, -19.333582 ], [ -52.38373, -19.337312 ], [ -52.32718, -19.366056 ], [ -52.265943, -19.363013 ], [ -52.218575, -19.375685 ], [ -52.202803, -19.369538 ], [ -52.201718, -19.34706 ], [ -52.185142, -19.336349 ], [ -52.17016, -19.351771 ], [ -52.152189, -19.349079 ], [ -52.126072, -19.3739 ], [ -52.119313, -19.365711 ], [ -52.110829, -19.364161 ], [ -52.109171, -19.357251 ], [ -52.078579, -19.322562 ], [ -52.089398, -19.304917 ], [ -52.114188, -19.301064 ], [ -52.162396, -19.306556 ], [ -52.167872, -19.293106 ], [ -52.180853, -19.286681 ], [ -52.200391, -19.24816 ], [ -52.221956, -19.237374 ] ] ] } },
{ "type": "Feature", "properties": { "CD_MUN": "5003256", "NM_MUN": "Costa Rica", "SIGLA_UF": "MS", "AREA_KM2": 4159.384 }, "geometry": { "type": "Polygon", "coordinates": [ [ [ -53.486316, -18.852655 ], [ -53.463221, -18.874513 ], [ -53.456213, -18.894428 ], [ -53.436544, -18.896228 ], [ -53.418156, -18.91043 ], [ -53.411344, -18.928249 ], [ -53.398426, -18.942371 ], [ -53.382425, -18.943544 ], [ -53.326223, -18.898039 ], [ -53.316847, -18.89322 ], [ -53.309487, -18.894783 ], [ -53.302202, -18.887668 ], [ -53.299673, -18.895165 ], [ -53.291567, -18.890391 ], [ -53.278202, -18.896638 ], [ -53.279351, -18.900141 ], [ -53.269315, -18.907084 ], [ -53.265404, -18.921362 ], [ -53.260429, -18.926437 ], [ -53.258357, -18.922081 ], [ -53.25203, -18.926139 ], [ -53.246801, -18.933083 ], [ -53.24859, -18.937062 ], [ -53.243477, -18.93695 ], [ -53.239333, -18.943558 ], [ -53.228545, -18.948502 ], [ -53.225173, -18.945273 ], [ -53.213639, -18.956296 ], [ -53.204451, -18.957613 ], [ -53.20274, -18.953582 ], [ -53.2023, -18.95832 ], [ -53.196259, -18.957219 ], [ -53.197816, -18.961121 ], [ -53.192437, -18.961677 ], [ -53.191166, -18.966434 ], [ -53.193993, -18.969413 ], [ -53.184208, -18.975148 ], [ -53.18328, -18.970556 ], [ -53.174721, -18.971885 ], [ -53.175028, -18.97964 ], [ -53.181771, -18.98086 ], [ -53.168853, -18.986727 ], [ -53.16586, -18.984281 ], [ -53.166607, -18.943624 ], [ -53.161672, -18.932304 ], [ -53.146798, -18.922402 ], [ -53.142891, -18.899789 ], [ -53.130529, -18.89907 ], [ -53.12671, -18.891423 ], [ -53.109157, -18.880713 ], [ -53.102116, -18.862995 ], [ -53.091964, -18.858399 ], [ -53.079865, -18.836031 ], [ -53.06208, -18.818137 ], [ -53.061379, -18.809079 ], [ -53.045767, -18.797803 ], [ -53.053003, -18.792443 ], [ -53.043213, -18.776693 ], [ -53.04911, -18.764374 ], [ -53.043838, -18.762891 ], [ -53.037188, -18.742484 ], [ -53.043342, -18.723302 ], [ -53.022631, -18.699268 ], [ -53.017837, -18.671395 ], [ -52.990871, -18.667576 ], [ -52.97134, -18.653308 ], [ -52.960683, -18.650473 ], [ -52.921126, -18.613401 ], [ -52.939871, -18.613263 ], [ -52.934454, -18.599112 ], [ -52.951817, -18.576672 ], [ -52.953628, -18.562388 ], [ -52.964927, -18.550029 ], [ -52.962351, -18.54082 ], [ -52.942511, -18.517031 ], [ -52.915761, -18.508903 ], [ -52.906784, -18.485513 ], [ -52.880957, -18.465493 ], [ -52.873294, -18.426792 ], [ -52.800481, -18.416092 ], [ -52.786068, -18.390309 ], [ -52.761902, -18.371311 ], [ -52.758481, -18.35765 ], [ -52.764208, -18.341304 ], [ -52.787463, -18.320585 ], [ -52.814259, -18.311298 ], [ -52.873207, -18.314834 ], [ -52.93523, -18.296554 ], [ -52.954175, -18.296579 ], [ -52.979098, -18.304716 ], [ -53.013938, -18.326139 ], [ -53.020866, -18.346279 ], [ -53.027852, -18.351596 ], [ -53.044536, -18.343922 ], [ -53.069936, -18.34288 ], [ -53.099656, -18.313619 ], [ -53.10204, -18.27262 ], [ -53.110326, -18.248059 ], [ -53.110188, -18.219563 ], [ -53.129738, -18.160703 ], [ -53.129016, -18.138485 ], [ -53.14324, -18.081837 ], [ -53.138797, -18.070231 ], [ -53.123652, -18.058828 ], [ -53.078629, -18.05303 ], [ -53.072278, -18.033975 ], [ -53.176793, -18.041581 ], [ -53.190539, -18.036299 ], [ -53.198792, -18.020306 ], [ -53.205149, -18.021894 ], [ -53.237764, -18.007443 ], [ -53.236316, -18.05134 ], [ -53.22547, -18.066182 ], [ -53.222615, -18.131072 ], [ -53.234994, -18.138629 ], [ -53.24888, -18.159993 ], [ -53.265282, -18.164412 ], [ -53.278932, -18.180805 ], [ -53.286993, -18.182902 ], [ -53.294387, -18.197195 ], [ -53.314262, -18.209468 ], [ -53.329564, -18.209589 ], [ -53.357743, -18.193995 ], [ -53.363638, -18.201057 ], [ -53.372707, -18.199334 ], [ -53.379444, -18.203125 ], [ -53.375457, -18.209126 ], [ -53.344186, -18.225816 ], [ -53.340071, -18.233041 ], [ -53.33129, -18.234816 ], [ -53.330284, -18.239175 ], [ -53.347495, -18.25702 ], [ -53.352076, -18.253611 ], [ -53.363081, -18.256384 ], [ -53.39111, -18.240584 ], [ -53.400219, -18.239975 ], [ -53.439476, -18.254034 ], [ -53.44406, -18.264424 ], [ -53.455107, -18.269203 ], [ -53.461623, -18.27861 ], [ -53.449566, -18.289981 ], [ -53.446435, -18.309585 ], [ -53.430867, -18.32854 ], [ -53.448895, -18.350623 ], [ -53.436211, -18.384771 ], [ -53.453156, -18.390959 ], [ -53.45644, -18.400448 ], [ -53.482939, -18.409375 ], [ -53.487037, -18.415727 ], [ -53.490286, -18.405943 ], [ -53.498916, -18.401316 ], [ -53.507626, -18.409215 ], [ -53.521281, -18.407866 ], [ -53.524723, -18.416823 ], [ -53.545741, -18.418969 ], [ -53.55938, -18.434566 ], [ -53.580595, -18.437182 ], [ -53.561374, -18.45139 ], [ -53.560423, -18.470249 ], [ -53.55179, -18.474264 ], [ -53.518135, -18.513918 ], [ -53.500544, -18.521461 ], [ -53.48218, -18.565049 ], [ -53.472453, -18.577486 ], [ -53.470907, -18.596997 ], [ -53.462839, -18.602159 ], [ -53.467382, -18.621236 ], [ -53.456684, -18.629839 ], [ -53.434945, -18.630562 ], [ -53.433145, -18.654559 ], [ -53.412624, -18.654355 ], [ -53.373085, -18.680395 ], [ -53.373212, -18.691882 ], [ -53.368742, -18.69632 ], [ -53.374862, -18.698035 ], [ -53.372728, -18.707251 ], [ -53.38169, -18.723044 ], [ -53.379543, -18.734837 ], [ -53.345339, -18.775399 ], [ -53.488551, -18.837547 ], [ -53.486316, -18.852655 ] ] ] } },
{ "type": "Feature", "properties": { "CD_MUN": "5003207", "NM_MUN": "Corumbá", "SIGLA_UF": "MS", "AREA_KM2": 64431.145 }, "geometry": { "type": "Polygon", "coordinates": [ [ [ -57.856754, -20.949468 ], [ -57.844433, -20.946489 ], [ -57.833706, -20.936281 ], [ -57.844843, -20.926969 ], [ -57.838286, -20.928184 ], [ -57.833189, -20.922883 ], [ -57.842802, -20.919574 ], [ -57.841025, -20.915633 ], [ -57.847407, -20.916449 ], [ -57.835968, -20.907124 ], [ -57.842585, -20.90701 ], [ -57.845252, -20.90117 ], [ -57.839562, -20.893606 ], [ -57.846806, -20.88871 ], [ -57.838877, -20.882243 ], [ -57.83247, -20.885583 ], [ -57.8342, -20.879249 ], [ -57.827922, -20.870502 ], [ -57.814873, -20.867063 ], [ -57.811875, -20.860795 ], [ -57.828919, -20.852337 ], [ -57.820358, -20.844258 ], [ -57.829607, -20.840401 ], [ -57.826512, -20.828742 ], [ -57.812219, -20.8219 ], [ -57.816438, -20.810472 ], [ -57.796725, -20.810344 ], [ -57.793447, -20.806462 ], [ -57.796943, -20.800444 ], [ -57.788755, -20.800967 ], [ -57.794038, -20.796066 ], [ -57.781835, -20.791699 ], [ -57.775021, -20.793312 ], [ -57.776706, -20.800355 ], [ -57.772305, -20.803206 ], [ -57.756654, -20.797535 ], [ -57.745525, -20.798282 ], [ -57.742583, -20.787704 ], [ -57.734861, -20.782437 ], [ -57.740447, -20.771488 ], [ -57.731022, -20.766524 ], [ -57.736583, -20.761311 ], [ -57.73221, -20.755939 ], [ -57.734158, -20.751682 ], [ -57.719039, -20.744072 ], [ -57.722032, -20.733166 ], [ -57.710978, -20.726219 ], [ -57.679247, -20.731794 ], [ -57.657772, -20.719092 ], [ -57.642532, -20.700167 ], [ -57.648268, -20.696617 ], [ -57.637259, -20.676028 ], [ -57.640768, -20.665691 ], [ -57.61181, -20.644768 ], [ -57.611431, -20.638355 ], [ -57.605464, -20.636135 ], [ -57.605407, -20.626474 ], [ -57.574061, -20.629302 ], [ -57.571062, -20.613988 ], [ -57.56121, -20.609625 ], [ -57.54047, -20.623103 ], [ -57.528055, -20.620836 ], [ -57.522211, -20.614075 ], [ -57.511832, -20.620501 ], [ -57.516133, -20.607806 ], [ -57.505342, -20.606872 ], [ -57.48412, -20.590533 ], [ -57.46718, -20.592206 ], [ -57.465587, -20.586973 ], [ -57.470238, -20.580649 ], [ -57.461195, -20.579685 ], [ -57.461752, -20.57066 ], [ -57.449406, -20.57441 ], [ -57.453963, -20.571423 ], [ -57.449549, -20.563879 ], [ -57.456117, -20.562973 ], [ -57.457949, -20.553451 ], [ -57.461467, -20.561167 ], [ -57.466023, -20.552755 ], [ -57.470689, -20.556822 ], [ -57.469098, -20.552178 ], [ -57.473105, -20.549285 ], [ -57.4731, -20.553888 ], [ -57.477318, -20.553983 ], [ -57.480173, -20.545818 ], [ -57.485537, -20.549494 ], [ -57.488276, -20.5288 ], [ -57.493677, -20.527261 ], [ -57.486943, -20.521085 ], [ -57.487295, -20.512239 ], [ -57.471603, -20.509486 ], [ -57.474778, -20.50461 ], [ -57.468503, -20.496591 ], [ -57.477007, -20.494589 ], [ -57.471002, -20.493536 ], [ -57.476233, -20.489536 ], [ -57.469415, -20.486708 ], [ -57.470668, -20.471662 ], [ -57.46269, -20.475135 ], [ -57.458496, -20.470985 ], [ -57.459639, -20.462973 ], [ -57.443097, -20.452343 ], [ -57.443757, -20.458016 ], [ -57.438607, -20.457912 ], [ -57.434541, -20.450533 ], [ -57.443755, -20.443787 ], [ -57.433656, -20.442881 ], [ -57.438805, -20.442193 ], [ -57.438684, -20.433265 ], [ -57.433217, -20.437386 ], [ -57.43028, -20.435224 ], [ -57.424073, -20.408093 ], [ -57.416823, -20.402087 ], [ -57.419375, -20.381939 ], [ -57.41388, -20.380912 ], [ -57.414289, -20.367495 ], [ -57.421363, -20.369442 ], [ -57.427365, -20.363618 ], [ -57.420527, -20.355047 ], [ -57.413264, -20.363254 ], [ -57.405566, -20.350086 ], [ -57.402138, -20.353258 ], [ -57.398067, -20.349497 ], [ -57.399729, -20.344153 ], [ -57.393318, -20.336359 ], [ -57.389049, -20.33558 ], [ -57.386425, -20.340941 ], [ -57.379764, -20.33452 ], [ -57.364885, -20.330826 ], [ -57.358117, -20.320423 ], [ -57.336775, -20.321542 ], [ -57.327656, -20.309862 ], [ -57.33148, -20.302264 ], [ -57.327025, -20.296397 ], [ -57.33799, -20.286335 ], [ -57.334602, -20.282928 ], [ -57.327957, -20.287425 ], [ -57.329557, -20.279296 ], [ -57.324115, -20.277392 ], [ -57.321025, -20.268228 ], [ -57.305953, -20.270597 ], [ -57.303171, -20.238261 ], [ -57.307815, -20.223901 ], [ -57.30202, -20.211292 ], [ -57.307349, -20.204463 ], [ -57.300276, -20.190671 ], [ -57.283504, -20.187076 ], [ -57.271407, -20.179242 ], [ -57.258115, -20.185621 ], [ -57.248902, -20.2089 ], [ -57.233106, -20.225796 ], [ -57.20472, -20.239111 ], [ -57.197819, -20.231362 ], [ -57.175943, -20.235147 ], [ -57.148098, -20.250076 ], [ -57.133108, -20.272734 ], [ -57.123207, -20.271307 ], [ -57.10515, -20.27793 ], [ -57.082747, -20.267186 ], [ -57.059633, -20.271419 ], [ -57.045802, -20.281292 ], [ -57.030645, -20.273185 ], [ -57.019486, -20.27251 ], [ -57.009437, -20.257834 ], [ -56.965811, -20.221467 ], [ -56.997976, -20.18892 ], [ -56.999296, -20.178691 ], [ -56.992561, -20.156253 ], [ -56.997678, -20.147084 ], [ -56.988485, -20.140813 ], [ -56.9867, -20.132337 ], [ -57.003119, -20.112249 ], [ -57.00209, -20.049974 ], [ -57.025432, -20.028117 ], [ -57.027694, -20.015453 ], [ -57.067495, -20.015302 ], [ -57.002517, -19.667942 ], [ -56.995259, -19.621241 ], [ -56.999576, -19.616211 ], [ -56.98386, -19.614313 ], [ -56.979119, -19.609712 ], [ -56.963572, -19.623498 ], [ -56.942781, -19.615304 ], [ -56.933806, -19.617785 ], [ -56.927877, -19.612128 ], [ -56.925909, -19.61562 ], [ -56.920582, -19.615295 ], [ -56.920881, -19.611782 ], [ -56.908287, -19.611648 ], [ -56.906289, -19.614967 ], [ -56.903502, -19.60999 ], [ -56.896782, -19.617361 ], [ -56.889069, -19.615782 ], [ -56.88337, -19.622962 ], [ -56.875858, -19.616631 ], [ -56.874199, -19.620917 ], [ -56.866135, -19.620313 ], [ -56.857328, -19.617083 ], [ -56.857898, -19.609858 ], [ -56.851781, -19.60579 ], [ -56.618881, -19.513636 ], [ -56.580194, -19.277413 ], [ -55.973122, -19.278905 ], [ -55.971755, -19.465946 ], [ -55.956867, -19.467412 ], [ -55.950558, -19.463754 ], [ -55.93859, -19.441691 ], [ -55.92564, -19.436367 ], [ -55.920919, -19.42256 ], [ -55.912755, -19.424561 ], [ -55.899545, -19.419317 ], [ -55.889675, -19.391053 ], [ -55.880577, -19.390453 ], [ -55.872681, -19.375446 ], [ -55.86032, -19.371752 ], [ -55.857805, -19.363879 ], [ -55.840753, -19.356277 ], [ -55.833644, -19.341507 ], [ -55.826717, -19.339891 ], [ -55.819343, -19.326565 ], [ -55.826716, -19.303714 ], [ -55.821036, -19.300701 ], [ -55.824131, -19.28693 ], [ -55.790822, -19.257548 ], [ -55.7908, -19.249137 ], [ -55.783879, -19.240847 ], [ -55.785821, -19.236688 ], [ -55.773071, -19.22048 ], [ -55.774628, -19.215752 ], [ -55.766069, -19.209808 ], [ -55.766218, -19.19279 ], [ -55.75319, -19.180599 ], [ -55.747852, -19.16625 ], [ -55.738861, -19.16131 ], [ -55.728675, -19.129695 ], [ -55.714063, -19.110674 ], [ -55.708434, -19.109662 ], [ -55.700834, -19.086525 ], [ -55.686408, -19.072365 ], [ -55.676434, -19.070374 ], [ -55.668094, -19.057795 ], [ -55.658498, -19.05328 ], [ -55.653391, -19.05568 ], [ -55.630874, -19.025785 ], [ -55.615461, -19.018676 ], [ -55.579046, -18.981933 ], [ -55.556618, -18.970384 ], [ -55.54327, -18.952369 ], [ -55.527942, -18.940359 ], [ -55.399003, -18.582094 ], [ -55.138996, -17.647832 ], [ -55.143638, -17.644624 ], [ -55.142003, -17.639287 ], [ -55.154118, -17.643028 ], [ -55.163065, -17.64217 ], [ -55.166473, -17.63729 ], [ -55.170614, -17.640834 ], [ -55.166811, -17.634208 ], [ -55.17573, -17.634922 ], [ -55.17407, -17.630631 ], [ -55.180713, -17.6232 ], [ -55.184924, -17.624216 ], [ -55.183895, -17.619805 ], [ -55.192255, -17.628246 ], [ -55.195478, -17.618713 ], [ -55.2035, -17.617942 ], [ -55.20481, -17.61376 ], [ -55.2215, -17.617099 ], [ -55.22567, -17.609322 ], [ -55.219139, -17.613238 ], [ -55.21814, -17.607517 ], [ -55.22723, -17.598844 ], [ -55.228143, -17.60143 ], [ -55.231919, -17.595579 ], [ -55.23661, -17.595847 ], [ -55.238228, -17.600861 ], [ -55.243338, -17.594307 ], [ -55.242534, -17.602124 ], [ -55.24928, -17.595335 ], [ -55.24492, -17.591414 ], [ -55.252395, -17.592311 ], [ -55.25031, -17.584877 ], [ -55.25409, -17.576947 ], [ -55.258087, -17.574384 ], [ -55.26414, -17.577921 ], [ -55.267089, -17.566032 ], [ -55.263059, -17.564837 ], [ -55.269201, -17.556775 ], [ -55.275149, -17.558826 ], [ -55.275675, -17.565072 ], [ -55.28279, -17.557438 ], [ -55.289562, -17.560313 ], [ -55.283835, -17.552157 ], [ -55.296535, -17.551115 ], [ -55.294423, -17.541726 ], [ -55.31592, -17.545993 ], [ -55.322508, -17.542437 ], [ -55.32965, -17.548439 ], [ -55.324088, -17.55303 ], [ -55.337868, -17.54524 ], [ -55.339455, -17.548507 ], [ -55.350673, -17.548558 ], [ -55.35376, -17.531617 ], [ -55.371903, -17.522678 ], [ -55.377113, -17.515043 ], [ -55.382335, -17.525476 ], [ -55.38662, -17.519105 ], [ -55.390732, -17.521315 ], [ -55.393424, -17.516058 ], [ -55.405204, -17.512397 ], [ -55.416363, -17.514918 ], [ -55.44392, -17.505674 ], [ -55.443737, -17.511776 ], [ -55.453899, -17.507683 ], [ -55.453786, -17.500397 ], [ -55.458507, -17.499691 ], [ -55.458697, -17.493987 ], [ -55.472642, -17.481356 ], [ -55.476782, -17.484271 ], [ -55.483043, -17.478686 ], [ -55.490094, -17.485139 ], [ -55.497619, -17.486518 ], [ -55.499342, -17.482991 ], [ -55.504342, -17.486512 ], [ -55.504532, -17.480981 ], [ -55.524089, -17.481176 ], [ -55.522198, -17.472103 ], [ -55.533259, -17.466491 ], [ -55.537032, -17.468484 ], [ -55.542738, -17.456515 ], [ -55.557369, -17.451895 ], [ -55.550483, -17.446909 ], [ -55.574873, -17.434666 ], [ -55.575339, -17.4188 ], [ -55.587063, -17.421707 ], [ -55.586594, -17.403381 ], [ -55.579871, -17.400843 ], [ -55.586596, -17.398215 ], [ -55.582907, -17.379071 ], [ -55.589343, -17.378356 ], [ -55.585609, -17.373617 ], [ -55.593288, -17.374359 ], [ -55.613422, -17.359852 ], [ -55.613785, -17.368107 ], [ -55.62634, -17.36403 ], [ -55.635895, -17.353049 ], [ -55.64003, -17.339718 ], [ -55.645231, -17.341627 ], [ -55.638926, -17.34979 ], [ -55.64459, -17.359222 ], [ -55.655006, -17.34858 ], [ -55.656567, -17.338262 ], [ -55.668105, -17.350687 ], [ -55.680649, -17.338985 ], [ -55.682373, -17.349421 ], [ -55.686233, -17.35087 ], [ -55.689262, -17.34044 ], [ -55.693229, -17.33989 ], [ -55.701347, -17.354129 ], [ -55.709098, -17.337616 ], [ -55.72156, -17.349496 ], [ -55.729872, -17.339875 ], [ -55.761207, -17.323532 ], [ -55.77254, -17.33205 ], [ -55.780651, -17.321427 ], [ -55.784422, -17.330046 ], [ -55.787644, -17.328646 ], [ -55.805011, -17.30944 ], [ -55.804404, -17.299426 ], [ -55.820954, -17.297699 ], [ -55.828039, -17.306604 ], [ -55.831735, -17.301611 ], [ -55.827455, -17.288372 ], [ -55.835096, -17.291357 ], [ -55.84192, -17.301232 ], [ -55.85051, -17.290339 ], [ -55.851423, -17.279274 ], [ -55.858229, -17.28353 ], [ -55.874811, -17.268635 ], [ -55.879926, -17.273348 ], [ -55.875505, -17.280604 ], [ -55.886562, -17.284765 ], [ -55.892678, -17.279314 ], [ -55.890875, -17.272333 ], [ -55.898544, -17.277308 ], [ -55.901926, -17.273401 ], [ -55.886538, -17.263899 ], [ -55.916644, -17.265043 ], [ -55.92634, -17.25786 ], [ -55.931482, -17.273813 ], [ -55.941314, -17.277884 ], [ -55.955818, -17.256454 ], [ -55.951924, -17.250198 ], [ -55.968176, -17.25471 ], [ -55.980814, -17.2467 ], [ -55.986958, -17.25848 ], [ -55.992256, -17.254573 ], [ -55.988736, -17.241516 ], [ -56.003842, -17.244791 ], [ -56.00376, -17.23373 ], [ -56.010785, -17.239043 ], [ -56.012705, -17.222648 ], [ -56.008628, -17.21419 ], [ -56.017376, -17.21832 ], [ -56.020985, -17.213642 ], [ -56.00551, -17.204197 ], [ -56.016067, -17.190229 ], [ -56.03243, -17.185358 ], [ -56.044119, -17.171395 ], [ -56.049516, -17.172434 ], [ -56.047238, -17.184821 ], [ -56.050984, -17.186948 ], [ -56.06168, -17.170711 ], [ -56.066181, -17.174819 ], [ -56.0716, -17.170621 ], [ -56.084462, -17.177664 ], [ -56.103702, -17.173539 ], [ -56.112344, -17.166349 ], [ -56.120844, -17.175652 ], [ -56.140149, -17.179503 ], [ -56.136407, -17.18918 ], [ -56.13987, -17.191192 ], [ -56.145288, -17.184886 ], [ -56.15273, -17.185475 ], [ -56.163348, -17.194696 ], [ -56.170816, -17.188676 ], [ -56.177097, -17.19597 ], [ -56.185432, -17.189233 ], [ -56.18915, -17.210368 ], [ -56.198154, -17.206172 ], [ -56.205459, -17.214101 ], [ -56.213015, -17.210614 ], [ -56.208766, -17.227269 ], [ -56.222952, -17.219292 ], [ -56.22093, -17.228791 ], [ -56.251345, -17.219023 ], [ -56.254978, -17.222482 ], [ -56.252291, -17.234164 ], [ -56.259096, -17.229311 ], [ -56.262401, -17.231233 ], [ -56.256548, -17.243792 ], [ -56.269041, -17.239792 ], [ -56.272683, -17.243075 ], [ -56.268126, -17.248128 ], [ -56.285402, -17.247418 ], [ -56.281706, -17.263434 ], [ -56.29785, -17.276588 ], [ -56.313541, -17.269429 ], [ -56.323237, -17.276188 ], [ -56.323263, -17.285715 ], [ -56.334987, -17.282425 ], [ -56.335874, -17.289948 ], [ -56.351707, -17.277537 ], [ -56.34296, -17.273042 ], [ -56.356679, -17.26705 ], [ -56.362485, -17.271703 ], [ -56.360655, -17.280844 ], [ -56.383066, -17.287958 ], [ -56.38893, -17.301946 ], [ -56.402851, -17.306287 ], [ -56.408096, -17.316102 ], [ -56.418682, -17.311905 ], [ -56.432599, -17.318587 ], [ -56.442331, -17.331282 ], [ -56.450878, -17.326392 ], [ -56.452374, -17.310176 ], [ -56.463962, -17.315668 ], [ -56.467518, -17.302279 ], [ -56.473125, -17.310011 ], [ -56.490098, -17.298316 ], [ -56.49821, -17.298711 ], [ -56.501769, -17.286325 ], [ -56.506849, -17.294722 ], [ -56.515458, -17.292825 ], [ -56.506045, -17.306045 ], [ -56.511684, -17.306471 ], [ -56.513873, -17.312823 ], [ -56.522127, -17.310584 ], [ -56.52718, -17.321158 ], [ -56.532374, -17.312964 ], [ -56.551016, -17.322876 ], [ -56.571163, -17.315302 ], [ -56.579353, -17.320303 ], [ -56.57657, -17.331055 ], [ -56.595892, -17.332544 ], [ -56.605683, -17.328756 ], [ -56.611852, -17.331908 ], [ -56.616772, -17.323807 ], [ -56.625018, -17.322086 ], [ -56.630439, -17.334201 ], [ -56.647438, -17.316987 ], [ -56.649883, -17.324176 ], [ -56.642344, -17.330525 ], [ -56.645463, -17.339348 ], [ -56.656711, -17.321441 ], [ -56.662687, -17.32676 ], [ -56.655633, -17.33339 ], [ -56.663575, -17.33883 ], [ -56.673847, -17.333411 ], [ -56.673936, -17.325248 ], [ -56.683181, -17.316566 ], [ -56.69591, -17.326939 ], [ -56.692989, -17.317483 ], [ -56.713544, -17.318795 ], [ -56.71802, -17.308332 ], [ -56.733854, -17.30986 ], [ -56.738766, -17.324499 ], [ -56.745716, -17.328014 ], [ -56.756886, -17.325686 ], [ -56.757211, -17.33684 ], [ -56.768874, -17.340859 ], [ -56.760907, -17.351648 ], [ -56.762876, -17.360639 ], [ -56.786749, -17.370505 ], [ -56.787862, -17.389545 ], [ -56.804411, -17.386628 ], [ -56.829743, -17.391326 ], [ -56.830247, -17.40738 ], [ -56.842018, -17.418189 ], [ -56.834296, -17.423452 ], [ -56.824407, -17.423079 ], [ -56.819701, -17.431692 ], [ -56.82272, -17.437563 ], [ -56.833242, -17.435041 ], [ -56.84091, -17.442009 ], [ -56.82549, -17.453087 ], [ -56.825412, -17.458892 ], [ -56.832165, -17.463669 ], [ -56.847823, -17.464006 ], [ -56.849942, -17.470737 ], [ -56.846045, -17.480579 ], [ -56.850239, -17.486781 ], [ -56.861965, -17.483907 ], [ -56.866655, -17.495466 ], [ -56.86147, -17.50521 ], [ -56.870544, -17.516198 ], [ -56.875967, -17.532972 ], [ -56.895772, -17.539383 ], [ -56.909576, -17.532546 ], [ -56.917544, -17.541355 ], [ -56.944961, -17.55295 ], [ -56.950379, -17.568635 ], [ -56.9668, -17.571404 ], [ -56.973492, -17.580384 ], [ -56.982356, -17.580233 ], [ -56.975963, -17.595961 ], [ -56.982387, -17.603861 ], [ -56.981411, -17.611015 ], [ -56.972804, -17.613609 ], [ -56.960547, -17.605156 ], [ -56.959108, -17.612839 ], [ -56.98385, -17.641893 ], [ -56.988219, -17.65929 ], [ -57.000435, -17.670722 ], [ -57.013275, -17.672429 ], [ -57.01927, -17.692167 ], [ -57.033377, -17.694741 ], [ -57.044915, -17.730321 ], [ -57.056717, -17.729496 ], [ -57.064195, -17.735047 ], [ -57.073912, -17.735464 ], [ -57.079825, -17.749134 ], [ -57.093103, -17.753673 ], [ -57.098581, -17.770418 ], [ -57.113609, -17.771724 ], [ -57.115608, -17.781086 ], [ -57.146744, -17.767505 ], [ -57.15594, -17.778412 ], [ -57.174851, -17.776239 ], [ -57.204248, -17.789252 ], [ -57.227137, -17.782785 ], [ -57.228078, -17.790302 ], [ -57.235084, -17.788331 ], [ -57.242968, -17.797584 ], [ -57.252024, -17.793456 ], [ -57.245467, -17.806315 ], [ -57.234113, -17.808144 ], [ -57.232633, -17.812384 ], [ -57.252612, -17.810762 ], [ -57.264836, -17.82035 ], [ -57.283773, -17.812913 ], [ -57.28333, -17.822694 ], [ -57.293496, -17.819933 ], [ -57.290022, -17.811554 ], [ -57.299769, -17.816849 ], [ -57.308084, -17.810807 ], [ -57.311385, -17.817824 ], [ -57.3248, -17.824528 ], [ -57.325226, -17.829151 ], [ -57.341358, -17.830634 ], [ -57.342412, -17.835995 ], [ -57.353456, -17.837858 ], [ -57.368081, -17.826199 ], [ -57.376498, -17.825764 ], [ -57.385686, -17.844273 ], [ -57.391363, -17.845519 ], [ -57.398521, -17.839367 ], [ -57.400578, -17.847823 ], [ -57.41075, -17.858093 ], [ -57.421737, -17.854198 ], [ -57.438634, -17.871498 ], [ -57.446725, -17.874504 ], [ -57.44592, -17.891968 ], [ -57.452469, -17.902644 ], [ -57.461936, -17.898536 ], [ -57.477669, -17.878882 ], [ -57.477586, -17.859053 ], [ -57.50936, -17.863888 ], [ -57.519111, -17.861658 ], [ -57.534777, -17.853634 ], [ -57.531028, -17.839113 ], [ -57.552004, -17.828205 ], [ -57.558665, -17.815437 ], [ -57.571449, -17.815395 ], [ -57.576331, -17.800528 ], [ -57.602361, -17.804868 ], [ -57.605884, -17.802339 ], [ -57.612583, -17.779411 ], [ -57.602729, -17.779026 ], [ -57.60095, -17.775291 ], [ -57.614886, -17.766812 ], [ -57.620029, -17.754763 ], [ -57.611999, -17.750294 ], [ -57.618643, -17.747782 ], [ -57.623111, -17.736359 ], [ -57.640304, -17.717359 ], [ -57.645971, -17.724361 ], [ -57.663554, -17.729854 ], [ -57.667054, -17.726144 ], [ -57.671689, -17.72833 ], [ -57.672392, -17.719721 ], [ -57.684613, -17.716481 ], [ -57.680115, -17.704045 ], [ -57.680725, -17.68491 ], [ -57.671004, -17.681077 ], [ -57.668838, -17.671906 ], [ -57.679388, -17.657701 ], [ -57.676948, -17.652155 ], [ -57.682728, -17.650359 ], [ -57.682722, -17.642738 ], [ -57.68991, -17.640311 ], [ -57.686757, -17.629321 ], [ -57.69689, -17.620643 ], [ -57.702055, -17.601244 ], [ -57.69722, -17.601235 ], [ -57.703883, -17.589734 ], [ -57.701641, -17.577752 ], [ -57.710748, -17.567794 ], [ -57.712139, -17.543134 ], [ -57.73097, -17.529848 ], [ -57.740051, -17.536305 ], [ -57.753574, -17.567162 ], [ -57.765059, -17.569245 ], [ -57.769209, -17.561699 ], [ -57.800377, -17.559525 ], [ -57.781086, -17.577905 ], [ -57.791183, -17.587319 ], [ -57.776694, -17.586749 ], [ -57.782392, -17.594191 ], [ -57.787449, -17.594339 ], [ -57.774608, -17.599379 ], [ -57.784548, -17.609547 ], [ -57.781042, -17.616524 ], [ -57.772557, -17.613596 ], [ -57.774082, -17.626446 ], [ -57.783005, -17.636824 ], [ -57.775888, -17.658018 ], [ -57.762109, -17.662032 ], [ -57.75183, -17.694192 ], [ -57.741023, -17.694876 ], [ -57.730294, -17.720014 ], [ -57.72046, -17.721355 ], [ -57.711299, -17.728661 ], [ -57.719308, -17.773083 ], [ -57.684014, -17.809049 ], [ -57.683991, -17.828992 ], [ -57.721431, -17.828988 ], [ -57.600383, -18.042674 ], [ -57.57413, -18.131602 ], [ -57.505134, -18.198617 ], [ -57.501602, -18.195715 ], [ -57.491119, -18.202841 ], [ -57.481372, -18.197609 ], [ -57.477691, -18.202447 ], [ -57.48104, -18.208223 ], [ -57.473068, -18.213473 ], [ -57.475285, -18.216962 ], [ -57.468633, -18.223137 ], [ -57.457124, -18.225293 ], [ -57.45382, -18.230754 ], [ -57.558284, -18.24067 ], [ -57.766689, -18.899468 ], [ -57.719711, -18.899464 ], [ -57.719241, -18.978135 ], [ -57.712197, -18.978243 ], [ -57.703141, -18.987577 ], [ -57.697414, -18.996552 ], [ -57.699269, -19.006829 ], [ -57.692187, -19.010271 ], [ -57.702123, -19.016656 ], [ -57.710446, -19.034662 ], [ -57.783292, -19.035069 ], [ -58.131383, -19.759361 ], [ -57.859099, -19.971747 ], [ -57.866836, -19.989622 ], [ -57.903616, -20.043264 ], [ -57.933849, -20.020367 ], [ -57.958116, -20.02305 ], [ -57.978981, -20.055461 ], [ -58.024045, -20.058873 ], [ -58.03213, -20.063133 ], [ -58.048065, -20.105416 ], [ -58.092221, -20.108315 ], [ -58.116755, -20.146653 ], [ -58.152864, -20.153023 ], [ -58.16872, -20.167301 ], [ -58.167967, -20.174067 ], [ -58.159335, -20.181417 ], [ -58.132597, -20.181936 ], [ -58.121846, -20.194393 ], [ -58.124307, -20.202124 ], [ -58.154222, -20.215731 ], [ -58.163568, -20.227326 ], [ -58.166418, -20.236633 ], [ -58.159397, -20.263848 ], [ -58.14455, -20.271777 ], [ -58.119523, -20.249582 ], [ -58.09665, -20.253925 ], [ -58.089891, -20.264528 ], [ -58.089737, -20.276853 ], [ -58.103051, -20.321169 ], [ -58.084018, -20.372166 ], [ -58.067189, -20.391126 ], [ -58.021843, -20.401925 ], [ -57.998138, -20.436974 ], [ -57.996907, -20.450756 ], [ -58.013596, -20.480264 ], [ -58.020176, -20.509763 ], [ -57.997183, -20.572371 ], [ -58.011167, -20.598557 ], [ -58.012638, -20.612612 ], [ -57.995574, -20.631726 ], [ -57.970386, -20.644192 ], [ -57.988229, -20.686729 ], [ -57.987888, -20.699552 ], [ -57.981027, -20.705746 ], [ -57.958247, -20.704898 ], [ -57.950181, -20.698295 ], [ -57.936795, -20.670013 ], [ -57.923119, -20.664534 ], [ -57.913675, -20.670764 ], [ -57.903288, -20.689821 ], [ -57.870173, -20.725471 ], [ -57.864835, -20.742299 ], [ -57.868003, -20.74941 ], [ -57.920369, -20.743944 ], [ -57.934154, -20.745954 ], [ -57.946162, -20.75849 ], [ -57.961765, -20.792624 ], [ -57.959492, -20.797909 ], [ -57.941227, -20.800816 ], [ -57.911013, -20.788956 ], [ -57.898874, -20.788701 ], [ -57.863471, -20.819392 ], [ -57.854733, -20.835738 ], [ -57.857896, -20.850928 ], [ -57.876993, -20.856564 ], [ -57.928944, -20.89523 ], [ -57.921888, -20.904473 ], [ -57.902167, -20.901811 ], [ -57.886531, -20.908647 ], [ -57.874612, -20.939803 ], [ -57.867181, -20.946736 ], [ -57.856754, -20.949468 ] ], [ [ -57.632558, -19.032072 ], [ -57.619225, -19.018212 ], [ -57.614166, -18.999446 ], [ -57.601497, -18.999359 ], [ -57.574848, -19.004092 ], [ -57.551031, -19.016285 ], [ -57.525213, -19.009072 ], [ -57.510272, -19.019329 ], [ -57.484501, -19.020437 ], [ -57.466179, -19.027485 ], [ -57.457977, -19.050091 ], [ -57.459594, -19.060507 ], [ -57.484443, -19.084836 ], [ -57.501884, -19.116273 ], [ -57.505626, -19.203722 ], [ -57.507614, -19.209825 ], [ -57.522945, -19.219402 ], [ -57.540229, -19.213424 ], [ -57.549153, -19.206308 ], [ -57.553069, -19.195706 ], [ -57.579907, -19.19101 ], [ -57.588532, -19.199079 ], [ -57.597958, -19.200554 ], [ -57.607943, -19.185695 ], [ -57.667336, -19.167356 ], [ -57.677624, -19.137433 ], [ -57.675179, -19.124401 ], [ -57.664401, -19.109807 ], [ -57.661328, -19.08794 ], [ -57.639808, -19.083781 ], [ -57.640259, -19.060515 ], [ -57.63123, -19.056926 ], [ -57.632558, -19.032072 ] ] ] } },
{ "type": "Feature", "properties": { "CD_MUN": "5003306", "NM_MUN": "Coxim", "SIGLA_UF": "MS", "AREA_KM2": 6390.663 }, "geometry": { "type": "Polygon", "coordinates": [ [ [ -54.359706, -18.653495 ], [ -54.347644, -18.639652 ], [ -54.354335, -18.634691 ], [ -54.341778, -18.62959 ], [ -54.348065, -18.620667 ], [ -54.339967, -18.618387 ], [ -54.339751, -18.609881 ], [ -54.328461, -18.602658 ], [ -54.33641, -18.59307 ], [ -54.325965, -18.588571 ], [ -54.321819, -18.574392 ], [ -54.308955, -18.562635 ], [ -54.296585, -18.565452 ], [ -54.293377, -18.559076 ], [ -54.288654, -18.558684 ], [ -54.288555, -18.56618 ], [ -54.279341, -18.570931 ], [ -54.278544, -18.580557 ], [ -54.270584, -18.57945 ], [ -54.263964, -18.585212 ], [ -54.258995, -18.582197 ], [ -54.238804, -18.584361 ], [ -54.225872, -18.576382 ], [ -54.20767, -18.58308 ], [ -54.178517, -18.581287 ], [ -54.171021, -18.573512 ], [ -54.169069, -18.561834 ], [ -54.160642, -18.556816 ], [ -54.163798, -18.552892 ], [ -54.155165, -18.534916 ], [ -54.133372, -18.534987 ], [ -54.119681, -18.529832 ], [ -54.110296, -18.51825 ], [ -54.112946, -18.513905 ], [ -54.101019, -18.5113 ], [ -54.080739, -18.515883 ], [ -54.0766, -18.510421 ], [ -54.077194, -18.488208 ], [ -54.085937, -18.464813 ], [ -54.078918, -18.445722 ], [ -54.09235, -18.413638 ], [ -54.086286, -18.403709 ], [ -54.091094, -18.355567 ], [ -54.116885, -18.350416 ], [ -54.126348, -18.335219 ], [ -54.140433, -18.331075 ], [ -54.170565, -18.341165 ], [ -54.174657, -18.346244 ], [ -54.205449, -18.349998 ], [ -54.177411, -18.334037 ], [ -54.162621, -18.317352 ], [ -54.145418, -18.307064 ], [ -54.129505, -18.283111 ], [ -54.140097, -18.25164 ], [ -54.136806, -18.222792 ], [ -54.142165, -18.210367 ], [ -54.13796, -18.185485 ], [ -54.141658, -18.16046 ], [ -54.159526, -18.134349 ], [ -54.175808, -18.121008 ], [ -54.175603, -18.112084 ], [ -54.187085, -18.105482 ], [ -54.184374, -18.101914 ], [ -54.193746, -18.093931 ], [ -54.202951, -18.091464 ], [ -54.219373, -18.096394 ], [ -54.228476, -18.092464 ], [ -54.249995, -18.103943 ], [ -54.249499, -18.112318 ], [ -54.256853, -18.109054 ], [ -54.269462, -18.111187 ], [ -54.276487, -18.132352 ], [ -54.283801, -18.117834 ], [ -54.290626, -18.125963 ], [ -54.304026, -18.126757 ], [ -54.305378, -18.136814 ], [ -54.337105, -18.131746 ], [ -54.346337, -18.140131 ], [ -54.357991, -18.138149 ], [ -54.387303, -18.14736 ], [ -54.39668, -18.140873 ], [ -54.397283, -18.126575 ], [ -54.409538, -18.133049 ], [ -54.420182, -18.129875 ], [ -54.422506, -18.13604 ], [ -54.431842, -18.135011 ], [ -54.440055, -18.151909 ], [ -54.454211, -18.151282 ], [ -54.488983, -18.181611 ], [ -54.504236, -18.189694 ], [ -54.524785, -18.190381 ], [ -54.533787, -18.202084 ], [ -54.549662, -18.209243 ], [ -54.568128, -18.237161 ], [ -54.582739, -18.24844 ], [ -54.592448, -18.27932 ], [ -54.600491, -18.267528 ], [ -54.603353, -18.251959 ], [ -54.595302, -18.218413 ], [ -54.600917, -18.210629 ], [ -54.599799, -18.187869 ], [ -54.612803, -18.175819 ], [ -54.65444, -18.185834 ], [ -54.667249, -18.158301 ], [ -54.699529, -18.126569 ], [ -54.678386, -18.001505 ], [ -54.677308, -17.963866 ], [ -54.688884, -17.914681 ], [ -54.697174, -17.922421 ], [ -54.709861, -17.918652 ], [ -54.723463, -17.928859 ], [ -54.728279, -17.927877 ], [ -54.738638, -17.936716 ], [ -54.74026, -17.955941 ], [ -54.748218, -17.969523 ], [ -54.767179, -17.975893 ], [ -54.772374, -17.982099 ], [ -54.787351, -17.984261 ], [ -54.795151, -17.980099 ], [ -54.804163, -17.983794 ], [ -54.805632, -17.994815 ], [ -54.816172, -17.993056 ], [ -54.827418, -17.999244 ], [ -54.832789, -17.99415 ], [ -54.837709, -17.995962 ], [ -54.839089, -18.002419 ], [ -54.854519, -17.998752 ], [ -54.86266, -18.00175 ], [ -54.876421, -17.996306 ], [ -54.877293, -17.989572 ], [ -54.882533, -17.991783 ], [ -54.89812, -17.977187 ], [ -54.90583, -17.978869 ], [ -54.904531, -17.97281 ], [ -54.912952, -17.970226 ], [ -54.912799, -17.966234 ], [ -54.934182, -17.947016 ], [ -54.937543, -17.948352 ], [ -54.936728, -17.938923 ], [ -54.946514, -17.927712 ], [ -54.942253, -17.915373 ], [ -54.948144, -17.913664 ], [ -54.948839, -17.90759 ], [ -54.957622, -17.904024 ], [ -54.965161, -17.892658 ], [ -54.971803, -17.896854 ], [ -54.974996, -17.890258 ], [ -54.983361, -17.888759 ], [ -54.988537, -17.882207 ], [ -54.999588, -17.88444 ], [ -55.01328, -17.87914 ], [ -55.021093, -17.883774 ], [ -55.018985, -17.889262 ], [ -55.036411, -17.889163 ], [ -55.042541, -17.876544 ], [ -55.048832, -17.880014 ], [ -55.051425, -17.876884 ], [ -55.061603, -17.878719 ], [ -55.067599, -17.872504 ], [ -55.069695, -17.874879 ], [ -55.077137, -17.861827 ], [ -55.084198, -17.863513 ], [ -55.087525, -17.857722 ], [ -55.083541, -17.851267 ], [ -55.089252, -17.8466 ], [ -55.100891, -17.845891 ], [ -55.101258, -17.837576 ], [ -55.11004, -17.829448 ], [ -55.126555, -17.83015 ], [ -55.124379, -17.825834 ], [ -55.134922, -17.800747 ], [ -55.13096, -17.783585 ], [ -55.136301, -17.777419 ], [ -55.131302, -17.772504 ], [ -55.133943, -17.757502 ], [ -55.145477, -17.751697 ], [ -55.152284, -17.755188 ], [ -55.152146, -17.747419 ], [ -55.159603, -17.741302 ], [ -55.152526, -17.734209 ], [ -55.154215, -17.725807 ], [ -55.149001, -17.71553 ], [ -55.153686, -17.701132 ], [ -55.144799, -17.699381 ], [ -55.146407, -17.690922 ], [ -55.141102, -17.683231 ], [ -55.144015, -17.678908 ], [ -55.140358, -17.674806 ], [ -55.1423, -17.661345 ], [ -55.137034, -17.654178 ], [ -55.139441, -17.647757 ], [ -55.306182, -18.247979 ], [ -55.299163, -18.24943 ], [ -55.291492, -18.243153 ], [ -55.291642, -18.25107 ], [ -55.281709, -18.257523 ], [ -55.270506, -18.251092 ], [ -55.267782, -18.242785 ], [ -55.258951, -18.23898 ], [ -55.249367, -18.226198 ], [ -55.246352, -18.22884 ], [ -55.249378, -18.244542 ], [ -55.239484, -18.252863 ], [ -55.231082, -18.22274 ], [ -55.226618, -18.230832 ], [ -55.214066, -18.238288 ], [ -55.207367, -18.235866 ], [ -55.207449, -18.22789 ], [ -55.200495, -18.221834 ], [ -55.177786, -18.237946 ], [ -55.173445, -18.227569 ], [ -55.162084, -18.233016 ], [ -55.157438, -18.22241 ], [ -55.150874, -18.220984 ], [ -55.140915, -18.238336 ], [ -55.109517, -18.24583 ], [ -55.090781, -18.278284 ], [ -55.077567, -18.28048 ], [ -55.074436, -18.269803 ], [ -55.068098, -18.267101 ], [ -55.065477, -18.286664 ], [ -55.034406, -18.290458 ], [ -55.046378, -18.293975 ], [ -55.054322, -18.308589 ], [ -55.053846, -18.318694 ], [ -55.045311, -18.314789 ], [ -55.041152, -18.317664 ], [ -55.047275, -18.333803 ], [ -55.043225, -18.335531 ], [ -55.032241, -18.329738 ], [ -55.029051, -18.348322 ], [ -55.013601, -18.34377 ], [ -54.998115, -18.352069 ], [ -55.006638, -18.354468 ], [ -55.006928, -18.359259 ], [ -54.986444, -18.371614 ], [ -54.986596, -18.377926 ], [ -54.995208, -18.382131 ], [ -54.991716, -18.389064 ], [ -54.973655, -18.393945 ], [ -54.97309, -18.418409 ], [ -54.959393, -18.41226 ], [ -54.953323, -18.425488 ], [ -54.934094, -18.437605 ], [ -54.917335, -18.440145 ], [ -54.911021, -18.435301 ], [ -54.891062, -18.449095 ], [ -54.880835, -18.444153 ], [ -54.880379, -18.428874 ], [ -54.870106, -18.438649 ], [ -54.863413, -18.437893 ], [ -54.861919, -18.42796 ], [ -54.843694, -18.43531 ], [ -54.852526, -18.424332 ], [ -54.848649, -18.420428 ], [ -54.825373, -18.444622 ], [ -54.805967, -18.446433 ], [ -54.800037, -18.465284 ], [ -54.78344, -18.469285 ], [ -54.75595, -18.492583 ], [ -54.76436, -18.505442 ], [ -54.756433, -18.520643 ], [ -54.762566, -18.579137 ], [ -54.739295, -18.526955 ], [ -54.745845, -18.553878 ], [ -54.730253, -18.570127 ], [ -54.725927, -18.589439 ], [ -54.704993, -18.592329 ], [ -54.698781, -18.598547 ], [ -54.692389, -18.594843 ], [ -54.693087, -18.601536 ], [ -54.681047, -18.601428 ], [ -54.673619, -18.611151 ], [ -54.660042, -18.61301 ], [ -54.649678, -18.621143 ], [ -54.638199, -18.619011 ], [ -54.633795, -18.624126 ], [ -54.62205, -18.626245 ], [ -54.62496, -18.643036 ], [ -54.613049, -18.653583 ], [ -54.614093, -18.671126 ], [ -54.586242, -18.694852 ], [ -54.573353, -18.712635 ], [ -54.557319, -18.713332 ], [ -54.532377, -18.725231 ], [ -54.489464, -18.724527 ], [ -54.473701, -18.729246 ], [ -54.460414, -18.726061 ], [ -54.456227, -18.720398 ], [ -54.449259, -18.728108 ], [ -54.440466, -18.728217 ], [ -54.424818, -18.710026 ], [ -54.417288, -18.71157 ], [ -54.410363, -18.705197 ], [ -54.398232, -18.708583 ], [ -54.386773, -18.693858 ], [ -54.382421, -18.694966 ], [ -54.383006, -18.677882 ], [ -54.372595, -18.674696 ], [ -54.3717, -18.66611 ], [ -54.357343, -18.658277 ], [ -54.359706, -18.653495 ] ] ] } },
{ "type": "Feature", "properties": { "CD_MUN": "5003108", "NM_MUN": "Corguinho", "SIGLA_UF": "MS", "AREA_KM2": 2638.923 }, "geometry": { "type": "Polygon", "coordinates": [ [ [ -54.904258, -19.988286 ], [ -54.898695, -19.978285 ], [ -54.893087, -19.977492 ], [ -54.89692, -19.966749 ], [ -54.895469, -19.949819 ], [ -54.882196, -19.948621 ], [ -54.882387, -19.941821 ], [ -54.889209, -19.9399 ], [ -54.882886, -19.935195 ], [ -54.886941, -19.929689 ], [ -54.877667, -19.920995 ], [ -54.870704, -19.92444 ], [ -54.87055, -19.917323 ], [ -54.852649, -19.906675 ], [ -54.850276, -19.897283 ], [ -54.843162, -19.899043 ], [ -54.845815, -19.893064 ], [ -54.842626, -19.886485 ], [ -54.834974, -19.886932 ], [ -54.833317, -19.880666 ], [ -54.838967, -19.876769 ], [ -54.833971, -19.871055 ], [ -54.840457, -19.866102 ], [ -54.837984, -19.84365 ], [ -54.830469, -19.837783 ], [ -54.817909, -19.839664 ], [ -54.809583, -19.825685 ], [ -54.786243, -19.809717 ], [ -54.789003, -19.806595 ], [ -54.783461, -19.798667 ], [ -54.768621, -19.786976 ], [ -54.762052, -19.787832 ], [ -54.762173, -19.780402 ], [ -54.744609, -19.779268 ], [ -54.733922, -19.772306 ], [ -54.732947, -19.722417 ], [ -54.726085, -19.714094 ], [ -54.735322, -19.703709 ], [ -54.729829, -19.690428 ], [ -54.745243, -19.678263 ], [ -54.755106, -19.643661 ], [ -54.752669, -19.639864 ], [ -54.759275, -19.639718 ], [ -54.762579, -19.634415 ], [ -54.760602, -19.628271 ], [ -54.754692, -19.631686 ], [ -54.745896, -19.627591 ], [ -54.74754, -19.623902 ], [ -54.751151, -19.62578 ], [ -54.747794, -19.622777 ], [ -54.739468, -19.624988 ], [ -54.735563, -19.622013 ], [ -54.738117, -19.616671 ], [ -54.734233, -19.614968 ], [ -54.734712, -19.608628 ], [ -54.727462, -19.606446 ], [ -54.720598, -19.593819 ], [ -54.728316, -19.586975 ], [ -54.723544, -19.585241 ], [ -54.723907, -19.577942 ], [ -54.733122, -19.568795 ], [ -54.728007, -19.559704 ], [ -54.736814, -19.552896 ], [ -54.730929, -19.543653 ], [ -54.745555, -19.540386 ], [ -54.748802, -19.53453 ], [ -54.747141, -19.521442 ], [ -54.735144, -19.517635 ], [ -54.737501, -19.510909 ], [ -54.732875, -19.508176 ], [ -54.786274, -19.472879 ], [ -54.794905, -19.45542 ], [ -54.799125, -19.476129 ], [ -54.818334, -19.491072 ], [ -54.812258, -19.535976 ], [ -54.824243, -19.593754 ], [ -54.833911, -19.598195 ], [ -54.838129, -19.608093 ], [ -54.838594, -19.647577 ], [ -54.892811, -19.652418 ], [ -54.897462, -19.66045 ], [ -54.896073, -19.6728 ], [ -54.901405, -19.679337 ], [ -54.934525, -19.694657 ], [ -54.947685, -19.693529 ], [ -54.959234, -19.684667 ], [ -54.97005, -19.684864 ], [ -54.98328, -19.691892 ], [ -54.991254, -19.68974 ], [ -55.000385, -19.700227 ], [ -55.012049, -19.701274 ], [ -55.027145, -19.698472 ], [ -55.02759, -19.676442 ], [ -55.036935, -19.679954 ], [ -55.046166, -19.664749 ], [ -55.04747, -19.65754 ], [ -55.039562, -19.657195 ], [ -55.042459, -19.645677 ], [ -55.038904, -19.637595 ], [ -55.051789, -19.629628 ], [ -55.046957, -19.626424 ], [ -55.038781, -19.629651 ], [ -55.040501, -19.621693 ], [ -55.033149, -19.624986 ], [ -55.040806, -19.61203 ], [ -55.057016, -19.60889 ], [ -55.084829, -19.630618 ], [ -55.117724, -19.624872 ], [ -55.146228, -19.614305 ], [ -55.173987, -19.594889 ], [ -55.202468, -19.56339 ], [ -55.207528, -19.55187 ], [ -55.241135, -19.521397 ], [ -55.26594, -19.585783 ], [ -55.288457, -19.607392 ], [ -55.285036, -19.618068 ], [ -55.291821, -19.624418 ], [ -55.305765, -19.672669 ], [ -55.321703, -19.686961 ], [ -55.322033, -19.700984 ], [ -55.332454, -19.710472 ], [ -55.337577, -19.731953 ], [ -55.347018, -19.738552 ], [ -55.346595, -19.760736 ], [ -55.363725, -19.774243 ], [ -55.376199, -19.773548 ], [ -55.382358, -19.779811 ], [ -55.37808, -19.787479 ], [ -55.394609, -19.801497 ], [ -55.388629, -19.833211 ], [ -55.380522, -19.839815 ], [ -55.378389, -19.850018 ], [ -55.354644, -19.862807 ], [ -55.337202, -19.881205 ], [ -55.330965, -19.902668 ], [ -55.330702, -19.930299 ], [ -55.322651, -19.941933 ], [ -55.309789, -19.947705 ], [ -55.309513, -19.957356 ], [ -55.322499, -19.970398 ], [ -55.323226, -19.981209 ], [ -55.317964, -19.982775 ], [ -55.316693, -19.988382 ], [ -55.285156, -19.990382 ], [ -55.268258, -20.00062 ], [ -55.25145, -19.982799 ], [ -55.229991, -19.985619 ], [ -55.222398, -19.978997 ], [ -55.199722, -19.994128 ], [ -55.179667, -19.992756 ], [ -55.174141, -19.988058 ], [ -55.161938, -19.986993 ], [ -55.157282, -19.978594 ], [ -55.139675, -19.971797 ], [ -55.139251, -19.986314 ], [ -55.128608, -19.999142 ], [ -55.11112, -20.005008 ], [ -55.097787, -20.021077 ], [ -55.096387, -20.045598 ], [ -55.063851, -20.109023 ], [ -55.067516, -20.132457 ], [ -55.080428, -20.136222 ], [ -55.07903, -20.148075 ], [ -55.083672, -20.154237 ], [ -55.077377, -20.160622 ], [ -55.069117, -20.154339 ], [ -55.062415, -20.165906 ], [ -55.04099, -20.155554 ], [ -55.048924, -20.144407 ], [ -55.043795, -20.13561 ], [ -55.039485, -20.138499 ], [ -55.028494, -20.125013 ], [ -55.0182, -20.132085 ], [ -55.014793, -20.120768 ], [ -54.99785, -20.127608 ], [ -54.995365, -20.112675 ], [ -54.987165, -20.113185 ], [ -54.983351, -20.105976 ], [ -54.977936, -20.106288 ], [ -54.973397, -20.09281 ], [ -54.962519, -20.088909 ], [ -54.959426, -20.094257 ], [ -54.954229, -20.094125 ], [ -54.95621, -20.080895 ], [ -54.947564, -20.078455 ], [ -54.944578, -20.070824 ], [ -54.935879, -20.069014 ], [ -54.927201, -20.05408 ], [ -54.918314, -20.05623 ], [ -54.927368, -20.048296 ], [ -54.912185, -20.042804 ], [ -54.929226, -20.040229 ], [ -54.926604, -20.023131 ], [ -54.915359, -20.018749 ], [ -54.911695, -20.001748 ], [ -54.904053, -20.005276 ], [ -54.897444, -19.998072 ], [ -54.904258, -19.988286 ] ] ] } },
{ "type": "Feature", "properties": { "CD_MUN": "5003157", "NM_MUN": "Coronel Sapucaia", "SIGLA_UF": "MS", "AREA_KM2": 1023.727 }, "geometry": { "type": "Polygon", "coordinates": [ [ [ -55.314047, -23.271739 ], [ -55.341659, -23.261231 ], [ -55.355592, -23.239989 ], [ -55.358821, -23.219563 ], [ -55.373209, -23.207993 ], [ -55.383888, -23.178571 ], [ -55.402312, -23.148273 ], [ -55.421906, -23.127602 ], [ -55.434087, -23.091009 ], [ -55.446767, -23.093764 ], [ -55.455653, -23.111253 ], [ -55.479228, -23.128714 ], [ -55.486345, -23.155409 ], [ -55.495897, -23.164077 ], [ -55.493583, -23.200921 ], [ -55.511838, -23.220908 ], [ -55.520044, -23.239826 ], [ -55.529692, -23.243511 ], [ -55.539099, -23.241199 ], [ -55.537278, -23.251262 ], [ -55.522658, -23.259713 ], [ -55.554857, -23.282963 ], [ -55.549178, -23.303707 ], [ -55.554847, -23.320548 ], [ -55.534566, -23.333355 ], [ -55.520624, -23.352286 ], [ -55.519421, -23.365174 ], [ -55.506506, -23.370285 ], [ -55.504481, -23.37847 ], [ -55.51559, -23.409575 ], [ -55.544694, -23.449332 ], [ -55.540589, -23.455526 ], [ -55.54325, -23.474245 ], [ -55.544994, -23.477278 ], [ -55.562115, -23.476213 ], [ -55.560408, -23.48308 ], [ -55.531852, -23.479444 ], [ -55.517825, -23.488698 ], [ -55.509809, -23.480921 ], [ -55.486629, -23.486014 ], [ -55.475006, -23.473448 ], [ -55.460034, -23.46804 ], [ -55.455697, -23.456868 ], [ -55.435246, -23.457602 ], [ -55.428993, -23.460365 ], [ -55.416715, -23.492876 ], [ -55.394888, -23.487796 ], [ -55.386411, -23.493532 ], [ -55.375935, -23.493233 ], [ -55.363446, -23.504666 ], [ -55.344736, -23.502784 ], [ -55.329922, -23.509118 ], [ -55.312001, -23.506831 ], [ -55.2974, -23.510735 ], [ -55.271889, -23.570279 ], [ -55.203517, -23.399877 ], [ -55.16593, -23.377477 ], [ -55.159926, -23.376384 ], [ -55.155074, -23.380791 ], [ -55.153304, -23.372386 ], [ -55.165187, -23.356049 ], [ -55.169334, -23.357768 ], [ -55.190147, -23.34789 ], [ -55.200859, -23.335387 ], [ -55.208455, -23.338338 ], [ -55.214759, -23.331691 ], [ -55.212392, -23.329325 ], [ -55.221344, -23.327161 ], [ -55.227083, -23.315286 ], [ -55.234412, -23.31897 ], [ -55.241812, -23.314857 ], [ -55.249428, -23.301903 ], [ -55.259028, -23.302908 ], [ -55.275622, -23.289158 ], [ -55.299231, -23.284287 ], [ -55.314047, -23.271739 ] ] ] } },
{ "type": "Feature", "properties": { "CD_MUN": "5002407", "NM_MUN": "Caarapó", "SIGLA_UF": "MS", "AREA_KM2": 2115.73 }, "geometry": { "type": "Polygon", "coordinates": [ [ [ -54.86832, -22.821301 ], [ -54.859632, -22.831387 ], [ -54.848439, -22.832619 ], [ -54.850184, -22.840096 ], [ -54.838761, -22.840974 ], [ -54.839364, -22.845493 ], [ -54.833619, -22.844922 ], [ -54.832041, -22.849149 ], [ -54.820003, -22.84867 ], [ -54.822906, -22.85667 ], [ -54.816337, -22.86081 ], [ -54.818287, -22.867294 ], [ -54.813748, -22.867389 ], [ -54.810626, -22.875283 ], [ -54.800552, -22.874757 ], [ -54.800316, -22.884606 ], [ -54.786388, -22.879433 ], [ -54.784051, -22.884244 ], [ -54.767029, -22.889563 ], [ -54.753561, -22.886616 ], [ -54.737313, -22.891199 ], [ -54.733201, -22.879269 ], [ -54.736778, -22.865885 ], [ -54.749647, -22.848424 ], [ -54.741802, -22.83465 ], [ -54.744616, -22.825428 ], [ -54.739758, -22.808902 ], [ -54.74483, -22.771026 ], [ -54.724287, -22.751127 ], [ -54.71372, -22.720233 ], [ -54.657154, -22.693748 ], [ -54.683542, -22.670542 ], [ -54.691164, -22.640732 ], [ -54.703304, -22.617418 ], [ -54.647815, -22.633836 ], [ -54.574684, -22.631066 ], [ -54.536163, -22.606686 ], [ -54.521764, -22.611415 ], [ -54.499504, -22.609199 ], [ -54.496833, -22.621101 ], [ -54.488953, -22.625208 ], [ -54.482248, -22.621475 ], [ -54.477519, -22.632691 ], [ -54.454184, -22.621322 ], [ -54.472247, -22.591151 ], [ -54.467866, -22.570954 ], [ -54.471851, -22.507701 ], [ -54.501822, -22.459918 ], [ -54.51715, -22.44741 ], [ -54.517389, -22.428209 ], [ -54.523995, -22.407149 ], [ -54.536093, -22.413234 ], [ -54.551752, -22.407247 ], [ -54.563893, -22.41065 ], [ -54.575143, -22.403913 ], [ -54.58295, -22.407507 ], [ -54.587429, -22.403902 ], [ -54.591447, -22.408129 ], [ -54.609502, -22.410178 ], [ -54.61758, -22.415164 ], [ -54.619398, -22.421991 ], [ -54.624772, -22.417673 ], [ -54.633209, -22.435136 ], [ -54.645973, -22.436125 ], [ -54.65018, -22.429092 ], [ -54.667602, -22.419346 ], [ -54.691034, -22.424239 ], [ -54.693019, -22.430136 ], [ -54.706467, -22.434843 ], [ -54.719263, -22.433668 ], [ -54.721839, -22.441251 ], [ -54.740453, -22.433166 ], [ -54.739518, -22.427133 ], [ -54.731971, -22.425805 ], [ -54.743277, -22.415073 ], [ -54.753252, -22.422873 ], [ -54.755156, -22.431743 ], [ -54.770385, -22.419194 ], [ -54.779653, -22.423938 ], [ -54.777192, -22.412867 ], [ -54.783513, -22.400268 ], [ -54.792778, -22.398288 ], [ -54.795589, -22.401809 ], [ -54.80365, -22.397227 ], [ -54.806896, -22.388962 ], [ -54.815408, -22.388332 ], [ -54.822462, -22.398871 ], [ -54.827372, -22.395279 ], [ -54.842358, -22.395961 ], [ -54.849718, -22.38801 ], [ -54.854311, -22.391939 ], [ -54.882654, -22.384343 ], [ -54.891382, -22.376884 ], [ -54.894646, -22.383324 ], [ -54.911529, -22.391912 ], [ -54.913178, -22.373642 ], [ -54.931861, -22.375606 ], [ -54.936391, -22.372369 ], [ -54.931801, -22.367016 ], [ -54.937078, -22.36283 ], [ -54.945727, -22.37148 ], [ -54.964047, -22.36427 ], [ -54.965671, -22.39916 ], [ -54.981964, -22.432856 ], [ -54.979546, -22.439762 ], [ -54.986093, -22.451916 ], [ -54.994878, -22.465836 ], [ -55.01328, -22.479252 ], [ -55.025031, -22.503272 ], [ -55.047472, -22.503949 ], [ -55.053819, -22.524156 ], [ -55.069267, -22.539006 ], [ -55.097667, -22.547822 ], [ -55.096522, -22.565263 ], [ -55.101742, -22.581757 ], [ -55.127596, -22.606465 ], [ -55.128112, -22.634822 ], [ -55.124469, -22.643942 ], [ -55.110684, -22.653148 ], [ -55.090395, -22.657443 ], [ -55.087765, -22.663846 ], [ -55.074865, -22.671205 ], [ -55.055963, -22.671491 ], [ -55.049359, -22.677071 ], [ -55.040912, -22.675042 ], [ -55.030716, -22.682655 ], [ -55.028662, -22.692058 ], [ -55.023077, -22.692037 ], [ -55.022965, -22.698008 ], [ -55.00014, -22.701551 ], [ -54.99597, -22.710473 ], [ -54.987709, -22.713542 ], [ -54.990783, -22.720193 ], [ -54.98303, -22.722578 ], [ -54.98618, -22.7275 ], [ -54.979097, -22.732889 ], [ -54.975984, -22.729612 ], [ -54.964274, -22.733568 ], [ -54.971004, -22.755738 ], [ -54.963074, -22.755523 ], [ -54.957502, -22.766631 ], [ -54.947873, -22.76344 ], [ -54.943731, -22.770062 ], [ -54.944791, -22.763358 ], [ -54.935019, -22.760079 ], [ -54.936621, -22.765684 ], [ -54.929316, -22.767393 ], [ -54.93366, -22.772381 ], [ -54.924089, -22.777896 ], [ -54.928399, -22.783391 ], [ -54.92081, -22.784063 ], [ -54.91929, -22.788504 ], [ -54.930108, -22.790196 ], [ -54.926003, -22.795346 ], [ -54.931762, -22.7992 ], [ -54.915454, -22.801715 ], [ -54.907368, -22.796734 ], [ -54.902508, -22.80615 ], [ -54.905323, -22.815397 ], [ -54.899801, -22.816596 ], [ -54.891241, -22.811079 ], [ -54.877825, -22.822117 ], [ -54.86832, -22.821301 ] ] ] } },
{ "type": "Feature", "properties": { "CD_MUN": "5002704", "NM_MUN": "Campo Grande", "SIGLA_UF": "MS", "AREA_KM2": 8082.327 }, "geometry": { "type": "Polygon", "coordinates": [ [ [ -53.636056, -21.446492 ], [ -53.627229, -21.444601 ], [ -53.629886, -21.440279 ], [ -53.625037, -21.435043 ], [ -53.63102, -21.434361 ], [ -53.62504, -21.431746 ], [ -53.627703, -21.423143 ], [ -53.617334, -21.417377 ], [ -53.623253, -21.410574 ], [ -53.617589, -21.406995 ], [ -53.620041, -21.40004 ], [ -53.616359, -21.399964 ], [ -53.617057, -21.387817 ], [ -53.612725, -21.384793 ], [ -53.621245, -21.382186 ], [ -53.61657, -21.375786 ], [ -53.617135, -21.363308 ], [ -53.624822, -21.360569 ], [ -53.629873, -21.344554 ], [ -53.637499, -21.34041 ], [ -53.633051, -21.330769 ], [ -53.640128, -21.328861 ], [ -53.6374, -21.316962 ], [ -53.644025, -21.307711 ], [ -53.642258, -21.301859 ], [ -53.648341, -21.29684 ], [ -53.647795, -21.289282 ], [ -53.660352, -21.278188 ], [ -53.661296, -21.269121 ], [ -53.665933, -21.268099 ], [ -53.66329, -21.264059 ], [ -53.670505, -21.259942 ], [ -53.6741, -21.242122 ], [ -53.679645, -21.237317 ], [ -53.675614, -21.231356 ], [ -53.683759, -21.224308 ], [ -53.680794, -21.218926 ], [ -53.685867, -21.203189 ], [ -53.681787, -21.190333 ], [ -53.684702, -21.180512 ], [ -53.696953, -21.173525 ], [ -53.70606, -21.156339 ], [ -53.726887, -21.145859 ], [ -53.726883, -21.132319 ], [ -53.738879, -21.117653 ], [ -53.739217, -21.108965 ], [ -53.735529, -21.107417 ], [ -53.746784, -21.100276 ], [ -53.752895, -21.102988 ], [ -53.758926, -21.080353 ], [ -53.764684, -21.08138 ], [ -53.769996, -21.074897 ], [ -53.787086, -21.069563 ], [ -53.804529, -21.073836 ], [ -53.813834, -21.064224 ], [ -53.815929, -21.066987 ], [ -53.82298, -21.062772 ], [ -53.821746, -21.057464 ], [ -53.828228, -21.050724 ], [ -53.836464, -21.052582 ], [ -53.848014, -21.043987 ], [ -53.845887, -21.031189 ], [ -53.85063, -21.019322 ], [ -53.843886, -21.017 ], [ -53.855585, -20.999477 ], [ -53.856272, -20.989635 ], [ -53.866018, -20.98105 ], [ -53.876129, -20.983071 ], [ -53.887976, -20.978989 ], [ -53.908448, -20.962603 ], [ -53.908427, -20.957906 ], [ -53.913147, -20.961379 ], [ -53.916027, -20.958075 ], [ -53.940947, -20.956538 ], [ -53.952447, -20.960274 ], [ -53.97312, -20.953063 ], [ -53.986053, -20.933918 ], [ -54.00549, -20.922791 ], [ -54.004601, -20.895333 ], [ -54.016943, -20.881303 ], [ -54.023018, -20.854908 ], [ -54.064477, -20.836477 ], [ -54.092097, -20.798031 ], [ -54.111345, -20.785267 ], [ -54.128563, -20.788397 ], [ -54.156002, -20.774051 ], [ -54.163801, -20.755716 ], [ -54.172669, -20.750928 ], [ -54.175403, -20.72519 ], [ -54.196055, -20.70927 ], [ -54.202385, -20.711033 ], [ -54.206641, -20.673041 ], [ -54.195959, -20.65744 ], [ -54.19386, -20.637799 ], [ -54.182723, -20.620492 ], [ -54.1775, -20.597376 ], [ -54.192525, -20.558768 ], [ -54.195482, -20.537037 ], [ -54.182794, -20.490151 ], [ -54.183467, -20.466632 ], [ -54.189463, -20.464706 ], [ -54.188329, -20.46872 ], [ -54.202891, -20.47953 ], [ -54.209849, -20.476722 ], [ -54.211225, -20.481895 ], [ -54.218022, -20.481698 ], [ -54.219083, -20.476855 ], [ -54.222108, -20.48733 ], [ -54.232909, -20.483618 ], [ -54.233811, -20.487178 ], [ -54.240721, -20.486322 ], [ -54.242598, -20.494077 ], [ -54.246789, -20.491036 ], [ -54.256996, -20.496631 ], [ -54.277493, -20.490431 ], [ -54.294071, -20.494009 ], [ -54.302238, -20.480501 ], [ -54.335664, -20.478318 ], [ -54.349595, -20.470081 ], [ -54.347051, -20.467721 ], [ -54.352013, -20.468111 ], [ -54.35148, -20.464856 ], [ -54.355347, -20.467076 ], [ -54.355364, -20.462903 ], [ -54.364664, -20.460443 ], [ -54.368492, -20.448145 ], [ -54.374798, -20.44791 ], [ -54.374891, -20.438132 ], [ -54.38855, -20.426987 ], [ -54.418663, -20.421987 ], [ -54.426013, -20.4107 ], [ -54.438874, -20.406618 ], [ -54.444958, -20.397051 ], [ -54.489687, -20.392367 ], [ -54.497949, -20.333571 ], [ -54.513927, -20.305659 ], [ -54.517351, -20.285055 ], [ -54.529232, -20.281511 ], [ -54.534921, -20.274631 ], [ -54.607305, -20.251194 ], [ -54.615907, -20.258188 ], [ -54.628945, -20.252501 ], [ -54.645118, -20.252366 ], [ -54.650619, -20.235583 ], [ -54.676678, -20.215688 ], [ -54.689589, -20.213534 ], [ -54.706293, -20.203195 ], [ -54.71877, -20.203911 ], [ -54.725158, -20.194247 ], [ -54.731859, -20.200455 ], [ -54.741354, -20.201626 ], [ -54.748782, -20.19368 ], [ -54.770388, -20.191332 ], [ -54.779268, -20.181045 ], [ -54.780433, -20.172597 ], [ -54.798036, -20.170054 ], [ -54.80289, -20.174882 ], [ -54.812339, -20.175171 ], [ -54.823156, -20.166053 ], [ -54.83787, -20.172907 ], [ -54.848197, -20.167236 ], [ -54.859387, -20.17398 ], [ -54.862322, -20.199689 ], [ -54.867661, -20.198293 ], [ -54.879379, -20.208641 ], [ -54.895198, -20.204089 ], [ -54.90245, -20.209061 ], [ -54.911617, -20.204407 ], [ -54.922476, -20.22858 ], [ -54.916835, -20.232804 ], [ -54.917627, -20.243304 ], [ -54.923211, -20.248016 ], [ -54.904953, -20.247857 ], [ -54.894347, -20.256396 ], [ -54.889783, -20.267606 ], [ -54.879535, -20.26581 ], [ -54.865333, -20.274579 ], [ -54.856917, -20.274735 ], [ -54.854731, -20.280761 ], [ -54.849068, -20.27699 ], [ -54.83078, -20.285777 ], [ -54.820462, -20.282694 ], [ -54.821081, -20.290681 ], [ -54.816067, -20.293764 ], [ -54.821192, -20.29821 ], [ -54.816152, -20.302656 ], [ -54.79253, -20.310743 ], [ -54.778048, -20.305589 ], [ -54.779783, -20.315302 ], [ -54.769465, -20.315891 ], [ -54.762745, -20.326177 ], [ -54.762762, -20.481422 ], [ -54.775717, -20.486782 ], [ -54.791606, -20.502545 ], [ -54.800172, -20.520392 ], [ -54.79398, -20.549042 ], [ -54.796508, -20.571588 ], [ -54.790624, -20.572799 ], [ -54.78125, -20.598386 ], [ -54.767385, -20.614754 ], [ -54.784836, -20.63062 ], [ -54.796812, -20.662374 ], [ -54.807126, -20.657986 ], [ -54.814467, -20.661176 ], [ -54.842489, -20.687742 ], [ -54.826849, -20.740764 ], [ -54.805815, -20.735516 ], [ -54.768742, -20.693772 ], [ -54.751409, -20.691775 ], [ -54.721945, -20.714582 ], [ -54.723893, -20.720945 ], [ -54.712303, -20.730862 ], [ -54.719175, -20.731877 ], [ -54.717136, -20.74081 ], [ -54.720733, -20.744122 ], [ -54.710245, -20.751301 ], [ -54.712524, -20.75659 ], [ -54.707249, -20.754456 ], [ -54.706205, -20.766615 ], [ -54.695524, -20.772024 ], [ -54.708456, -20.792499 ], [ -54.69728, -20.795463 ], [ -54.701503, -20.806735 ], [ -54.693479, -20.810948 ], [ -54.699455, -20.814103 ], [ -54.695617, -20.817545 ], [ -54.709514, -20.823847 ], [ -54.710525, -20.829694 ], [ -54.694887, -20.826564 ], [ -54.70576, -20.833483 ], [ -54.702332, -20.840408 ], [ -54.692977, -20.84506 ], [ -54.698429, -20.848313 ], [ -54.691428, -20.856084 ], [ -54.695023, -20.85974 ], [ -54.686734, -20.860192 ], [ -54.68395, -20.873281 ], [ -54.679444, -20.87432 ], [ -54.676778, -20.867823 ], [ -54.67416, -20.870118 ], [ -54.676088, -20.876707 ], [ -54.683324, -20.87882 ], [ -54.683314, -20.889561 ], [ -54.671589, -20.892495 ], [ -54.672883, -20.886776 ], [ -54.6444, -20.894112 ], [ -54.637532, -20.888929 ], [ -54.637027, -20.905077 ], [ -54.62971, -20.909766 ], [ -54.619804, -20.911228 ], [ -54.61366, -20.902836 ], [ -54.601749, -20.905094 ], [ -54.601252, -20.913613 ], [ -54.605237, -20.916589 ], [ -54.590352, -20.918392 ], [ -54.590329, -20.926098 ], [ -54.58119, -20.926922 ], [ -54.566225, -20.950032 ], [ -54.551829, -20.954368 ], [ -54.550452, -20.959794 ], [ -54.541649, -20.961472 ], [ -54.538049, -20.966679 ], [ -54.534671, -20.958881 ], [ -54.527942, -20.957499 ], [ -54.529009, -20.973139 ], [ -54.51533, -20.981236 ], [ -54.520105, -20.986126 ], [ -54.517225, -20.998124 ], [ -54.498487, -20.993926 ], [ -54.49158, -21.004136 ], [ -54.476212, -21.006038 ], [ -54.474876, -21.010834 ], [ -54.463591, -21.008483 ], [ -54.461964, -21.016768 ], [ -54.457255, -21.015482 ], [ -54.452298, -21.023208 ], [ -54.435328, -21.026724 ], [ -54.433246, -21.021723 ], [ -54.425962, -21.025079 ], [ -54.430245, -21.034399 ], [ -54.408242, -21.042161 ], [ -54.417987, -21.049852 ], [ -54.416442, -21.053256 ], [ -54.40998, -21.050686 ], [ -54.401523, -21.060929 ], [ -54.392643, -21.061331 ], [ -54.395983, -21.066578 ], [ -54.38922, -21.071081 ], [ -54.391576, -21.082075 ], [ -54.387695, -21.089457 ], [ -54.382236, -21.08963 ], [ -54.38262, -21.098923 ], [ -54.376687, -21.105905 ], [ -54.371669, -21.106181 ], [ -54.368967, -21.101204 ], [ -54.361456, -21.104237 ], [ -54.355081, -21.101762 ], [ -54.350021, -21.107709 ], [ -54.345947, -21.103096 ], [ -54.340766, -21.108398 ], [ -54.346014, -21.111845 ], [ -54.338528, -21.121119 ], [ -54.329651, -21.115075 ], [ -54.317163, -21.131503 ], [ -54.31035, -21.128902 ], [ -54.299124, -21.139363 ], [ -54.292169, -21.139769 ], [ -54.298261, -21.154424 ], [ -54.291594, -21.158561 ], [ -54.29786, -21.163712 ], [ -54.303472, -21.160575 ], [ -54.306627, -21.165225 ], [ -54.296015, -21.174011 ], [ -54.27925, -21.175181 ], [ -54.271814, -21.183314 ], [ -54.266829, -21.183155 ], [ -54.274544, -21.196037 ], [ -54.260348, -21.204762 ], [ -54.260469, -21.221073 ], [ -54.266801, -21.227666 ], [ -54.26545, -21.234669 ], [ -54.27277, -21.237642 ], [ -54.264311, -21.243501 ], [ -54.262098, -21.236221 ], [ -54.258492, -21.236283 ], [ -54.250224, -21.247346 ], [ -54.251803, -21.256834 ], [ -54.234518, -21.262989 ], [ -54.229081, -21.255301 ], [ -54.223149, -21.25965 ], [ -54.224502, -21.272915 ], [ -54.233356, -21.271814 ], [ -54.233991, -21.266658 ], [ -54.238793, -21.271881 ], [ -54.232632, -21.285269 ], [ -54.23465, -21.291422 ], [ -54.215592, -21.285806 ], [ -54.221526, -21.297939 ], [ -54.200969, -21.299337 ], [ -54.208999, -21.314431 ], [ -54.201986, -21.315832 ], [ -54.202349, -21.325961 ], [ -54.195417, -21.339649 ], [ -54.187097, -21.339172 ], [ -54.188012, -21.345816 ], [ -54.172466, -21.348872 ], [ -54.172044, -21.355941 ], [ -54.15611, -21.365287 ], [ -54.145739, -21.381996 ], [ -54.12875, -21.397539 ], [ -54.13056, -21.402071 ], [ -54.107408, -21.408041 ], [ -54.1109, -21.415742 ], [ -54.101928, -21.418818 ], [ -54.105744, -21.425953 ], [ -54.10111, -21.43907 ], [ -54.085431, -21.441788 ], [ -54.086021, -21.450885 ], [ -54.081717, -21.453818 ], [ -54.07657, -21.450128 ], [ -54.066908, -21.454354 ], [ -54.06266, -21.459197 ], [ -54.066154, -21.468849 ], [ -54.056508, -21.465704 ], [ -54.046287, -21.46803 ], [ -54.044176, -21.475318 ], [ -54.03756, -21.475676 ], [ -54.035942, -21.486107 ], [ -54.023858, -21.489199 ], [ -54.013361, -21.501984 ], [ -54.008655, -21.495507 ], [ -54.010715, -21.509337 ], [ -53.994039, -21.514362 ], [ -53.98404, -21.525196 ], [ -53.980948, -21.537425 ], [ -53.973565, -21.538292 ], [ -53.972468, -21.533686 ], [ -53.965043, -21.532707 ], [ -53.960534, -21.542183 ], [ -53.954004, -21.538818 ], [ -53.949956, -21.544299 ], [ -53.940991, -21.546005 ], [ -53.935902, -21.541183 ], [ -53.922833, -21.540498 ], [ -53.892693, -21.55612 ], [ -53.88632, -21.55482 ], [ -53.882207, -21.561036 ], [ -53.874212, -21.559436 ], [ -53.875454, -21.56439 ], [ -53.866351, -21.560822 ], [ -53.848285, -21.566914 ], [ -53.839878, -21.561087 ], [ -53.837137, -21.5527 ], [ -53.832535, -21.558039 ], [ -53.826791, -21.556934 ], [ -53.826613, -21.546493 ], [ -53.820735, -21.545214 ], [ -53.823006, -21.547118 ], [ -53.814535, -21.55153 ], [ -53.813706, -21.558508 ], [ -53.795968, -21.568012 ], [ -53.785047, -21.569726 ], [ -53.783212, -21.564466 ], [ -53.772433, -21.568029 ], [ -53.773205, -21.560426 ], [ -53.769218, -21.558033 ], [ -53.766097, -21.560952 ], [ -53.769884, -21.569007 ], [ -53.763142, -21.573405 ], [ -53.76185, -21.580094 ], [ -53.757537, -21.57805 ], [ -53.758113, -21.571119 ], [ -53.740665, -21.568129 ], [ -53.737704, -21.574722 ], [ -53.744992, -21.578867 ], [ -53.738542, -21.585065 ], [ -53.728395, -21.578493 ], [ -53.719024, -21.581037 ], [ -53.719623, -21.573862 ], [ -53.725771, -21.574329 ], [ -53.725552, -21.570283 ], [ -53.706285, -21.566096 ], [ -53.701906, -21.567377 ], [ -53.699204, -21.580276 ], [ -53.698799, -21.574513 ], [ -53.69529, -21.5755 ], [ -53.700236, -21.565419 ], [ -53.69621, -21.557264 ], [ -53.669983, -21.552021 ], [ -53.668133, -21.555348 ], [ -53.674296, -21.554647 ], [ -53.673668, -21.558191 ], [ -53.658841, -21.558189 ], [ -53.654674, -21.565937 ], [ -53.643947, -21.56104 ], [ -53.643579, -21.575494 ], [ -53.638801, -21.579692 ], [ -53.628936, -21.57594 ], [ -53.628255, -21.568962 ], [ -53.620349, -21.573645 ], [ -53.614682, -21.561694 ], [ -53.609404, -21.565677 ], [ -53.607705, -21.560604 ], [ -53.60456, -21.564223 ], [ -53.600442, -21.554478 ], [ -53.611132, -21.548557 ], [ -53.605276, -21.545236 ], [ -53.609596, -21.539673 ], [ -53.60389, -21.535594 ], [ -53.612669, -21.524728 ], [ -53.616934, -21.526911 ], [ -53.613303, -21.52097 ], [ -53.618235, -21.520105 ], [ -53.611179, -21.517858 ], [ -53.606518, -21.50243 ], [ -53.614298, -21.493033 ], [ -53.613766, -21.483865 ], [ -53.618768, -21.481439 ], [ -53.612982, -21.478783 ], [ -53.618726, -21.471614 ], [ -53.619974, -21.474931 ], [ -53.622297, -21.470297 ], [ -53.637877, -21.468038 ], [ -53.639398, -21.461068 ], [ -53.632645, -21.460473 ], [ -53.639709, -21.457286 ], [ -53.636056, -21.446492 ] ] ] } },
{ "type": "Feature", "properties": { "CD_MUN": "5002803", "NM_MUN": "Caracol", "SIGLA_UF": "MS", "AREA_KM2": 2928.706 }, "geometry": { "type": "Polygon", "coordinates": [ [ [ -57.035462, -22.1485 ], [ -57.008038, -22.13794 ], [ -56.999081, -22.140952 ], [ -56.994796, -22.13617 ], [ -57.004931, -22.129601 ], [ -56.999232, -22.115203 ], [ -57.016651, -22.116906 ], [ -57.01323, -22.10395 ], [ -57.028161, -22.101514 ], [ -57.024853, -22.094168 ], [ -57.01059, -22.088019 ], [ -57.003741, -22.092147 ], [ -57.000635, -22.080842 ], [ -56.986874, -22.075905 ], [ -56.982897, -22.077776 ], [ -56.990342, -22.080861 ], [ -56.979171, -22.093276 ], [ -56.978277, -22.089378 ], [ -56.973709, -22.090889 ], [ -56.973543, -22.085309 ], [ -56.966081, -22.086948 ], [ -56.961097, -22.076002 ], [ -56.955374, -22.078292 ], [ -56.949323, -22.073373 ], [ -56.947045, -22.077394 ], [ -56.941611, -22.076151 ], [ -56.941855, -22.072766 ], [ -56.948739, -22.072005 ], [ -56.948517, -22.065373 ], [ -56.933197, -22.067436 ], [ -56.934241, -22.05571 ], [ -56.926047, -22.051691 ], [ -56.905915, -22.053755 ], [ -56.911731, -22.061339 ], [ -56.904293, -22.061325 ], [ -56.907502, -22.066642 ], [ -56.900631, -22.070604 ], [ -56.889959, -22.049956 ], [ -56.884044, -22.048654 ], [ -56.886437, -22.042964 ], [ -56.87642, -22.040329 ], [ -56.871412, -22.034139 ], [ -56.867901, -22.038269 ], [ -56.860833, -22.031689 ], [ -56.852665, -22.031889 ], [ -56.852347, -22.027538 ], [ -56.857818, -22.026338 ], [ -56.853777, -22.025149 ], [ -56.854026, -22.019054 ], [ -56.860414, -22.014063 ], [ -56.856235, -22.009385 ], [ -56.858978, -21.992304 ], [ -56.875985, -21.983025 ], [ -56.86375, -21.980375 ], [ -56.860362, -21.952981 ], [ -56.855719, -21.958705 ], [ -56.847849, -21.957637 ], [ -56.85617, -21.949722 ], [ -56.85458, -21.935881 ], [ -56.860301, -21.923242 ], [ -56.850685, -21.905527 ], [ -56.844695, -21.907519 ], [ -56.836178, -21.89287 ], [ -56.842145, -21.888642 ], [ -56.836169, -21.875686 ], [ -56.843018, -21.87075 ], [ -56.838717, -21.867789 ], [ -56.840885, -21.86358 ], [ -56.836352, -21.858394 ], [ -56.829784, -21.867307 ], [ -56.816901, -21.864327 ], [ -56.818861, -21.854702 ], [ -56.81207, -21.853992 ], [ -56.812724, -21.846589 ], [ -56.80593, -21.844653 ], [ -56.811087, -21.842237 ], [ -56.809538, -21.835939 ], [ -56.816037, -21.836974 ], [ -56.815733, -21.83153 ], [ -56.803903, -21.825833 ], [ -56.802734, -21.816675 ], [ -56.787558, -21.813281 ], [ -56.792043, -21.810762 ], [ -56.78927, -21.797139 ], [ -56.803098, -21.787139 ], [ -56.797772, -21.773622 ], [ -56.800346, -21.769061 ], [ -56.793481, -21.764822 ], [ -56.794027, -21.749426 ], [ -56.778491, -21.733135 ], [ -56.7844, -21.72788 ], [ -56.784661, -21.720529 ], [ -56.768984, -21.714347 ], [ -56.769119, -21.705086 ], [ -56.761543, -21.693621 ], [ -56.764885, -21.686074 ], [ -56.761688, -21.681841 ], [ -56.782677, -21.669964 ], [ -56.786434, -21.661819 ], [ -56.79984, -21.660816 ], [ -56.804233, -21.655502 ], [ -56.799811, -21.627849 ], [ -56.796023, -21.625772 ], [ -56.801536, -21.625216 ], [ -56.803492, -21.585731 ], [ -56.814535, -21.566799 ], [ -56.82982, -21.570644 ], [ -56.852361, -21.560651 ], [ -56.863546, -21.570132 ], [ -56.893858, -21.57231 ], [ -56.893274, -21.576923 ], [ -56.905101, -21.582924 ], [ -56.915328, -21.581298 ], [ -56.921497, -21.58497 ], [ -56.916767, -21.587369 ], [ -56.922389, -21.595283 ], [ -56.930584, -21.590613 ], [ -56.935038, -21.595203 ], [ -56.947349, -21.59588 ], [ -56.945782, -21.612328 ], [ -56.952683, -21.631467 ], [ -56.958648, -21.624489 ], [ -56.972524, -21.627682 ], [ -56.960979, -21.639374 ], [ -56.969579, -21.640548 ], [ -56.971937, -21.646163 ], [ -56.974787, -21.638387 ], [ -56.992527, -21.640824 ], [ -56.993419, -21.634891 ], [ -57.013285, -21.628223 ], [ -57.016287, -21.636486 ], [ -57.028351, -21.635635 ], [ -57.036236, -21.651433 ], [ -57.045118, -21.657422 ], [ -57.058969, -21.657369 ], [ -57.06277, -21.665335 ], [ -57.07285, -21.660585 ], [ -57.088667, -21.660995 ], [ -57.083819, -21.665097 ], [ -57.093859, -21.669928 ], [ -57.093756, -21.678687 ], [ -57.097547, -21.674318 ], [ -57.102472, -21.681557 ], [ -57.104941, -21.677776 ], [ -57.109425, -21.679308 ], [ -57.113121, -21.691313 ], [ -57.109699, -21.693025 ], [ -57.117506, -21.697975 ], [ -57.119151, -21.707127 ], [ -57.124918, -21.71007 ], [ -57.129376, -21.703883 ], [ -57.129707, -21.707569 ], [ -57.143177, -21.70942 ], [ -57.14053, -21.718622 ], [ -57.136567, -21.717007 ], [ -57.136075, -21.720779 ], [ -57.141231, -21.720843 ], [ -57.138075, -21.727652 ], [ -57.145485, -21.729308 ], [ -57.145015, -21.735472 ], [ -57.15281, -21.738635 ], [ -57.150978, -21.742014 ], [ -57.160538, -21.741854 ], [ -57.158078, -21.750863 ], [ -57.170999, -21.764212 ], [ -57.159208, -21.773838 ], [ -57.162338, -21.778057 ], [ -57.157779, -21.784832 ], [ -57.169762, -21.801408 ], [ -57.176239, -21.802638 ], [ -57.179942, -21.816782 ], [ -57.190833, -21.825927 ], [ -57.190869, -21.854411 ], [ -57.199741, -21.867843 ], [ -57.189823, -21.877203 ], [ -57.195966, -21.87905 ], [ -57.193723, -21.88761 ], [ -57.206583, -21.88712 ], [ -57.217746, -21.898198 ], [ -57.229021, -21.895783 ], [ -57.229774, -21.911774 ], [ -57.240709, -21.920917 ], [ -57.243111, -21.919003 ], [ -57.242471, -21.923193 ], [ -57.248369, -21.926443 ], [ -57.24877, -21.938875 ], [ -57.253782, -21.93782 ], [ -57.253577, -21.941595 ], [ -57.259499, -21.936132 ], [ -57.268842, -21.939702 ], [ -57.271539, -21.933815 ], [ -57.28014, -21.935715 ], [ -57.278857, -21.942 ], [ -57.281532, -21.937523 ], [ -57.283648, -21.940511 ], [ -57.291362, -21.937029 ], [ -57.298468, -21.939108 ], [ -57.305151, -21.930453 ], [ -57.3132, -21.941811 ], [ -57.322491, -21.94226 ], [ -57.322582, -21.947521 ], [ -57.326046, -21.945933 ], [ -57.329794, -21.951993 ], [ -57.326624, -21.954226 ], [ -57.333836, -21.955731 ], [ -57.340466, -21.963709 ], [ -57.352506, -21.964137 ], [ -57.358282, -21.959575 ], [ -57.367821, -21.971142 ], [ -57.378722, -21.969584 ], [ -57.386516, -21.98496 ], [ -57.378003, -21.988737 ], [ -57.378235, -21.996 ], [ -57.397966, -22.003427 ], [ -57.397534, -22.009593 ], [ -57.417109, -22.022933 ], [ -57.425871, -22.044471 ], [ -57.420387, -22.054061 ], [ -57.433395, -22.060569 ], [ -57.429977, -22.069546 ], [ -57.437452, -22.073438 ], [ -57.445571, -22.069031 ], [ -57.449192, -22.082764 ], [ -57.458933, -22.080056 ], [ -57.461318, -22.087552 ], [ -57.455342, -22.089729 ], [ -57.453636, -22.095798 ], [ -57.459001, -22.099512 ], [ -57.453679, -22.105038 ], [ -57.464487, -22.107983 ], [ -57.469241, -22.12297 ], [ -57.465964, -22.131867 ], [ -57.487952, -22.135423 ], [ -57.491379, -22.140563 ], [ -57.488075, -22.150351 ], [ -57.498792, -22.156865 ], [ -57.49319, -22.164471 ], [ -57.49912, -22.167892 ], [ -57.501587, -22.157695 ], [ -57.508517, -22.157691 ], [ -57.506467, -22.174424 ], [ -57.516834, -22.173625 ], [ -57.505872, -22.18524 ], [ -57.499888, -22.186489 ], [ -57.493441, -22.181603 ], [ -57.489261, -22.191413 ], [ -57.47301, -22.186815 ], [ -57.464595, -22.192794 ], [ -57.459707, -22.18739 ], [ -57.454507, -22.195547 ], [ -57.455662, -22.189135 ], [ -57.446567, -22.187304 ], [ -57.433561, -22.200481 ], [ -57.429645, -22.195878 ], [ -57.425055, -22.196962 ], [ -57.425097, -22.205058 ], [ -57.414964, -22.196515 ], [ -57.397654, -22.20198 ], [ -57.396405, -22.208832 ], [ -57.386267, -22.204416 ], [ -57.387036, -22.208642 ], [ -57.377866, -22.212933 ], [ -57.381492, -22.225733 ], [ -57.372455, -22.225801 ], [ -57.374726, -22.231758 ], [ -57.364595, -22.227598 ], [ -57.360381, -22.233844 ], [ -57.357689, -22.2264 ], [ -57.347664, -22.232401 ], [ -57.342023, -22.229317 ], [ -57.340593, -22.235253 ], [ -57.334999, -22.229185 ], [ -57.336668, -22.234154 ], [ -57.331291, -22.233785 ], [ -57.320158, -22.245605 ], [ -57.314883, -22.24212 ], [ -57.318107, -22.237621 ], [ -57.310458, -22.228428 ], [ -57.305113, -22.230184 ], [ -57.302537, -22.222692 ], [ -57.292548, -22.218742 ], [ -57.292468, -22.224231 ], [ -57.286888, -22.220957 ], [ -57.277169, -22.229178 ], [ -57.277744, -22.235432 ], [ -57.271844, -22.229411 ], [ -57.270436, -22.237128 ], [ -57.256106, -22.237529 ], [ -57.248464, -22.246776 ], [ -57.237761, -22.25128 ], [ -57.21797, -22.241082 ], [ -57.215184, -22.227052 ], [ -57.208274, -22.227365 ], [ -57.214824, -22.218548 ], [ -57.208194, -22.213702 ], [ -57.207589, -22.220607 ], [ -57.201428, -22.210864 ], [ -57.190773, -22.216165 ], [ -57.193132, -22.221782 ], [ -57.18419, -22.229318 ], [ -57.18392, -22.236369 ], [ -57.177615, -22.232483 ], [ -57.169296, -22.234122 ], [ -57.167111, -22.227799 ], [ -57.161929, -22.23334 ], [ -57.157132, -22.22632 ], [ -57.148464, -22.233836 ], [ -57.136304, -22.226259 ], [ -57.119409, -22.230421 ], [ -57.109877, -22.225611 ], [ -57.104386, -22.227685 ], [ -57.111813, -22.241586 ], [ -57.094878, -22.249522 ], [ -57.089438, -22.241315 ], [ -57.082808, -22.251188 ], [ -57.079305, -22.245147 ], [ -57.059015, -22.241801 ], [ -57.059489, -22.229387 ], [ -57.049691, -22.232013 ], [ -57.04923, -22.22419 ], [ -57.038923, -22.220222 ], [ -57.036498, -22.200833 ], [ -57.02797, -22.195979 ], [ -57.036284, -22.183634 ], [ -57.034316, -22.169571 ], [ -57.042438, -22.162289 ], [ -57.035462, -22.1485 ] ] ] } },
{ "type": "Feature", "properties": { "CD_MUN": "5002605", "NM_MUN": "Camapuã", "SIGLA_UF": "MS", "AREA_KM2": 6238.127 }, "geometry": { "type": "Polygon", "coordinates": [ [ [ -53.474232, -19.615346 ], [ -53.484688, -19.593324 ], [ -53.482811, -19.588554 ], [ -53.495726, -19.580411 ], [ -53.494822, -19.575766 ], [ -53.504227, -19.568453 ], [ -53.497392, -19.555872 ], [ -53.5041, -19.551067 ], [ -53.499411, -19.545544 ], [ -53.514422, -19.54019 ], [ -53.51871, -19.519421 ], [ -53.526537, -19.515455 ], [ -53.53199, -19.48564 ], [ -53.538937, -19.475466 ], [ -53.547982, -19.473894 ], [ -53.55586, -19.45865 ], [ -53.547772, -19.44707 ], [ -53.55534, -19.440528 ], [ -53.554165, -19.428581 ], [ -53.562433, -19.419904 ], [ -53.563684, -19.395842 ], [ -53.571683, -19.377242 ], [ -53.580299, -19.36908 ], [ -53.576629, -19.364925 ], [ -53.580128, -19.352733 ], [ -53.589933, -19.347982 ], [ -53.597864, -19.330479 ], [ -53.603091, -19.328919 ], [ -53.609085, -19.310625 ], [ -53.606967, -19.302451 ], [ -53.621215, -19.292859 ], [ -53.61596, -19.286622 ], [ -53.637761, -19.266826 ], [ -53.622101, -19.254975 ], [ -53.611244, -19.236796 ], [ -53.616232, -19.22026 ], [ -53.608972, -19.214405 ], [ -53.607943, -19.183305 ], [ -53.601887, -19.179886 ], [ -53.575096, -19.187146 ], [ -53.552458, -19.183847 ], [ -53.540717, -19.186493 ], [ -53.518667, -19.181032 ], [ -53.487099, -19.186068 ], [ -53.443427, -19.1784 ], [ -53.428723, -19.159832 ], [ -53.421394, -19.111886 ], [ -53.403973, -19.099949 ], [ -53.394903, -19.080036 ], [ -53.354606, -19.062893 ], [ -53.339699, -19.050096 ], [ -53.369337, -19.02061 ], [ -53.401934, -19.006382 ], [ -53.386951, -18.981146 ], [ -53.382425, -18.943544 ], [ -53.401075, -18.941236 ], [ -53.411344, -18.928249 ], [ -53.416104, -18.91277 ], [ -53.436544, -18.896228 ], [ -53.456213, -18.894428 ], [ -53.463221, -18.874513 ], [ -53.489571, -18.84974 ], [ -53.4934, -18.895525 ], [ -53.504558, -18.905106 ], [ -53.527809, -18.910863 ], [ -53.552459, -18.929163 ], [ -53.562724, -18.928294 ], [ -53.578816, -18.94792 ], [ -53.58062, -18.957634 ], [ -53.599272, -18.974877 ], [ -53.613257, -18.973184 ], [ -53.638779, -18.985881 ], [ -53.640937, -18.982661 ], [ -53.660785, -18.986628 ], [ -53.670383, -18.995886 ], [ -53.686567, -19.001794 ], [ -53.70674, -18.994766 ], [ -53.701984, -18.96047 ], [ -53.714799, -18.976457 ], [ -53.725755, -18.977055 ], [ -53.730898, -18.988916 ], [ -53.774826, -19.008962 ], [ -53.791807, -19.009398 ], [ -53.812668, -18.998365 ], [ -53.827047, -18.996611 ], [ -53.859961, -19.006252 ], [ -53.868769, -19.001938 ], [ -53.880704, -19.004508 ], [ -53.895462, -19.012601 ], [ -53.907073, -19.012697 ], [ -53.913136, -19.006331 ], [ -53.925632, -19.009886 ], [ -53.938723, -19.001987 ], [ -53.946221, -19.00611 ], [ -53.956094, -19.003948 ], [ -53.959692, -19.016198 ], [ -53.972426, -19.014405 ], [ -53.977662, -19.020439 ], [ -53.974364, -19.026499 ], [ -53.981209, -19.033611 ], [ -53.980017, -19.044951 ], [ -53.987681, -19.042351 ], [ -53.981576, -19.056986 ], [ -53.986007, -19.062739 ], [ -53.983286, -19.075687 ], [ -53.991855, -19.076294 ], [ -54.025765, -19.10211 ], [ -54.033728, -19.096913 ], [ -54.058549, -19.1014 ], [ -54.062183, -19.094384 ], [ -54.057946, -19.090042 ], [ -54.064891, -19.089533 ], [ -54.075384, -19.073217 ], [ -54.083176, -19.066989 ], [ -54.100556, -19.064445 ], [ -54.104944, -19.053905 ], [ -54.109456, -19.056522 ], [ -54.113529, -19.053044 ], [ -54.113774, -19.041035 ], [ -54.123273, -19.03411 ], [ -54.126128, -19.01935 ], [ -54.159833, -19.015818 ], [ -54.171205, -19.024912 ], [ -54.183469, -19.020454 ], [ -54.197262, -19.024703 ], [ -54.203034, -19.03108 ], [ -54.20171, -19.036232 ], [ -54.207379, -19.037474 ], [ -54.20533, -19.047737 ], [ -54.214398, -19.046151 ], [ -54.220022, -19.038205 ], [ -54.223624, -19.043336 ], [ -54.233428, -19.038942 ], [ -54.234631, -19.033239 ], [ -54.257937, -19.039722 ], [ -54.2416, -19.053123 ], [ -54.246249, -19.068085 ], [ -54.254915, -19.073863 ], [ -54.254166, -19.078805 ], [ -54.229815, -19.088242 ], [ -54.23265, -19.100012 ], [ -54.242075, -19.104113 ], [ -54.241953, -19.108853 ], [ -54.22669, -19.12038 ], [ -54.205374, -19.120833 ], [ -54.207322, -19.125762 ], [ -54.216297, -19.126726 ], [ -54.220661, -19.157358 ], [ -54.208142, -19.169453 ], [ -54.210644, -19.179375 ], [ -54.219422, -19.18482 ], [ -54.212175, -19.188117 ], [ -54.208268, -19.185444 ], [ -54.196796, -19.193495 ], [ -54.209248, -19.196949 ], [ -54.212439, -19.209512 ], [ -54.201641, -19.211428 ], [ -54.192869, -19.219775 ], [ -54.201165, -19.221518 ], [ -54.205065, -19.227183 ], [ -54.19726, -19.235775 ], [ -54.199802, -19.240788 ], [ -54.21043, -19.241889 ], [ -54.206016, -19.252974 ], [ -54.236242, -19.251211 ], [ -54.250682, -19.25773 ], [ -54.253264, -19.271028 ], [ -54.274654, -19.290653 ], [ -54.275463, -19.313726 ], [ -54.283378, -19.316648 ], [ -54.29825, -19.313321 ], [ -54.317665, -19.324364 ], [ -54.316757, -19.410961 ], [ -54.328435, -19.411034 ], [ -54.329694, -19.417224 ], [ -54.351563, -19.40918 ], [ -54.354865, -19.418107 ], [ -54.367734, -19.41293 ], [ -54.377237, -19.415304 ], [ -54.371476, -19.42631 ], [ -54.377251, -19.445488 ], [ -54.388038, -19.453188 ], [ -54.389237, -19.461357 ], [ -54.40142, -19.470042 ], [ -54.42979, -19.47634 ], [ -54.429717, -19.505172 ], [ -54.437533, -19.522402 ], [ -54.436017, -19.540293 ], [ -54.398969, -19.596124 ], [ -54.393768, -19.593195 ], [ -54.381016, -19.599528 ], [ -54.358862, -19.59862 ], [ -54.339857, -19.61077 ], [ -54.287315, -19.622134 ], [ -54.262335, -19.616373 ], [ -54.243238, -19.621053 ], [ -54.20863, -19.613095 ], [ -54.19951, -19.614769 ], [ -54.170466, -19.627333 ], [ -54.129599, -19.661482 ], [ -54.124223, -19.658291 ], [ -54.115846, -19.664147 ], [ -54.095702, -19.659912 ], [ -54.085407, -19.647152 ], [ -54.07257, -19.643012 ], [ -54.065233, -19.634219 ], [ -54.022168, -19.632946 ], [ -54.016699, -19.638511 ], [ -54.018547, -19.646478 ], [ -54.008712, -19.669109 ], [ -53.992907, -19.685945 ], [ -53.999264, -19.702763 ], [ -53.989345, -19.711887 ], [ -53.988053, -19.722559 ], [ -53.966387, -19.722655 ], [ -53.956155, -19.710446 ], [ -53.946624, -19.708406 ], [ -53.924886, -19.714074 ], [ -53.92236, -19.708889 ], [ -53.908719, -19.707098 ], [ -53.904348, -19.702243 ], [ -53.862587, -19.530282 ], [ -53.853869, -19.53109 ], [ -53.836138, -19.539263 ], [ -53.797935, -19.576724 ], [ -53.783781, -19.615353 ], [ -53.773591, -19.620937 ], [ -53.762023, -19.636722 ], [ -53.721345, -19.664261 ], [ -53.710387, -19.681297 ], [ -53.665874, -19.697312 ], [ -53.657942, -19.706717 ], [ -53.648565, -19.70782 ], [ -53.633955, -19.740027 ], [ -53.618916, -19.749087 ], [ -53.615158, -19.759235 ], [ -53.60085, -19.771302 ], [ -53.579353, -19.771058 ], [ -53.578207, -19.775659 ], [ -53.563153, -19.784433 ], [ -53.521549, -19.781917 ], [ -53.513948, -19.785146 ], [ -53.512169, -19.790943 ], [ -53.494162, -19.794272 ], [ -53.471235, -19.788135 ], [ -53.453426, -19.797919 ], [ -53.424717, -19.784903 ], [ -53.449228, -19.746828 ], [ -53.449853, -19.734629 ], [ -53.463487, -19.728876 ], [ -53.457775, -19.718957 ], [ -53.46734, -19.697777 ], [ -53.488058, -19.691086 ], [ -53.485416, -19.686485 ], [ -53.490586, -19.684957 ], [ -53.489029, -19.677787 ], [ -53.49513, -19.67292 ], [ -53.487659, -19.66759 ], [ -53.493257, -19.665117 ], [ -53.49396, -19.659743 ], [ -53.487789, -19.659474 ], [ -53.486511, -19.646085 ], [ -53.481323, -19.644149 ], [ -53.488522, -19.634924 ], [ -53.478492, -19.63659 ], [ -53.482575, -19.630938 ], [ -53.479703, -19.618889 ], [ -53.474232, -19.615346 ] ] ] } },
{ "type": "Feature", "properties": { "CD_MUN": "5002001", "NM_MUN": "Batayporã", "SIGLA_UF": "MS", "AREA_KM2": 1826.578 }, "geometry": { "type": "Polygon", "coordinates": [ [ [ -53.331901, -22.730401 ], [ -53.346557, -22.752523 ], [ -53.333551, -22.754175 ], [ -53.327364, -22.764565 ], [ -53.238375, -22.732989 ], [ -53.206721, -22.73126 ], [ -53.193528, -22.725347 ], [ -53.147608, -22.678081 ], [ -53.105187, -22.62193 ], [ -53.110111, -22.610225 ], [ -53.107862, -22.595512 ], [ -53.073806, -22.548858 ], [ -53.039801, -22.527396 ], [ -53.014361, -22.520666 ], [ -52.998579, -22.493181 ], [ -52.988246, -22.486878 ], [ -52.948192, -22.473352 ], [ -53.002143, -22.424774 ], [ -52.987996, -22.421614 ], [ -53.002319, -22.360151 ], [ -53.013189, -22.340566 ], [ -53.030224, -22.326416 ], [ -53.039682, -22.311637 ], [ -53.047574, -22.267175 ], [ -53.068491, -22.224712 ], [ -53.077475, -22.216426 ], [ -53.083594, -22.194489 ], [ -53.093786, -22.179654 ], [ -53.099163, -22.155882 ], [ -53.108891, -22.142127 ], [ -53.113025, -22.104408 ], [ -53.106948, -22.079562 ], [ -53.109732, -22.050863 ], [ -53.115982, -22.011863 ], [ -53.134383, -21.974871 ], [ -53.149745, -21.974454 ], [ -53.35616, -22.333956 ], [ -53.338954, -22.359298 ], [ -53.331522, -22.472554 ], [ -53.325188, -22.489798 ], [ -53.313831, -22.498916 ], [ -53.314749, -22.514553 ], [ -53.308157, -22.538433 ], [ -53.288604, -22.55977 ], [ -53.281809, -22.574859 ], [ -53.27819, -22.606355 ], [ -53.280909, -22.642011 ], [ -53.27455, -22.6494 ], [ -53.275599, -22.685203 ], [ -53.285259, -22.696391 ], [ -53.292879, -22.722738 ], [ -53.331901, -22.730401 ] ] ] } },
{ "type": "Feature", "properties": { "CD_MUN": "5001904", "NM_MUN": "Bataguassu", "SIGLA_UF": "MS", "AREA_KM2": 2392.476 }, "geometry": { "type": "Polygon", "coordinates": [ [ [ -52.259894, -21.633042 ], [ -52.290287, -21.64526 ], [ -52.303162, -21.632097 ], [ -52.310337, -21.631211 ], [ -52.321682, -21.640981 ], [ -52.337409, -21.639877 ], [ -52.372873, -21.660391 ], [ -52.385106, -21.660222 ], [ -52.396194, -21.671011 ], [ -52.424557, -21.673682 ], [ -52.435263, -21.68258 ], [ -52.447432, -21.678057 ], [ -52.489866, -21.68842 ], [ -52.506954, -21.70652 ], [ -52.513451, -21.705341 ], [ -52.516036, -21.698939 ], [ -52.52574, -21.700829 ], [ -52.529588, -21.708486 ], [ -52.539112, -21.712694 ], [ -52.561082, -21.70883 ], [ -52.572233, -21.711604 ], [ -52.58421, -21.706164 ], [ -52.6123, -21.711393 ], [ -52.628605, -21.708232 ], [ -52.641626, -21.723191 ], [ -52.660305, -21.722361 ], [ -52.675932, -21.73335 ], [ -52.686333, -21.731745 ], [ -52.687451, -21.738001 ], [ -52.69246, -21.739571 ], [ -52.733886, -21.726805 ], [ -52.787355, -21.688569 ], [ -52.803182, -21.683151 ], [ -52.806216, -21.675459 ], [ -52.818033, -21.668342 ], [ -52.839846, -21.672989 ], [ -52.855494, -21.662416 ], [ -52.873289, -21.664137 ], [ -52.882885, -21.656999 ], [ -52.900085, -21.659478 ], [ -52.905097, -21.665568 ], [ -52.936157, -21.666244 ], [ -52.952014, -21.65337 ], [ -52.978698, -21.653554 ], [ -52.99733, -21.632497 ], [ -53.009883, -21.625756 ], [ -53.012564, -21.618798 ], [ -53.020047, -21.620445 ], [ -53.025613, -21.615497 ], [ -53.039822, -21.623488 ], [ -53.036452, -21.689151 ], [ -53.043879, -21.716701 ], [ -53.057866, -21.741905 ], [ -53.062708, -21.767289 ], [ -53.080892, -21.799357 ], [ -53.076054, -21.836977 ], [ -53.04981, -21.844624 ], [ -53.03084, -21.855404 ], [ -52.961141, -21.860383 ], [ -52.871065, -21.879815 ], [ -52.633786, -21.832123 ], [ -52.621652, -21.877824 ], [ -52.607245, -21.903036 ], [ -52.608243, -21.91646 ], [ -52.572397, -21.948342 ], [ -52.521719, -21.980185 ], [ -52.497463, -22.006159 ], [ -52.468997, -22.014438 ], [ -52.447608, -22.035583 ], [ -52.443552, -22.031755 ], [ -52.418118, -22.032728 ], [ -52.402093, -22.028119 ], [ -52.379551, -22.034768 ], [ -52.369514, -22.064413 ], [ -52.393113, -22.100243 ], [ -52.396467, -22.108759 ], [ -52.391906, -22.114679 ], [ -52.377218, -22.106678 ], [ -52.345435, -22.061975 ], [ -52.319019, -21.972132 ], [ -52.308812, -21.95192 ], [ -52.274963, -21.914942 ], [ -52.248406, -21.90228 ], [ -52.233433, -21.883754 ], [ -52.190561, -21.846145 ], [ -52.183984, -21.81446 ], [ -52.161262, -21.770774 ], [ -52.168066, -21.762329 ], [ -52.166939, -21.751884 ], [ -52.173805, -21.74452 ], [ -52.167281, -21.736193 ], [ -52.177003, -21.730354 ], [ -52.172434, -21.70692 ], [ -52.178274, -21.696658 ], [ -52.19154, -21.687929 ], [ -52.196316, -21.669525 ], [ -52.203182, -21.668341 ], [ -52.216235, -21.65412 ], [ -52.226361, -21.653378 ], [ -52.259894, -21.633042 ] ] ] } },
{ "type": "Feature", "properties": { "CD_MUN": "5002209", "NM_MUN": "Bonito", "SIGLA_UF": "MS", "AREA_KM2": 5378.723 }, "geometry": { "type": "Polygon", "coordinates": [ [ [ -56.226177, -21.228283 ], [ -56.223942, -21.215778 ], [ -56.228596, -21.205505 ], [ -56.211697, -21.211419 ], [ -56.185483, -21.199639 ], [ -56.197947, -21.185774 ], [ -56.210334, -21.182698 ], [ -56.213439, -21.187255 ], [ -56.221946, -21.182999 ], [ -56.214092, -21.170722 ], [ -56.215207, -21.147681 ], [ -56.224159, -21.139263 ], [ -56.223686, -21.11646 ], [ -56.232618, -21.104746 ], [ -56.221599, -21.093927 ], [ -56.214998, -21.079265 ], [ -56.187965, -21.084154 ], [ -56.183912, -21.08051 ], [ -56.18662, -21.076182 ], [ -56.17687, -21.071874 ], [ -56.186729, -21.061767 ], [ -56.186523, -21.042407 ], [ -56.198885, -21.030601 ], [ -56.212104, -21.030046 ], [ -56.198475, -21.020034 ], [ -56.20252, -21.00946 ], [ -56.208014, -21.010554 ], [ -56.211752, -20.992967 ], [ -56.198037, -20.983216 ], [ -56.201677, -20.97979 ], [ -56.18689, -20.975415 ], [ -56.181086, -20.966861 ], [ -56.19114, -20.957559 ], [ -56.19779, -20.967068 ], [ -56.201512, -20.951001 ], [ -56.195717, -20.935688 ], [ -56.18649, -20.935608 ], [ -56.184001, -20.946998 ], [ -56.174021, -20.947946 ], [ -56.176618, -20.951109 ], [ -56.166391, -20.946833 ], [ -56.16531, -20.951208 ], [ -56.15866, -20.948554 ], [ -56.174932, -20.928834 ], [ -56.173464, -20.921119 ], [ -56.18038, -20.921103 ], [ -56.177874, -20.912241 ], [ -56.189864, -20.902686 ], [ -56.172208, -20.895531 ], [ -56.169559, -20.889113 ], [ -56.14716, -20.890551 ], [ -56.146422, -20.882954 ], [ -56.15821, -20.88411 ], [ -56.151091, -20.87147 ], [ -56.1618, -20.864913 ], [ -56.163146, -20.845932 ], [ -56.159072, -20.835879 ], [ -56.153372, -20.835415 ], [ -56.139009, -20.8481 ], [ -56.128768, -20.851382 ], [ -56.12981, -20.862428 ], [ -56.114097, -20.859305 ], [ -56.111276, -20.867755 ], [ -56.104812, -20.873449 ], [ -56.100785, -20.872129 ], [ -56.096946, -20.856719 ], [ -56.117292, -20.846617 ], [ -56.123391, -20.838968 ], [ -56.123712, -20.823669 ], [ -56.108661, -20.817287 ], [ -56.126307, -20.799261 ], [ -56.124471, -20.792763 ], [ -56.132039, -20.795708 ], [ -56.136596, -20.788728 ], [ -56.115082, -20.771165 ], [ -56.091098, -20.780936 ], [ -56.084713, -20.774437 ], [ -56.08461, -20.766527 ], [ -56.08992, -20.765794 ], [ -56.106812, -20.739956 ], [ -56.117651, -20.740951 ], [ -56.116332, -20.727763 ], [ -56.124335, -20.725047 ], [ -56.130361, -20.728323 ], [ -56.134505, -20.72438 ], [ -56.128303, -20.718228 ], [ -56.128132, -20.710659 ], [ -56.136706, -20.70426 ], [ -56.140863, -20.691772 ], [ -56.130673, -20.689427 ], [ -56.12997, -20.682543 ], [ -56.13531, -20.68245 ], [ -56.14682, -20.670065 ], [ -56.163783, -20.669629 ], [ -56.163874, -20.662295 ], [ -56.150687, -20.659254 ], [ -56.147135, -20.651008 ], [ -56.154817, -20.640401 ], [ -56.148687, -20.631132 ], [ -56.14975, -20.624961 ], [ -56.158616, -20.621152 ], [ -56.151997, -20.617414 ], [ -56.158713, -20.616512 ], [ -56.162478, -20.621255 ], [ -56.170645, -20.61634 ], [ -56.176307, -20.629631 ], [ -56.184557, -20.6322 ], [ -56.190759, -20.6241 ], [ -56.196601, -20.62406 ], [ -56.197627, -20.618745 ], [ -56.202678, -20.619011 ], [ -56.197112, -20.611677 ], [ -56.200741, -20.604716 ], [ -56.210083, -20.603335 ], [ -56.219116, -20.611193 ], [ -56.21233, -20.613254 ], [ -56.217121, -20.619901 ], [ -56.212177, -20.631175 ], [ -56.217459, -20.6317 ], [ -56.210063, -20.64701 ], [ -56.221279, -20.64307 ], [ -56.229194, -20.658395 ], [ -56.245587, -20.648536 ], [ -56.241377, -20.641048 ], [ -56.248461, -20.642688 ], [ -56.248108, -20.636285 ], [ -56.255114, -20.639828 ], [ -56.252361, -20.643102 ], [ -56.262921, -20.637701 ], [ -56.26803, -20.639441 ], [ -56.265459, -20.644489 ], [ -56.274783, -20.644324 ], [ -56.275, -20.635529 ], [ -56.283019, -20.634029 ], [ -56.282039, -20.623119 ], [ -56.277097, -20.620578 ], [ -56.28611, -20.615467 ], [ -56.289094, -20.618971 ], [ -56.286187, -20.612517 ], [ -56.297794, -20.605823 ], [ -56.292369, -20.599732 ], [ -56.299787, -20.598481 ], [ -56.295479, -20.59415 ], [ -56.307843, -20.591021 ], [ -56.305953, -20.581697 ], [ -56.2976, -20.575453 ], [ -56.303423, -20.573471 ], [ -56.314396, -20.579197 ], [ -56.316664, -20.588618 ], [ -56.323903, -20.58298 ], [ -56.325806, -20.574388 ], [ -56.322109, -20.573557 ], [ -56.330834, -20.5702 ], [ -56.334785, -20.55951 ], [ -56.331675, -20.556191 ], [ -56.345967, -20.553093 ], [ -56.350476, -20.541618 ], [ -56.354305, -20.545356 ], [ -56.353128, -20.538688 ], [ -56.355504, -20.541717 ], [ -56.357868, -20.539247 ], [ -56.35026, -20.537595 ], [ -56.352323, -20.533158 ], [ -56.364379, -20.531852 ], [ -56.364669, -20.526627 ], [ -56.358313, -20.525634 ], [ -56.364314, -20.524423 ], [ -56.368885, -20.516928 ], [ -56.365339, -20.51306 ], [ -56.370958, -20.511533 ], [ -56.375161, -20.498263 ], [ -56.378962, -20.498153 ], [ -56.378364, -20.493294 ], [ -56.37306, -20.494317 ], [ -56.369767, -20.489014 ], [ -56.375773, -20.490376 ], [ -56.376577, -20.483842 ], [ -56.383376, -20.488521 ], [ -56.383672, -20.483908 ], [ -56.390042, -20.488387 ], [ -56.387472, -20.496174 ], [ -56.397342, -20.505459 ], [ -56.396137, -20.518618 ], [ -56.392407, -20.517639 ], [ -56.403103, -20.53729 ], [ -56.395388, -20.545808 ], [ -56.402336, -20.551797 ], [ -56.40033, -20.558538 ], [ -56.410794, -20.561119 ], [ -56.413597, -20.567159 ], [ -56.407252, -20.573527 ], [ -56.407181, -20.586033 ], [ -56.421224, -20.588981 ], [ -56.437742, -20.602637 ], [ -56.455311, -20.60405 ], [ -56.476018, -20.617932 ], [ -56.491567, -20.609651 ], [ -56.504736, -20.613092 ], [ -56.508254, -20.624972 ], [ -56.499148, -20.641296 ], [ -56.504284, -20.645675 ], [ -56.497619, -20.656876 ], [ -56.506009, -20.660875 ], [ -56.508165, -20.667936 ], [ -56.521085, -20.671832 ], [ -56.519557, -20.679989 ], [ -56.534818, -20.672603 ], [ -56.54171, -20.675287 ], [ -56.542882, -20.681811 ], [ -56.553607, -20.682773 ], [ -56.55204, -20.691565 ], [ -56.5822, -20.713576 ], [ -56.576607, -20.735284 ], [ -56.581048, -20.743692 ], [ -56.592654, -20.748837 ], [ -56.601494, -20.747835 ], [ -56.615902, -20.761363 ], [ -56.610503, -20.790951 ], [ -56.615237, -20.806038 ], [ -56.621136, -20.812592 ], [ -56.639748, -20.810144 ], [ -56.660503, -20.832618 ], [ -56.683067, -20.846332 ], [ -56.69652, -20.870794 ], [ -56.697121, -20.885815 ], [ -56.859677, -20.886389 ], [ -56.86314, -20.890443 ], [ -56.864776, -20.902015 ], [ -56.880505, -20.930515 ], [ -56.876761, -20.949411 ], [ -56.860469, -20.98252 ], [ -56.869408, -21.017977 ], [ -56.867034, -21.044444 ], [ -56.844744, -21.075342 ], [ -56.858892, -21.113747 ], [ -56.831297, -21.151813 ], [ -56.796562, -21.229489 ], [ -56.788296, -21.292337 ], [ -56.811967, -21.326052 ], [ -56.804099, -21.350158 ], [ -56.808739, -21.37898 ], [ -56.815202, -21.38702 ], [ -56.807187, -21.42754 ], [ -56.787968, -21.447713 ], [ -56.656946, -21.429446 ], [ -56.646308, -21.437244 ], [ -56.618345, -21.440989 ], [ -56.588839, -21.429877 ], [ -56.569395, -21.43184 ], [ -56.564232, -21.424132 ], [ -56.559019, -21.423714 ], [ -56.551321, -21.428156 ], [ -56.542399, -21.42686 ], [ -56.531692, -21.436899 ], [ -56.520214, -21.433321 ], [ -56.504847, -21.43956 ], [ -56.486, -21.440455 ], [ -56.457849, -21.433997 ], [ -56.450413, -21.424692 ], [ -56.439141, -21.434799 ], [ -56.416908, -21.433376 ], [ -56.411274, -21.426411 ], [ -56.406496, -21.427937 ], [ -56.392082, -21.41775 ], [ -56.386221, -21.42097 ], [ -56.369917, -21.411814 ], [ -56.358713, -21.419845 ], [ -56.340141, -21.414981 ], [ -56.338283, -21.4112 ], [ -56.333168, -21.411174 ], [ -56.330967, -21.416428 ], [ -56.31419, -21.414333 ], [ -56.305747, -21.417773 ], [ -56.304699, -21.412357 ], [ -56.290233, -21.403826 ], [ -56.289726, -21.39584 ], [ -56.296169, -21.393393 ], [ -56.291574, -21.386041 ], [ -56.295468, -21.377846 ], [ -56.290929, -21.374726 ], [ -56.294224, -21.365813 ], [ -56.288659, -21.360704 ], [ -56.29012, -21.352183 ], [ -56.275085, -21.351606 ], [ -56.269875, -21.357742 ], [ -56.265676, -21.355147 ], [ -56.262133, -21.360227 ], [ -56.257376, -21.359645 ], [ -56.258528, -21.355552 ], [ -56.249256, -21.352541 ], [ -56.250952, -21.343162 ], [ -56.24373, -21.337971 ], [ -56.235603, -21.339059 ], [ -56.234312, -21.326767 ], [ -56.227677, -21.323833 ], [ -56.232241, -21.321089 ], [ -56.230143, -21.310231 ], [ -56.234561, -21.311384 ], [ -56.229526, -21.306238 ], [ -56.232154, -21.29244 ], [ -56.224038, -21.287144 ], [ -56.207824, -21.287358 ], [ -56.196209, -21.278775 ], [ -56.204943, -21.267886 ], [ -56.202501, -21.262621 ], [ -56.214353, -21.262839 ], [ -56.218771, -21.252841 ], [ -56.215298, -21.245249 ], [ -56.207442, -21.242194 ], [ -56.20679, -21.236086 ], [ -56.213167, -21.235591 ], [ -56.216766, -21.227083 ], [ -56.226177, -21.228283 ] ] ] } },
{ "type": "Feature", "properties": { "CD_MUN": "5002308", "NM_MUN": "Brasilândia", "SIGLA_UF": "MS", "AREA_KM2": 5803.542 }, "geometry": { "type": "Polygon", "coordinates": [ [ [ -52.343668, -21.454532 ], [ -52.323609, -21.476482 ], [ -52.31868, -21.471146 ], [ -52.311429, -21.474869 ], [ -52.304091, -21.471291 ], [ -52.303521, -21.475587 ], [ -52.295276, -21.478344 ], [ -52.288553, -21.473578 ], [ -52.280271, -21.478703 ], [ -52.278891, -21.485021 ], [ -52.269708, -21.484408 ], [ -52.244932, -21.5127 ], [ -52.233702, -21.512835 ], [ -52.230127, -21.521433 ], [ -52.223653, -21.518583 ], [ -52.223948, -21.537106 ], [ -52.213594, -21.540202 ], [ -52.211254, -21.545324 ], [ -52.193716, -21.53947 ], [ -52.188478, -21.55786 ], [ -52.181204, -21.554695 ], [ -52.171175, -21.562266 ], [ -52.163832, -21.572997 ], [ -52.165394, -21.577125 ], [ -52.15911, -21.577444 ], [ -52.164387, -21.580621 ], [ -52.161085, -21.583855 ], [ -52.103212, -21.571154 ], [ -52.102293, -21.554841 ], [ -52.095962, -21.542064 ], [ -52.066452, -21.504592 ], [ -52.000368, -21.516626 ], [ -51.967903, -21.501762 ], [ -51.952399, -21.473604 ], [ -51.928682, -21.455816 ], [ -51.907536, -21.386456 ], [ -51.868762, -21.35353 ], [ -51.86196, -21.341618 ], [ -51.85693, -21.289526 ], [ -51.848515, -21.266638 ], [ -51.854361, -21.260945 ], [ -51.863678, -21.226711 ], [ -51.87972, -21.197917 ], [ -51.889305, -21.198803 ], [ -51.887175, -21.191524 ], [ -51.892994, -21.181797 ], [ -51.94495, -21.184914 ], [ -51.953238, -21.169583 ], [ -51.968115, -21.16762 ], [ -51.992778, -21.148519 ], [ -51.99118, -21.130248 ], [ -52.007371, -21.1176 ], [ -52.006188, -21.112537 ], [ -52.02716, -21.104984 ], [ -52.040658, -21.084572 ], [ -52.048461, -21.08368 ], [ -52.067837, -21.062901 ], [ -52.105203, -21.039149 ], [ -52.121926, -21.03641 ], [ -52.133607, -21.024645 ], [ -52.161477, -21.012101 ], [ -52.167585, -21.003723 ], [ -52.186647, -20.995437 ], [ -52.202754, -20.980656 ], [ -52.2277, -20.971516 ], [ -52.239923, -20.97345 ], [ -52.250236, -20.980693 ], [ -52.259973, -20.971713 ], [ -52.27811, -20.971404 ], [ -52.298335, -20.956141 ], [ -52.30838, -20.95413 ], [ -52.321937, -20.931598 ], [ -52.335261, -20.926369 ], [ -52.334618, -20.919376 ], [ -52.343598, -20.91595 ], [ -52.341373, -20.909814 ], [ -52.345416, -20.901571 ], [ -52.361193, -20.884844 ], [ -52.388199, -20.877559 ], [ -52.393326, -20.868862 ], [ -52.409536, -20.864999 ], [ -52.421196, -20.850817 ], [ -52.480722, -20.826855 ], [ -52.486575, -20.814849 ], [ -52.499428, -20.813256 ], [ -52.509266, -20.79868 ], [ -52.525084, -20.796835 ], [ -52.536037, -20.790543 ], [ -52.548764, -20.772281 ], [ -52.568327, -20.761257 ], [ -52.571109, -20.748295 ], [ -52.602306, -20.722517 ], [ -52.601728, -20.713734 ], [ -52.666933, -20.67323 ], [ -52.686642, -20.647043 ], [ -52.69835, -20.645749 ], [ -52.70845, -20.638646 ], [ -52.71811, -20.621575 ], [ -52.73326, -20.617912 ], [ -52.732058, -20.609068 ], [ -52.737941, -20.606261 ], [ -52.746786, -20.585615 ], [ -52.77474, -20.563258 ], [ -52.791224, -20.556626 ], [ -52.809826, -20.538993 ], [ -52.818972, -20.542319 ], [ -52.82372, -20.553502 ], [ -52.85847, -20.577478 ], [ -52.880615, -20.601459 ], [ -52.908513, -20.619039 ], [ -52.94133, -20.629266 ], [ -52.96524, -20.64554 ], [ -53.001799, -20.654282 ], [ -53.038684, -20.653894 ], [ -53.063655, -20.665608 ], [ -53.084084, -20.681032 ], [ -53.103006, -20.674812 ], [ -53.127492, -20.689888 ], [ -53.114433, -20.689435 ], [ -53.093811, -20.709906 ], [ -53.039566, -20.736283 ], [ -53.020051, -20.783106 ], [ -53.021274, -20.814179 ], [ -52.997158, -20.859884 ], [ -52.961144, -20.873345 ], [ -52.930851, -20.909493 ], [ -52.893055, -20.933218 ], [ -52.885685, -20.942474 ], [ -52.857763, -20.950921 ], [ -52.838502, -20.963607 ], [ -52.829693, -20.977004 ], [ -52.798383, -20.996131 ], [ -52.783696, -21.013984 ], [ -52.727688, -21.049449 ], [ -52.723135, -21.059887 ], [ -52.709682, -21.067194 ], [ -52.679978, -21.102445 ], [ -52.669832, -21.104291 ], [ -52.650682, -21.126329 ], [ -52.63355, -21.130236 ], [ -52.621755, -21.145219 ], [ -52.612715, -21.148881 ], [ -52.609976, -21.156453 ], [ -52.600262, -21.161879 ], [ -52.590104, -21.190179 ], [ -52.5824, -21.189557 ], [ -52.566195, -21.203137 ], [ -52.558601, -21.22914 ], [ -52.55117, -21.235571 ], [ -52.554612, -21.242686 ], [ -52.551175, -21.249608 ], [ -52.528347, -21.270881 ], [ -52.514809, -21.303067 ], [ -52.487406, -21.330932 ], [ -52.490493, -21.336113 ], [ -52.487149, -21.341601 ], [ -52.483357, -21.340011 ], [ -52.4785, -21.353994 ], [ -52.459321, -21.362078 ], [ -52.454786, -21.373284 ], [ -52.437865, -21.378497 ], [ -52.43137, -21.389741 ], [ -52.420019, -21.38822 ], [ -52.411261, -21.396475 ], [ -52.39895, -21.397746 ], [ -52.391509, -21.407107 ], [ -52.384225, -21.408257 ], [ -52.37412, -21.423781 ], [ -52.358084, -21.434935 ], [ -52.349695, -21.450353 ], [ -52.352423, -21.453937 ], [ -52.343668, -21.454532 ] ] ] } },
{ "type": "Feature", "properties": { "CD_MUN": "5002100", "NM_MUN": "Bela Vista", "SIGLA_UF": "MS", "AREA_KM2": 4956.473 }, "geometry": { "type": "Polygon", "coordinates": [ [ [ -56.518516, -22.108169 ], [ -56.507683, -22.102542 ], [ -56.506589, -22.095491 ], [ -56.476152, -22.093919 ], [ -56.470891, -22.079852 ], [ -56.462306, -22.084756 ], [ -56.463771, -22.079358 ], [ -56.458113, -22.079246 ], [ -56.45369, -22.084931 ], [ -56.447685, -22.076625 ], [ -56.447589, -22.085035 ], [ -56.438327, -22.081055 ], [ -56.431033, -22.087026 ], [ -56.431342, -22.082549 ], [ -56.421789, -22.085746 ], [ -56.41859, -22.07952 ], [ -56.404572, -22.077372 ], [ -56.399819, -22.080648 ], [ -56.393656, -22.074439 ], [ -56.392527, -22.088155 ], [ -56.388771, -22.089854 ], [ -56.395638, -22.094188 ], [ -56.392728, -22.100897 ], [ -56.380934, -22.104514 ], [ -56.384449, -22.110398 ], [ -56.371892, -22.126042 ], [ -56.367663, -22.136854 ], [ -56.373925, -22.143383 ], [ -56.370674, -22.148079 ], [ -56.373838, -22.149963 ], [ -56.366057, -22.158153 ], [ -56.364755, -22.169591 ], [ -56.357497, -22.175932 ], [ -56.349612, -22.173484 ], [ -56.34815, -22.180286 ], [ -56.331709, -22.17513 ], [ -56.327978, -22.18325 ], [ -56.321252, -22.183256 ], [ -56.317479, -22.189826 ], [ -56.305398, -22.186669 ], [ -56.295635, -22.164749 ], [ -56.289814, -22.161007 ], [ -56.275642, -22.165201 ], [ -56.258579, -22.162634 ], [ -56.248392, -22.171477 ], [ -56.233475, -22.174557 ], [ -56.220247, -22.171888 ], [ -56.214306, -22.175777 ], [ -56.198085, -22.171199 ], [ -56.169161, -22.154271 ], [ -56.137441, -22.152408 ], [ -56.127687, -22.138261 ], [ -56.129603, -22.12815 ], [ -56.120498, -22.110942 ], [ -56.109282, -22.127968 ], [ -56.087387, -22.123746 ], [ -56.077897, -22.117965 ], [ -56.06974, -22.100944 ], [ -56.069289, -22.109152 ], [ -56.058214, -22.106923 ], [ -56.0564, -22.115857 ], [ -56.047617, -22.113459 ], [ -56.031401, -22.130502 ], [ -56.024255, -22.131144 ], [ -56.047554, -22.093289 ], [ -56.041584, -22.089112 ], [ -56.029254, -22.095106 ], [ -56.017312, -22.093584 ], [ -56.00956, -22.076554 ], [ -56.01839, -22.064395 ], [ -56.011668, -22.047811 ], [ -56.02288, -22.050134 ], [ -56.032449, -22.035714 ], [ -56.046161, -22.036558 ], [ -56.060251, -22.025568 ], [ -56.051768, -22.018827 ], [ -56.04399, -22.020227 ], [ -56.043233, -22.02411 ], [ -56.033204, -22.018623 ], [ -56.027752, -22.003277 ], [ -56.039939, -22.004476 ], [ -56.020067, -21.992009 ], [ -56.023719, -21.986521 ], [ -56.019979, -21.979649 ], [ -56.021996, -21.97704 ], [ -56.029422, -21.987016 ], [ -56.046527, -21.994185 ], [ -56.036288, -21.975719 ], [ -56.043577, -21.978324 ], [ -56.046015, -21.971563 ], [ -56.050811, -21.977748 ], [ -56.053903, -21.970725 ], [ -56.060819, -21.989596 ], [ -56.065798, -21.979165 ], [ -56.061717, -21.972697 ], [ -56.064472, -21.966573 ], [ -56.079922, -21.974181 ], [ -56.082119, -21.967377 ], [ -56.075041, -21.962247 ], [ -56.081282, -21.960445 ], [ -56.081325, -21.95403 ], [ -56.06507, -21.950655 ], [ -56.059596, -21.954552 ], [ -56.061309, -21.950094 ], [ -56.074541, -21.945844 ], [ -56.061, -21.93934 ], [ -56.059266, -21.928953 ], [ -56.071216, -21.933644 ], [ -56.08071, -21.931457 ], [ -56.079907, -21.924473 ], [ -56.074077, -21.924791 ], [ -56.069021, -21.91875 ], [ -56.073135, -21.908086 ], [ -56.086714, -21.912353 ], [ -56.093657, -21.923229 ], [ -56.112219, -21.926897 ], [ -56.084308, -21.90654 ], [ -56.098793, -21.902708 ], [ -56.086981, -21.893602 ], [ -56.11286, -21.871578 ], [ -56.136815, -21.877253 ], [ -56.145947, -21.873419 ], [ -56.151231, -21.867419 ], [ -56.151198, -21.826763 ], [ -56.158797, -21.810412 ], [ -56.173707, -21.796058 ], [ -56.204244, -21.780486 ], [ -56.2511, -21.78136 ], [ -56.277973, -21.686727 ], [ -56.281629, -21.685734 ], [ -56.277385, -21.671157 ], [ -56.282349, -21.665184 ], [ -56.321436, -21.654723 ], [ -56.364396, -21.626344 ], [ -56.39231, -21.631402 ], [ -56.401692, -21.640875 ], [ -56.407903, -21.635964 ], [ -56.440062, -21.638071 ], [ -56.452456, -21.627797 ], [ -56.459105, -21.634214 ], [ -56.496545, -21.62829 ], [ -56.494982, -21.623984 ], [ -56.52306, -21.606784 ], [ -56.528078, -21.557461 ], [ -56.540021, -21.527296 ], [ -56.633138, -21.560597 ], [ -56.661222, -21.589446 ], [ -56.670811, -21.584437 ], [ -56.703427, -21.544322 ], [ -56.763697, -21.551196 ], [ -56.778064, -21.561357 ], [ -56.814535, -21.566799 ], [ -56.803492, -21.585731 ], [ -56.801536, -21.625216 ], [ -56.796023, -21.625772 ], [ -56.799811, -21.627849 ], [ -56.804233, -21.655502 ], [ -56.79984, -21.660816 ], [ -56.786434, -21.661819 ], [ -56.782677, -21.669964 ], [ -56.761688, -21.681841 ], [ -56.764885, -21.686074 ], [ -56.761543, -21.693621 ], [ -56.769119, -21.705086 ], [ -56.768984, -21.714347 ], [ -56.784661, -21.720529 ], [ -56.7844, -21.72788 ], [ -56.778491, -21.733135 ], [ -56.794027, -21.749426 ], [ -56.793481, -21.764822 ], [ -56.800346, -21.769061 ], [ -56.797772, -21.773622 ], [ -56.803098, -21.787139 ], [ -56.78927, -21.797139 ], [ -56.792043, -21.810762 ], [ -56.787558, -21.813281 ], [ -56.802734, -21.816675 ], [ -56.803903, -21.825833 ], [ -56.815733, -21.83153 ], [ -56.816037, -21.836974 ], [ -56.809538, -21.835939 ], [ -56.811087, -21.842237 ], [ -56.80593, -21.844653 ], [ -56.812724, -21.846589 ], [ -56.81207, -21.853992 ], [ -56.818861, -21.854702 ], [ -56.816901, -21.864327 ], [ -56.829784, -21.867307 ], [ -56.836352, -21.858394 ], [ -56.840885, -21.86358 ], [ -56.838717, -21.867789 ], [ -56.843018, -21.87075 ], [ -56.836169, -21.875686 ], [ -56.842145, -21.888642 ], [ -56.836178, -21.89287 ], [ -56.844695, -21.907519 ], [ -56.850685, -21.905527 ], [ -56.860301, -21.923242 ], [ -56.85458, -21.935881 ], [ -56.85617, -21.949722 ], [ -56.847849, -21.957637 ], [ -56.855719, -21.958705 ], [ -56.860362, -21.952981 ], [ -56.86375, -21.980375 ], [ -56.875985, -21.983025 ], [ -56.858978, -21.992304 ], [ -56.856235, -22.009385 ], [ -56.860414, -22.014063 ], [ -56.854026, -22.019054 ], [ -56.853777, -22.025149 ], [ -56.857818, -22.026338 ], [ -56.852347, -22.027538 ], [ -56.852665, -22.031889 ], [ -56.860833, -22.031689 ], [ -56.867901, -22.038269 ], [ -56.871412, -22.034139 ], [ -56.87642, -22.040329 ], [ -56.886437, -22.042964 ], [ -56.884044, -22.048654 ], [ -56.889959, -22.049956 ], [ -56.900631, -22.070604 ], [ -56.907502, -22.066642 ], [ -56.904293, -22.061325 ], [ -56.911731, -22.061339 ], [ -56.905915, -22.053755 ], [ -56.926047, -22.051691 ], [ -56.934241, -22.05571 ], [ -56.933197, -22.067436 ], [ -56.948517, -22.065373 ], [ -56.948739, -22.072005 ], [ -56.941855, -22.072766 ], [ -56.941611, -22.076151 ], [ -56.947045, -22.077394 ], [ -56.949323, -22.073373 ], [ -56.955374, -22.078292 ], [ -56.961097, -22.076002 ], [ -56.966081, -22.086948 ], [ -56.973543, -22.085309 ], [ -56.973709, -22.090889 ], [ -56.978277, -22.089378 ], [ -56.979171, -22.093276 ], [ -56.990342, -22.080861 ], [ -56.982897, -22.077776 ], [ -56.986874, -22.075905 ], [ -57.000635, -22.080842 ], [ -57.003741, -22.092147 ], [ -57.01059, -22.088019 ], [ -57.024995, -22.094314 ], [ -57.028161, -22.101514 ], [ -57.01323, -22.10395 ], [ -57.016651, -22.116906 ], [ -56.999232, -22.115203 ], [ -57.004931, -22.129601 ], [ -56.994796, -22.13617 ], [ -56.999081, -22.140952 ], [ -57.008038, -22.13794 ], [ -57.037844, -22.14944 ], [ -57.042438, -22.162289 ], [ -57.034316, -22.169571 ], [ -57.036284, -22.183634 ], [ -57.02797, -22.195979 ], [ -57.036498, -22.200833 ], [ -57.038978, -22.220313 ], [ -57.049289, -22.224273 ], [ -57.047679, -22.240478 ], [ -57.042707, -22.242118 ], [ -57.042313, -22.237317 ], [ -57.031029, -22.233983 ], [ -57.020357, -22.236113 ], [ -57.01878, -22.231265 ], [ -57.009772, -22.235811 ], [ -56.996713, -22.222517 ], [ -56.989173, -22.228748 ], [ -56.992363, -22.236316 ], [ -56.987453, -22.242638 ], [ -56.9718, -22.244418 ], [ -56.972402, -22.240812 ], [ -56.959097, -22.237984 ], [ -56.947211, -22.256111 ], [ -56.930263, -22.254153 ], [ -56.926816, -22.249886 ], [ -56.90554, -22.266627 ], [ -56.900554, -22.252593 ], [ -56.888247, -22.245306 ], [ -56.879404, -22.251777 ], [ -56.87535, -22.263516 ], [ -56.879858, -22.277704 ], [ -56.860166, -22.292382 ], [ -56.852772, -22.291025 ], [ -56.842386, -22.301588 ], [ -56.825822, -22.295813 ], [ -56.820051, -22.28672 ], [ -56.802686, -22.283505 ], [ -56.808091, -22.271035 ], [ -56.803593, -22.266717 ], [ -56.805875, -22.257595 ], [ -56.793637, -22.24256 ], [ -56.785737, -22.241303 ], [ -56.788788, -22.24913 ], [ -56.782641, -22.24762 ], [ -56.788338, -22.253536 ], [ -56.776656, -22.260489 ], [ -56.763, -22.251835 ], [ -56.767066, -22.244214 ], [ -56.757716, -22.242057 ], [ -56.751827, -22.246813 ], [ -56.746882, -22.235667 ], [ -56.744103, -22.241239 ], [ -56.73104, -22.246844 ], [ -56.736689, -22.253531 ], [ -56.734346, -22.256634 ], [ -56.720392, -22.264889 ], [ -56.720303, -22.256666 ], [ -56.707586, -22.243221 ], [ -56.702656, -22.245582 ], [ -56.706576, -22.242224 ], [ -56.705058, -22.236317 ], [ -56.697639, -22.234673 ], [ -56.694032, -22.228628 ], [ -56.700691, -22.226792 ], [ -56.703279, -22.217054 ], [ -56.699121, -22.221113 ], [ -56.690975, -22.217487 ], [ -56.688531, -22.22314 ], [ -56.68803, -22.220082 ], [ -56.682424, -22.221501 ], [ -56.678977, -22.246466 ], [ -56.676688, -22.244217 ], [ -56.663684, -22.253981 ], [ -56.650584, -22.254468 ], [ -56.641749, -22.26506 ], [ -56.636505, -22.26323 ], [ -56.641886, -22.243909 ], [ -56.634567, -22.240659 ], [ -56.6269, -22.246411 ], [ -56.621139, -22.238974 ], [ -56.605592, -22.231982 ], [ -56.60974, -22.221425 ], [ -56.598905, -22.218518 ], [ -56.599738, -22.21135 ], [ -56.593442, -22.218382 ], [ -56.589348, -22.212064 ], [ -56.581378, -22.210662 ], [ -56.579963, -22.203987 ], [ -56.575834, -22.202055 ], [ -56.575714, -22.207077 ], [ -56.569895, -22.207325 ], [ -56.562932, -22.197806 ], [ -56.556317, -22.196384 ], [ -56.557098, -22.188078 ], [ -56.551516, -22.186081 ], [ -56.557052, -22.169091 ], [ -56.533386, -22.159261 ], [ -56.533559, -22.15612 ], [ -56.537843, -22.157744 ], [ -56.540023, -22.147163 ], [ -56.529343, -22.148627 ], [ -56.526435, -22.140082 ], [ -56.519258, -22.140977 ], [ -56.527089, -22.130904 ], [ -56.518516, -22.108169 ] ] ] } },
{ "type": "Feature", "properties": { "CD_MUN": "5002159", "NM_MUN": "Bodoquena", "SIGLA_UF": "MS", "AREA_KM2": 2589.14 }, "geometry": { "type": "Polygon", "coordinates": [ [ [ -56.697121, -20.885815 ], [ -56.69652, -20.870794 ], [ -56.683067, -20.846332 ], [ -56.660503, -20.832618 ], [ -56.639748, -20.810144 ], [ -56.621136, -20.812592 ], [ -56.615237, -20.806038 ], [ -56.610503, -20.790951 ], [ -56.615902, -20.761363 ], [ -56.601494, -20.747835 ], [ -56.592654, -20.748837 ], [ -56.581048, -20.743692 ], [ -56.576607, -20.735284 ], [ -56.5822, -20.713576 ], [ -56.55204, -20.691565 ], [ -56.553607, -20.682773 ], [ -56.542882, -20.681811 ], [ -56.54171, -20.675287 ], [ -56.534818, -20.672603 ], [ -56.519557, -20.679989 ], [ -56.521085, -20.671832 ], [ -56.508165, -20.667936 ], [ -56.506009, -20.660875 ], [ -56.497619, -20.656876 ], [ -56.504284, -20.645675 ], [ -56.499148, -20.641296 ], [ -56.508254, -20.624972 ], [ -56.504736, -20.613092 ], [ -56.491567, -20.609651 ], [ -56.476018, -20.617932 ], [ -56.455311, -20.60405 ], [ -56.437742, -20.602637 ], [ -56.421224, -20.588981 ], [ -56.407181, -20.586033 ], [ -56.407252, -20.573527 ], [ -56.413597, -20.567159 ], [ -56.410794, -20.561119 ], [ -56.40033, -20.558538 ], [ -56.402336, -20.551797 ], [ -56.395388, -20.545808 ], [ -56.403103, -20.53729 ], [ -56.392407, -20.517639 ], [ -56.396137, -20.518618 ], [ -56.397342, -20.505459 ], [ -56.387472, -20.496174 ], [ -56.387016, -20.490415 ], [ -56.393095, -20.483437 ], [ -56.390691, -20.480213 ], [ -56.395171, -20.478729 ], [ -56.392384, -20.469795 ], [ -56.39844, -20.462823 ], [ -56.393854, -20.46221 ], [ -56.396288, -20.455364 ], [ -56.386529, -20.452373 ], [ -56.385652, -20.441549 ], [ -56.393952, -20.436098 ], [ -56.39436, -20.443557 ], [ -56.40313, -20.440586 ], [ -56.398956, -20.433167 ], [ -56.404773, -20.430537 ], [ -56.396828, -20.42739 ], [ -56.400661, -20.424134 ], [ -56.391881, -20.41307 ], [ -56.39446, -20.409825 ], [ -56.398304, -20.412564 ], [ -56.394192, -20.407161 ], [ -56.399937, -20.405834 ], [ -56.400621, -20.401237 ], [ -56.39584, -20.398959 ], [ -56.396681, -20.40368 ], [ -56.391034, -20.403774 ], [ -56.390276, -20.395852 ], [ -56.395132, -20.387044 ], [ -56.400574, -20.389668 ], [ -56.408984, -20.38467 ], [ -56.394429, -20.375681 ], [ -56.401506, -20.369819 ], [ -56.397089, -20.367753 ], [ -56.396213, -20.358933 ], [ -56.390846, -20.357792 ], [ -56.394735, -20.354055 ], [ -56.391043, -20.352094 ], [ -56.398479, -20.348286 ], [ -56.393985, -20.345925 ], [ -56.396822, -20.340942 ], [ -56.391931, -20.341087 ], [ -56.388153, -20.334074 ], [ -56.416164, -20.334623 ], [ -56.413948, -20.34435 ], [ -56.421189, -20.348302 ], [ -56.424736, -20.322233 ], [ -56.456422, -20.313733 ], [ -56.471787, -20.32869 ], [ -56.50962, -20.344422 ], [ -56.516487, -20.356507 ], [ -56.527538, -20.360563 ], [ -56.549355, -20.362633 ], [ -56.568076, -20.356325 ], [ -56.680629, -20.357694 ], [ -56.677878, -20.370002 ], [ -56.683308, -20.380416 ], [ -56.680064, -20.385527 ], [ -56.683968, -20.389032 ], [ -56.688142, -20.384908 ], [ -56.693327, -20.401747 ], [ -56.70041, -20.396287 ], [ -56.702088, -20.4045 ], [ -56.711655, -20.403714 ], [ -56.717368, -20.409677 ], [ -56.72719, -20.399971 ], [ -56.741063, -20.40698 ], [ -56.752451, -20.402398 ], [ -56.779565, -20.417178 ], [ -56.800777, -20.393546 ], [ -56.815315, -20.391004 ], [ -56.825335, -20.362314 ], [ -56.831823, -20.361969 ], [ -56.829229, -20.342288 ], [ -56.834298, -20.313269 ], [ -56.830087, -20.30694 ], [ -56.828096, -20.268968 ], [ -56.835721, -20.265282 ], [ -56.848554, -20.268565 ], [ -56.860349, -20.259628 ], [ -56.878101, -20.257084 ], [ -56.887108, -20.239459 ], [ -56.905435, -20.236793 ], [ -56.913231, -20.224365 ], [ -56.926979, -20.214106 ], [ -56.930686, -20.197144 ], [ -56.947115, -20.186962 ], [ -56.997976, -20.18892 ], [ -56.96413, -20.225539 ], [ -56.967032, -20.235493 ], [ -56.960077, -20.238468 ], [ -56.957422, -20.245993 ], [ -56.968242, -20.273296 ], [ -56.963337, -20.291907 ], [ -56.946482, -20.303608 ], [ -56.948662, -20.318923 ], [ -56.944482, -20.327127 ], [ -56.94899, -20.333416 ], [ -56.980627, -20.335667 ], [ -57.014266, -20.345392 ], [ -57.007943, -20.356932 ], [ -57.009043, -20.363875 ], [ -56.998093, -20.369117 ], [ -57.001662, -20.374281 ], [ -56.996816, -20.381714 ], [ -57.002547, -20.382923 ], [ -56.990541, -20.394691 ], [ -56.987241, -20.414582 ], [ -56.99369, -20.418152 ], [ -56.978092, -20.42723 ], [ -56.96751, -20.424941 ], [ -56.9695, -20.417546 ], [ -56.962064, -20.413538 ], [ -56.951814, -20.414631 ], [ -56.948877, -20.410465 ], [ -56.942062, -20.415059 ], [ -56.933534, -20.431207 ], [ -56.939161, -20.442073 ], [ -56.925963, -20.453705 ], [ -56.920552, -20.464831 ], [ -56.923977, -20.490901 ], [ -56.91153, -20.505281 ], [ -56.909723, -20.523139 ], [ -56.894048, -20.556847 ], [ -56.873371, -20.580199 ], [ -56.87762, -20.595827 ], [ -56.869786, -20.611299 ], [ -56.868902, -20.638791 ], [ -56.88346, -20.659014 ], [ -56.892713, -20.68418 ], [ -56.889817, -20.697337 ], [ -56.871887, -20.728088 ], [ -56.866517, -20.74785 ], [ -56.868522, -20.763798 ], [ -56.857809, -20.772913 ], [ -56.846459, -20.792387 ], [ -56.858607, -20.835036 ], [ -56.873833, -20.857561 ], [ -56.873797, -20.866201 ], [ -56.859677, -20.886389 ], [ -56.697121, -20.885815 ] ] ] } },
{ "type": "Feature", "properties": { "CD_MUN": "5001508", "NM_MUN": "Bandeirantes", "SIGLA_UF": "MS", "AREA_KM2": 3363.487 }, "geometry": { "type": "Polygon", "coordinates": [ [ [ -53.95098, -19.998488 ], [ -53.938593, -19.995344 ], [ -53.911171, -19.998492 ], [ -53.91068, -19.994554 ], [ -53.895569, -19.995151 ], [ -53.896648, -19.986989 ], [ -53.904071, -19.97487 ], [ -53.901923, -19.964636 ], [ -53.910308, -19.942596 ], [ -53.907707, -19.937511 ], [ -53.919003, -19.926437 ], [ -53.920755, -19.907177 ], [ -53.930444, -19.900675 ], [ -53.928869, -19.896189 ], [ -53.940911, -19.883641 ], [ -53.948265, -19.867392 ], [ -53.963108, -19.861546 ], [ -53.964214, -19.848599 ], [ -53.972053, -19.837951 ], [ -53.973385, -19.821136 ], [ -53.969689, -19.815858 ], [ -53.978071, -19.802472 ], [ -53.97691, -19.78579 ], [ -53.991923, -19.766556 ], [ -53.986861, -19.750448 ], [ -53.99535, -19.729423 ], [ -53.988198, -19.723792 ], [ -53.9878, -19.71538 ], [ -53.999264, -19.702763 ], [ -53.992907, -19.685945 ], [ -54.010723, -19.665396 ], [ -54.02141, -19.633284 ], [ -54.065233, -19.634219 ], [ -54.07257, -19.643012 ], [ -54.085407, -19.647152 ], [ -54.095702, -19.659912 ], [ -54.115846, -19.664147 ], [ -54.124223, -19.658291 ], [ -54.129599, -19.661482 ], [ -54.170466, -19.627333 ], [ -54.198715, -19.614962 ], [ -54.20863, -19.613095 ], [ -54.243238, -19.621053 ], [ -54.262335, -19.616373 ], [ -54.287315, -19.622134 ], [ -54.338725, -19.611098 ], [ -54.358862, -19.59862 ], [ -54.381016, -19.599528 ], [ -54.393768, -19.593195 ], [ -54.398969, -19.596124 ], [ -54.430648, -19.553309 ], [ -54.458286, -19.540045 ], [ -54.469117, -19.540134 ], [ -54.473648, -19.550872 ], [ -54.489823, -19.562498 ], [ -54.503318, -19.558069 ], [ -54.512889, -19.537833 ], [ -54.538588, -19.537286 ], [ -54.551205, -19.531324 ], [ -54.588999, -19.564732 ], [ -54.59805, -19.560793 ], [ -54.604141, -19.565159 ], [ -54.62743, -19.560561 ], [ -54.639164, -19.578003 ], [ -54.658543, -19.584987 ], [ -54.668464, -19.595319 ], [ -54.676617, -19.596849 ], [ -54.69406, -19.59016 ], [ -54.711333, -19.591368 ], [ -54.734712, -19.608628 ], [ -54.734233, -19.614968 ], [ -54.738117, -19.616671 ], [ -54.734047, -19.619919 ], [ -54.737961, -19.623931 ], [ -54.747794, -19.622777 ], [ -54.751151, -19.62578 ], [ -54.74754, -19.623902 ], [ -54.745896, -19.627591 ], [ -54.754692, -19.631686 ], [ -54.760974, -19.628515 ], [ -54.761131, -19.6372 ], [ -54.752669, -19.639864 ], [ -54.755106, -19.643661 ], [ -54.745243, -19.678263 ], [ -54.729829, -19.690428 ], [ -54.735322, -19.703709 ], [ -54.726085, -19.714094 ], [ -54.732947, -19.722417 ], [ -54.733959, -19.774224 ], [ -54.726242, -19.776969 ], [ -54.724539, -19.772207 ], [ -54.719986, -19.777543 ], [ -54.713007, -19.777641 ], [ -54.703796, -19.771926 ], [ -54.704337, -19.777921 ], [ -54.702025, -19.778639 ], [ -54.700884, -19.772286 ], [ -54.694522, -19.77279 ], [ -54.692881, -19.763631 ], [ -54.680207, -19.752935 ], [ -54.675148, -19.756936 ], [ -54.678345, -19.76161 ], [ -54.665425, -19.76333 ], [ -54.662374, -19.753686 ], [ -54.657451, -19.757526 ], [ -54.650552, -19.775575 ], [ -54.634992, -19.876446 ], [ -54.61389, -19.88203 ], [ -54.603138, -19.87875 ], [ -54.601245, -19.873434 ], [ -54.596009, -19.875762 ], [ -54.583396, -19.868725 ], [ -54.565392, -19.871329 ], [ -54.551698, -19.866731 ], [ -54.544618, -19.873998 ], [ -54.530763, -19.867808 ], [ -54.512109, -19.873822 ], [ -54.494188, -19.865907 ], [ -54.479135, -19.879859 ], [ -54.470936, -19.876542 ], [ -54.460422, -19.881151 ], [ -54.458318, -19.914941 ], [ -54.451729, -19.926587 ], [ -54.45955, -19.948045 ], [ -54.451392, -19.974247 ], [ -54.444592, -19.985397 ], [ -54.422347, -19.9862 ], [ -54.40859, -20.004896 ], [ -54.398808, -20.009084 ], [ -54.409125, -20.032315 ], [ -54.395968, -20.032507 ], [ -54.369732, -20.02336 ], [ -54.336297, -20.025553 ], [ -54.319187, -20.033252 ], [ -54.289341, -20.028068 ], [ -54.259256, -20.04534 ], [ -54.238122, -20.036785 ], [ -54.228916, -20.038451 ], [ -54.184262, -20.064418 ], [ -54.187251, -20.067406 ], [ -54.176952, -20.077615 ], [ -54.179986, -20.083917 ], [ -54.172064, -20.090714 ], [ -54.168621, -20.089137 ], [ -54.162637, -20.094477 ], [ -54.158332, -20.09178 ], [ -54.158892, -20.095653 ], [ -54.15412, -20.093736 ], [ -54.150403, -20.098287 ], [ -54.137428, -20.096654 ], [ -54.135561, -20.101642 ], [ -54.123285, -20.100282 ], [ -54.100043, -20.118092 ], [ -54.0856, -20.101189 ], [ -54.059421, -20.087605 ], [ -54.054333, -20.06981 ], [ -53.976131, -20.048091 ], [ -53.958298, -20.031009 ], [ -53.960073, -20.017361 ], [ -53.95098, -19.998488 ] ] ] } },
{ "type": "Feature", "properties": { "CD_MUN": "5000906", "NM_MUN": "Antônio João", "SIGLA_UF": "MS", "AREA_KM2": 1095.9 }, "geometry": { "type": "Polygon", "coordinates": [ [ [ -55.899489, -22.130773 ], [ -55.909163, -22.11795 ], [ -55.939533, -22.095995 ], [ -55.962033, -22.092651 ], [ -55.97088, -22.098502 ], [ -55.984202, -22.088945 ], [ -55.986998, -22.081104 ], [ -55.998735, -22.075823 ], [ -56.008439, -22.05744 ], [ -56.013117, -22.062844 ], [ -56.017951, -22.06217 ], [ -56.00956, -22.076554 ], [ -56.017312, -22.093584 ], [ -56.029254, -22.095106 ], [ -56.041584, -22.089112 ], [ -56.047554, -22.093289 ], [ -56.024255, -22.131144 ], [ -56.031401, -22.130502 ], [ -56.047617, -22.113459 ], [ -56.0564, -22.115857 ], [ -56.058214, -22.106923 ], [ -56.069289, -22.109152 ], [ -56.06974, -22.100944 ], [ -56.077897, -22.117965 ], [ -56.087387, -22.123746 ], [ -56.109282, -22.127968 ], [ -56.120498, -22.110942 ], [ -56.129603, -22.12815 ], [ -56.127687, -22.138261 ], [ -56.137441, -22.152408 ], [ -56.169161, -22.154271 ], [ -56.206389, -22.174649 ], [ -56.227081, -22.171752 ], [ -56.233475, -22.174557 ], [ -56.249318, -22.171067 ], [ -56.258579, -22.162634 ], [ -56.275642, -22.165201 ], [ -56.289814, -22.161007 ], [ -56.295635, -22.164749 ], [ -56.299386, -22.179777 ], [ -56.306337, -22.187166 ], [ -56.31841, -22.189612 ], [ -56.332821, -22.175002 ], [ -56.34586, -22.179436 ], [ -56.34297, -22.183043 ], [ -56.346448, -22.187086 ], [ -56.340134, -22.188696 ], [ -56.336727, -22.198904 ], [ -56.330094, -22.199201 ], [ -56.330654, -22.204301 ], [ -56.326298, -22.203109 ], [ -56.3166, -22.218392 ], [ -56.311909, -22.21352 ], [ -56.299425, -22.21746 ], [ -56.289773, -22.225851 ], [ -56.284903, -22.225066 ], [ -56.285097, -22.232143 ], [ -56.277694, -22.231805 ], [ -56.276321, -22.236797 ], [ -56.270092, -22.23324 ], [ -56.26304, -22.239643 ], [ -56.237459, -22.236622 ], [ -56.231821, -22.247844 ], [ -56.233905, -22.255433 ], [ -56.2143, -22.269311 ], [ -56.212618, -22.275837 ], [ -56.199964, -22.278329 ], [ -56.193285, -22.27101 ], [ -56.188943, -22.281918 ], [ -56.182951, -22.277365 ], [ -56.174381, -22.279156 ], [ -56.174328, -22.285606 ], [ -56.165733, -22.288307 ], [ -56.160693, -22.282074 ], [ -56.157806, -22.285605 ], [ -56.151893, -22.281694 ], [ -56.145893, -22.285484 ], [ -56.130591, -22.284205 ], [ -56.12897, -22.274986 ], [ -56.123509, -22.27578 ], [ -56.124568, -22.270642 ], [ -56.119925, -22.27329 ], [ -56.117858, -22.270336 ], [ -56.092681, -22.285642 ], [ -56.082761, -22.282088 ], [ -56.069426, -22.286723 ], [ -56.060791, -22.275551 ], [ -56.048004, -22.277395 ], [ -56.043438, -22.283057 ], [ -56.034455, -22.281215 ], [ -56.017206, -22.288604 ], [ -56.012458, -22.286244 ], [ -56.010157, -22.294631 ], [ -56.004224, -22.293736 ], [ -56.000313, -22.283954 ], [ -55.983613, -22.278677 ], [ -55.969834, -22.292215 ], [ -55.964939, -22.288686 ], [ -55.949548, -22.29313 ], [ -55.945998, -22.283583 ], [ -55.92912, -22.278544 ], [ -55.920277, -22.280868 ], [ -55.916569, -22.277717 ], [ -55.901812, -22.285182 ], [ -55.853263, -22.280303 ], [ -55.835302, -22.296062 ], [ -55.839115, -22.301517 ], [ -55.835001, -22.312257 ], [ -55.828863, -22.315986 ], [ -55.832376, -22.325653 ], [ -55.824267, -22.340638 ], [ -55.800855, -22.355304 ], [ -55.798553, -22.36472 ], [ -55.803712, -22.372243 ], [ -55.791314, -22.380484 ], [ -55.791093, -22.388421 ], [ -55.766712, -22.384207 ], [ -55.764122, -22.371621 ], [ -55.754501, -22.366872 ], [ -55.748031, -22.345632 ], [ -55.759415, -22.322837 ], [ -55.746803, -22.28977 ], [ -55.7488, -22.286209 ], [ -55.739857, -22.278072 ], [ -55.730447, -22.276298 ], [ -55.730872, -22.271578 ], [ -55.721775, -22.266664 ], [ -55.724523, -22.262626 ], [ -55.720825, -22.257953 ], [ -55.706347, -22.249465 ], [ -55.711709, -22.236683 ], [ -55.704598, -22.235759 ], [ -55.712941, -22.226918 ], [ -55.701009, -22.215592 ], [ -55.698547, -22.201836 ], [ -55.688668, -22.203569 ], [ -55.683809, -22.188954 ], [ -55.692479, -22.180624 ], [ -55.680526, -22.177372 ], [ -55.678382, -22.170233 ], [ -55.671115, -22.170235 ], [ -55.67352, -22.166347 ], [ -55.66957, -22.161981 ], [ -55.658474, -22.162723 ], [ -55.660383, -22.155447 ], [ -55.667517, -22.156501 ], [ -55.658515, -22.148048 ], [ -55.666477, -22.141671 ], [ -55.65853, -22.140518 ], [ -55.651309, -22.133415 ], [ -55.642427, -22.136853 ], [ -55.641435, -22.128405 ], [ -55.64511, -22.13435 ], [ -55.65023, -22.12733 ], [ -55.645174, -22.119569 ], [ -55.651897, -22.119981 ], [ -55.663556, -22.11236 ], [ -55.660998, -22.121182 ], [ -55.667563, -22.119721 ], [ -55.672634, -22.127406 ], [ -55.6768, -22.126132 ], [ -55.676255, -22.117241 ], [ -55.686582, -22.123631 ], [ -55.680485, -22.131291 ], [ -55.689728, -22.130104 ], [ -55.69475, -22.139409 ], [ -55.699542, -22.122576 ], [ -55.705981, -22.121746 ], [ -55.710741, -22.114717 ], [ -55.717371, -22.11682 ], [ -55.716231, -22.123074 ], [ -55.723081, -22.118088 ], [ -55.735787, -22.123397 ], [ -55.741219, -22.118944 ], [ -55.747014, -22.12359 ], [ -55.75474, -22.115027 ], [ -55.753165, -22.118522 ], [ -55.763693, -22.120301 ], [ -55.765853, -22.130338 ], [ -55.773297, -22.130901 ], [ -55.772855, -22.141785 ], [ -55.794325, -22.150249 ], [ -55.807203, -22.147924 ], [ -55.815644, -22.152116 ], [ -55.818493, -22.146978 ], [ -55.83773, -22.139968 ], [ -55.858441, -22.141251 ], [ -55.877205, -22.149642 ], [ -55.888433, -22.136028 ], [ -55.899489, -22.130773 ] ] ] } },
{ "type": "Feature", "properties": { "CD_MUN": "5001003", "NM_MUN": "Aparecida do Taboado", "SIGLA_UF": "MS", "AREA_KM2": 2751.485 }, "geometry": { "type": "Polygon", "coordinates": [ [ [ -51.413407, -20.293663 ], [ -51.398817, -20.296183 ], [ -51.362484, -20.320266 ], [ -51.356471, -20.340514 ], [ -51.343547, -20.355635 ], [ -51.321445, -20.339619 ], [ -51.295685, -20.328482 ], [ -51.17806, -20.309286 ], [ -51.136968, -20.297462 ], [ -51.117583, -20.286945 ], [ -51.06539, -20.245538 ], [ -51.029274, -20.151024 ], [ -51.001191, -20.096335 ], [ -51.000475, -20.085384 ], [ -51.017888, -20.048392 ], [ -51.006037, -20.0253 ], [ -51.004807, -19.999217 ], [ -51.021149, -19.964028 ], [ -51.002499, -19.924795 ], [ -50.999471, -19.906375 ], [ -51.019307, -19.87045 ], [ -51.018199, -19.837281 ], [ -51.022693, -19.807497 ], [ -51.033498, -19.790679 ], [ -51.040906, -19.79053 ], [ -51.051302, -19.804812 ], [ -51.067788, -19.814052 ], [ -51.079139, -19.810498 ], [ -51.126376, -19.8228 ], [ -51.136771, -19.831463 ], [ -51.152895, -19.857572 ], [ -51.172814, -19.866623 ], [ -51.190965, -19.855505 ], [ -51.234109, -19.863013 ], [ -51.241304, -19.856438 ], [ -51.25692, -19.855712 ], [ -51.273534, -19.848116 ], [ -51.300289, -19.854599 ], [ -51.316819, -19.846355 ], [ -51.337253, -19.865299 ], [ -51.359029, -19.863061 ], [ -51.368951, -19.867707 ], [ -51.382682, -19.881063 ], [ -51.388795, -19.896377 ], [ -51.399507, -19.904447 ], [ -51.411807, -19.902346 ], [ -51.419602, -19.90717 ], [ -51.429542, -19.93125 ], [ -51.442672, -19.942252 ], [ -51.454533, -19.945261 ], [ -51.468593, -19.963122 ], [ -51.47846, -19.958547 ], [ -51.500075, -19.963579 ], [ -51.556709, -19.965747 ], [ -51.638723, -19.982824 ], [ -51.642217, -19.995039 ], [ -51.663472, -20.010064 ], [ -51.676515, -20.012444 ], [ -51.689145, -20.046445 ], [ -51.678419, -20.057547 ], [ -51.669099, -20.059904 ], [ -51.666869, -20.067519 ], [ -51.653146, -20.078306 ], [ -51.652177, -20.08736 ], [ -51.628286, -20.1015 ], [ -51.631699, -20.107881 ], [ -51.623695, -20.113263 ], [ -51.624002, -20.120537 ], [ -51.598139, -20.146199 ], [ -51.596587, -20.152612 ], [ -51.582208, -20.157406 ], [ -51.562352, -20.189027 ], [ -51.511812, -20.226747 ], [ -51.501725, -20.240643 ], [ -51.447875, -20.260011 ], [ -51.413407, -20.293663 ] ] ] } },
{ "type": "Feature", "properties": { "CD_MUN": "5000807", "NM_MUN": "Anaurilândia", "SIGLA_UF": "MS", "AREA_KM2": 3415.657 }, "geometry": { "type": "Polygon", "coordinates": [ [ [ -52.447608, -22.035583 ], [ -52.469824, -22.013944 ], [ -52.498, -22.005791 ], [ -52.521719, -21.980185 ], [ -52.562479, -21.955689 ], [ -52.608243, -21.91646 ], [ -52.607245, -21.903036 ], [ -52.621652, -21.877824 ], [ -52.633786, -21.832123 ], [ -52.871065, -21.879815 ], [ -52.961141, -21.860383 ], [ -53.03084, -21.855404 ], [ -53.07153, -21.838231 ], [ -53.149745, -21.974454 ], [ -53.134383, -21.974871 ], [ -53.115982, -22.011863 ], [ -53.106713, -22.074617 ], [ -53.113009, -22.103388 ], [ -53.109202, -22.141256 ], [ -53.099163, -22.155882 ], [ -53.093786, -22.179654 ], [ -53.083594, -22.194489 ], [ -53.077475, -22.216426 ], [ -53.068491, -22.224712 ], [ -53.047574, -22.267175 ], [ -53.039682, -22.311637 ], [ -53.030224, -22.326416 ], [ -53.013189, -22.340566 ], [ -53.002319, -22.360151 ], [ -52.987996, -22.421614 ], [ -53.002143, -22.424774 ], [ -52.948192, -22.473352 ], [ -52.857843, -22.441483 ], [ -52.839887, -22.415311 ], [ -52.798331, -22.378273 ], [ -52.695134, -22.314611 ], [ -52.650277, -22.301001 ], [ -52.63338, -22.284986 ], [ -52.601991, -22.271951 ], [ -52.579187, -22.251953 ], [ -52.487714, -22.217206 ], [ -52.479966, -22.200882 ], [ -52.445742, -22.176947 ], [ -52.408188, -22.141635 ], [ -52.391906, -22.114679 ], [ -52.396467, -22.108759 ], [ -52.393113, -22.100243 ], [ -52.369514, -22.064413 ], [ -52.380114, -22.034454 ], [ -52.402093, -22.028119 ], [ -52.418118, -22.032728 ], [ -52.443552, -22.031755 ], [ -52.447608, -22.035583 ] ] ] } },
{ "type": "Feature", "properties": { "CD_MUN": "5000856", "NM_MUN": "Angélica", "SIGLA_UF": "MS", "AREA_KM2": 1283.629 }, "geometry": { "type": "Polygon", "coordinates": [ [ [ -53.687248, -22.064351 ], [ -53.692953, -22.052719 ], [ -53.68612, -22.041986 ], [ -53.691497, -22.035088 ], [ -53.749913, -22.008041 ], [ -53.747315, -22.002899 ], [ -53.733703, -22.001125 ], [ -53.731255, -21.995254 ], [ -53.735809, -21.987026 ], [ -53.752957, -21.985782 ], [ -53.760729, -21.993782 ], [ -53.76598, -21.993607 ], [ -53.7611, -21.984104 ], [ -53.75979, -21.961856 ], [ -53.790004, -21.942355 ], [ -53.794531, -21.913825 ], [ -53.799974, -21.912157 ], [ -53.812086, -21.920009 ], [ -53.81485, -21.912692 ], [ -53.836716, -21.896743 ], [ -53.848206, -21.902731 ], [ -53.862023, -21.89687 ], [ -53.872761, -21.897821 ], [ -53.883124, -21.880967 ], [ -53.898584, -21.880299 ], [ -53.897261, -21.890516 ], [ -53.890662, -21.898226 ], [ -53.893058, -21.90711 ], [ -53.90362, -21.910868 ], [ -53.914456, -21.898031 ], [ -53.929006, -21.901328 ], [ -53.942342, -21.897011 ], [ -53.93863, -21.909628 ], [ -53.94516, -21.919013 ], [ -53.955456, -21.923364 ], [ -53.960449, -21.919962 ], [ -53.951776, -21.911233 ], [ -53.962852, -21.895763 ], [ -53.972562, -21.911008 ], [ -53.990249, -21.90068 ], [ -54.001558, -21.908161 ], [ -54.00244, -21.90285 ], [ -54.012864, -21.904172 ], [ -54.026646, -21.896604 ], [ -54.044238, -21.902595 ], [ -54.055221, -21.9016 ], [ -54.063897, -21.908466 ], [ -54.078156, -21.90677 ], [ -54.068298, -21.914823 ], [ -54.076989, -21.929371 ], [ -54.100365, -21.912855 ], [ -54.132872, -21.930957 ], [ -54.093044, -21.985808 ], [ -54.091992, -22.01067 ], [ -54.085288, -22.030136 ], [ -54.092154, -22.067308 ], [ -54.087438, -22.083078 ], [ -53.993864, -22.119973 ], [ -54.008768, -22.153494 ], [ -53.997482, -22.158021 ], [ -53.977949, -22.148131 ], [ -53.960568, -22.156465 ], [ -53.958899, -22.16143 ], [ -53.931436, -22.164442 ], [ -53.903094, -22.196421 ], [ -53.876317, -22.207456 ], [ -53.831357, -22.20981 ], [ -53.778512, -22.236553 ], [ -53.762931, -22.233975 ], [ -53.729135, -22.237613 ], [ -53.713194, -22.231068 ], [ -53.6838, -22.231283 ], [ -53.621589, -22.204244 ], [ -53.607211, -22.189738 ], [ -53.588286, -22.194921 ], [ -53.587478, -22.184486 ], [ -53.594788, -22.174133 ], [ -53.585838, -22.162656 ], [ -53.589207, -22.152402 ], [ -53.596132, -22.147728 ], [ -53.62286, -22.144425 ], [ -53.626808, -22.138826 ], [ -53.626284, -22.123019 ], [ -53.65289, -22.111357 ], [ -53.663408, -22.111676 ], [ -53.673071, -22.073785 ], [ -53.687248, -22.064351 ] ] ] } },
{ "type": "Feature", "properties": { "CD_MUN": "5001243", "NM_MUN": "Aral Moreira", "SIGLA_UF": "MS", "AREA_KM2": 1653.86 }, "geometry": { "type": "Polygon", "coordinates": [ [ [ -55.534162, -23.216861 ], [ -55.546196, -23.220197 ], [ -55.53671, -23.2358 ], [ -55.539099, -23.241199 ], [ -55.529692, -23.243511 ], [ -55.520044, -23.239826 ], [ -55.511838, -23.220908 ], [ -55.493274, -23.20029 ], [ -55.496158, -23.165001 ], [ -55.486345, -23.155409 ], [ -55.479293, -23.128831 ], [ -55.455653, -23.111253 ], [ -55.446767, -23.093764 ], [ -55.43313, -23.09042 ], [ -55.42678, -23.081084 ], [ -55.430767, -23.081547 ], [ -55.428721, -23.075413 ], [ -55.420747, -23.074775 ], [ -55.429377, -23.064744 ], [ -55.428198, -23.058015 ], [ -55.422924, -23.05728 ], [ -55.426272, -23.052726 ], [ -55.419669, -23.046766 ], [ -55.4249, -23.041401 ], [ -55.416996, -23.036811 ], [ -55.413315, -23.038837 ], [ -55.413885, -23.031547 ], [ -55.402308, -23.022445 ], [ -55.392759, -23.027063 ], [ -55.392408, -23.021405 ], [ -55.378693, -23.021341 ], [ -55.378626, -23.013067 ], [ -55.365642, -23.011544 ], [ -55.364443, -23.006436 ], [ -55.357077, -23.005793 ], [ -55.355192, -22.999647 ], [ -55.337488, -22.988898 ], [ -55.330857, -22.992295 ], [ -55.325555, -22.988621 ], [ -55.315632, -22.994338 ], [ -55.313714, -22.990959 ], [ -55.317878, -22.989621 ], [ -55.30945, -22.986711 ], [ -55.301267, -22.99291 ], [ -55.296636, -22.969903 ], [ -55.285249, -22.9636 ], [ -55.284746, -22.959076 ], [ -55.26926, -22.95856 ], [ -55.263637, -22.963378 ], [ -55.25363, -22.94973 ], [ -55.248639, -22.953877 ], [ -55.239529, -22.95219 ], [ -55.236747, -22.945717 ], [ -55.231054, -22.950934 ], [ -55.228557, -22.944218 ], [ -55.201372, -22.943231 ], [ -55.196384, -22.931145 ], [ -55.188241, -22.93281 ], [ -55.181068, -22.927279 ], [ -55.17382, -22.932301 ], [ -55.162831, -22.930909 ], [ -55.153402, -22.942476 ], [ -55.142988, -22.934174 ], [ -55.138641, -22.94026 ], [ -55.131412, -22.932988 ], [ -55.127231, -22.934631 ], [ -55.113725, -22.927062 ], [ -55.106154, -22.933572 ], [ -55.090378, -22.932913 ], [ -55.088236, -22.928223 ], [ -55.08119, -22.931808 ], [ -55.068982, -22.925332 ], [ -55.074874, -22.921571 ], [ -55.073995, -22.912595 ], [ -55.064071, -22.910495 ], [ -55.077151, -22.894826 ], [ -55.083341, -22.897921 ], [ -55.086797, -22.894791 ], [ -55.096723, -22.903086 ], [ -55.104999, -22.89247 ], [ -55.114492, -22.895802 ], [ -55.116277, -22.904118 ], [ -55.125213, -22.905373 ], [ -55.13111, -22.920631 ], [ -55.147981, -22.915889 ], [ -55.149852, -22.911694 ], [ -55.152127, -22.916033 ], [ -55.159635, -22.910419 ], [ -55.162679, -22.912326 ], [ -55.16672, -22.905914 ], [ -55.161452, -22.89973 ], [ -55.165911, -22.882295 ], [ -55.17123, -22.88296 ], [ -55.191143, -22.870237 ], [ -55.196523, -22.872898 ], [ -55.201761, -22.859567 ], [ -55.207374, -22.856882 ], [ -55.215082, -22.862088 ], [ -55.219064, -22.847303 ], [ -55.224742, -22.850258 ], [ -55.237189, -22.843233 ], [ -55.235342, -22.838866 ], [ -55.245062, -22.825999 ], [ -55.236103, -22.81874 ], [ -55.234097, -22.805687 ], [ -55.247689, -22.80465 ], [ -55.249313, -22.81028 ], [ -55.255728, -22.811743 ], [ -55.263651, -22.801671 ], [ -55.261037, -22.797152 ], [ -55.270465, -22.791604 ], [ -55.266357, -22.785286 ], [ -55.270472, -22.786623 ], [ -55.277867, -22.776804 ], [ -55.286177, -22.776234 ], [ -55.287146, -22.761589 ], [ -55.301266, -22.761406 ], [ -55.309412, -22.754709 ], [ -55.306599, -22.738047 ], [ -55.311921, -22.731239 ], [ -55.31093, -22.724926 ], [ -55.317245, -22.730884 ], [ -55.320946, -22.729994 ], [ -55.320089, -22.724581 ], [ -55.343136, -22.727134 ], [ -55.345282, -22.722423 ], [ -55.339118, -22.715665 ], [ -55.35333, -22.716216 ], [ -55.350975, -22.708239 ], [ -55.362625, -22.708718 ], [ -55.36202, -22.704073 ], [ -55.38172, -22.708514 ], [ -55.387033, -22.701475 ], [ -55.382386, -22.69682 ], [ -55.389342, -22.69103 ], [ -55.397223, -22.694027 ], [ -55.412629, -22.691521 ], [ -55.423636, -22.701751 ], [ -55.431334, -22.693735 ], [ -55.436554, -22.698297 ], [ -55.442553, -22.693948 ], [ -55.452523, -22.69791 ], [ -55.458613, -22.695689 ], [ -55.502098, -22.723016 ], [ -55.508791, -22.724934 ], [ -55.520423, -22.720714 ], [ -55.51774, -22.749467 ], [ -55.526275, -22.765442 ], [ -55.53303, -22.758654 ], [ -55.555195, -22.750521 ], [ -55.568596, -22.736828 ], [ -55.573779, -22.723588 ], [ -55.587287, -22.719273 ], [ -55.613608, -22.692813 ], [ -55.617007, -22.725077 ], [ -55.613059, -22.738944 ], [ -55.626614, -22.757632 ], [ -55.618033, -22.767533 ], [ -55.635275, -22.77029 ], [ -55.639003, -22.782692 ], [ -55.652326, -22.792295 ], [ -55.64917, -22.801622 ], [ -55.655671, -22.808567 ], [ -55.65337, -22.816643 ], [ -55.660867, -22.827414 ], [ -55.658986, -22.84103 ], [ -55.665855, -22.852462 ], [ -55.660109, -22.863972 ], [ -55.661218, -22.882188 ], [ -55.649521, -22.890991 ], [ -55.650536, -22.911062 ], [ -55.645486, -22.924445 ], [ -55.651612, -22.931065 ], [ -55.643911, -22.942385 ], [ -55.647584, -22.949865 ], [ -55.638368, -22.950554 ], [ -55.63458, -22.955127 ], [ -55.638186, -22.957607 ], [ -55.636828, -22.964789 ], [ -55.621927, -22.984494 ], [ -55.633906, -22.991781 ], [ -55.633298, -22.997293 ], [ -55.628442, -22.998326 ], [ -55.639389, -23.025909 ], [ -55.62378, -23.032952 ], [ -55.611318, -23.047665 ], [ -55.614765, -23.054323 ], [ -55.611311, -23.076835 ], [ -55.617359, -23.081725 ], [ -55.599734, -23.10416 ], [ -55.595824, -23.119468 ], [ -55.596782, -23.152598 ], [ -55.573396, -23.143343 ], [ -55.541885, -23.156132 ], [ -55.543099, -23.180788 ], [ -55.523281, -23.197787 ], [ -55.526233, -23.208209 ], [ -55.534162, -23.216861 ] ] ] } },
{ "type": "Feature", "properties": { "CD_MUN": "5001102", "NM_MUN": "Aquidauana", "SIGLA_UF": "MS", "AREA_KM2": 17087.976 }, "geometry": { "type": "Polygon", "coordinates": [ [ [ -55.798053, -20.481795 ], [ -55.776616, -20.493937 ], [ -55.769039, -20.488175 ], [ -55.752742, -20.491886 ], [ -55.74846, -20.486923 ], [ -55.741183, -20.489921 ], [ -55.736455, -20.486406 ], [ -55.686625, -20.482743 ], [ -55.679217, -20.475083 ], [ -55.666219, -20.485038 ], [ -55.654157, -20.488144 ], [ -55.644869, -20.481327 ], [ -55.621476, -20.498868 ], [ -55.609652, -20.496648 ], [ -55.60228, -20.519064 ], [ -55.56705, -20.492808 ], [ -55.564787, -20.50922 ], [ -55.553089, -20.508729 ], [ -55.542237, -20.489785 ], [ -55.532251, -20.484743 ], [ -55.527896, -20.474536 ], [ -55.504899, -20.456278 ], [ -55.484188, -20.468476 ], [ -55.477285, -20.457997 ], [ -55.467524, -20.476004 ], [ -55.46363, -20.476244 ], [ -55.461523, -20.461111 ], [ -55.449896, -20.448824 ], [ -55.459297, -20.44032 ], [ -55.450038, -20.438414 ], [ -55.451252, -20.42408 ], [ -55.4454, -20.415448 ], [ -55.445356, -20.387591 ], [ -55.457275, -20.36636 ], [ -55.455143, -20.358824 ], [ -55.460705, -20.354087 ], [ -55.455773, -20.351324 ], [ -55.455812, -20.347122 ], [ -55.460939, -20.345684 ], [ -55.459569, -20.333566 ], [ -55.452931, -20.329391 ], [ -55.458762, -20.324574 ], [ -55.457725, -20.316153 ], [ -55.451556, -20.308531 ], [ -55.458037, -20.306182 ], [ -55.45923, -20.299951 ], [ -55.462851, -20.305605 ], [ -55.470796, -20.30638 ], [ -55.475527, -20.299644 ], [ -55.486018, -20.301823 ], [ -55.491524, -20.293475 ], [ -55.516195, -20.282322 ], [ -55.520181, -20.268463 ], [ -55.517887, -20.251291 ], [ -55.521951, -20.245873 ], [ -55.502143, -20.227367 ], [ -55.505477, -20.220423 ], [ -55.513727, -20.218812 ], [ -55.513518, -20.2099 ], [ -55.497976, -20.179233 ], [ -55.48631, -20.167335 ], [ -55.486674, -20.149697 ], [ -55.482089, -20.145633 ], [ -55.471612, -20.150822 ], [ -55.446449, -20.141175 ], [ -55.449716, -20.149364 ], [ -55.442676, -20.155373 ], [ -55.424471, -20.14559 ], [ -55.411593, -20.15491 ], [ -55.411871, -20.16863 ], [ -55.400669, -20.170074 ], [ -55.394257, -20.175855 ], [ -55.370788, -20.172164 ], [ -55.357986, -20.174901 ], [ -55.353087, -20.165555 ], [ -55.337054, -20.159554 ], [ -55.331602, -20.17148 ], [ -55.312745, -20.1784 ], [ -55.282226, -20.199911 ], [ -55.273451, -20.212078 ], [ -55.245902, -20.226367 ], [ -55.242699, -20.216059 ], [ -55.232795, -20.2127 ], [ -55.229821, -20.202318 ], [ -55.216871, -20.201163 ], [ -55.217376, -20.187721 ], [ -55.201205, -20.189961 ], [ -55.201343, -20.177955 ], [ -55.172719, -20.166977 ], [ -55.146987, -20.14791 ], [ -55.135379, -20.144677 ], [ -55.13287, -20.156632 ], [ -55.105833, -20.148823 ], [ -55.095706, -20.156279 ], [ -55.087743, -20.15572 ], [ -55.080453, -20.151923 ], [ -55.080428, -20.136222 ], [ -55.06924, -20.134283 ], [ -55.065486, -20.127215 ], [ -55.063851, -20.109023 ], [ -55.096387, -20.045598 ], [ -55.097787, -20.021077 ], [ -55.11112, -20.005008 ], [ -55.128608, -19.999142 ], [ -55.139251, -19.986314 ], [ -55.139675, -19.971797 ], [ -55.157282, -19.978594 ], [ -55.161938, -19.986993 ], [ -55.174141, -19.988058 ], [ -55.179667, -19.992756 ], [ -55.199722, -19.994128 ], [ -55.222398, -19.978997 ], [ -55.229991, -19.985619 ], [ -55.251617, -19.982849 ], [ -55.267998, -20.000598 ], [ -55.285156, -19.990382 ], [ -55.316957, -19.988222 ], [ -55.317964, -19.982775 ], [ -55.32327, -19.981119 ], [ -55.323372, -19.97226 ], [ -55.309623, -19.957565 ], [ -55.309138, -19.949929 ], [ -55.322651, -19.941933 ], [ -55.330702, -19.930299 ], [ -55.330965, -19.902668 ], [ -55.33676, -19.882045 ], [ -55.354644, -19.862807 ], [ -55.37861, -19.849787 ], [ -55.391624, -19.820049 ], [ -55.394609, -19.801497 ], [ -55.37808, -19.787479 ], [ -55.382358, -19.779811 ], [ -55.376199, -19.773548 ], [ -55.363725, -19.774243 ], [ -55.346595, -19.760736 ], [ -55.347018, -19.738552 ], [ -55.337577, -19.731953 ], [ -55.332454, -19.710472 ], [ -55.322033, -19.700984 ], [ -55.321703, -19.686961 ], [ -55.305765, -19.672669 ], [ -55.291821, -19.624418 ], [ -55.285036, -19.618068 ], [ -55.288457, -19.607392 ], [ -55.26594, -19.585783 ], [ -55.241135, -19.521397 ], [ -55.239931, -19.500666 ], [ -55.225964, -19.496234 ], [ -55.222633, -19.489691 ], [ -55.225309, -19.48392 ], [ -55.22138, -19.463891 ], [ -55.20652, -19.441251 ], [ -55.209616, -19.435298 ], [ -55.204167, -19.42855 ], [ -55.203931, -19.416757 ], [ -55.187489, -19.404222 ], [ -55.163478, -19.403467 ], [ -55.149201, -19.386335 ], [ -55.111905, -19.369943 ], [ -55.124012, -19.35296 ], [ -55.101672, -19.334999 ], [ -55.101542, -19.33188 ], [ -55.104363, -19.334968 ], [ -55.107025, -19.328337 ], [ -55.114321, -19.326675 ], [ -55.123344, -19.334784 ], [ -55.120821, -19.339051 ], [ -55.135576, -19.341977 ], [ -55.137022, -19.346269 ], [ -55.146307, -19.344651 ], [ -55.145049, -19.340865 ], [ -55.159648, -19.333688 ], [ -55.169985, -19.333345 ], [ -55.1796, -19.310921 ], [ -55.184079, -19.311147 ], [ -55.187174, -19.305563 ], [ -55.191349, -19.307437 ], [ -55.192167, -19.297702 ], [ -55.200901, -19.28803 ], [ -55.217618, -19.279496 ], [ -55.222958, -19.28498 ], [ -55.228734, -19.271551 ], [ -55.239585, -19.265855 ], [ -55.251352, -19.250794 ], [ -55.276728, -19.248939 ], [ -55.304368, -19.257929 ], [ -55.311081, -19.253102 ], [ -55.309807, -19.245471 ], [ -55.329367, -19.237443 ], [ -55.351348, -19.250519 ], [ -55.351911, -19.264304 ], [ -55.368045, -19.265047 ], [ -55.379995, -19.257693 ], [ -55.393476, -19.262563 ], [ -55.395658, -19.260107 ], [ -55.400066, -19.265586 ], [ -55.422035, -19.257751 ], [ -55.4258, -19.252266 ], [ -55.423495, -19.248415 ], [ -55.431635, -19.243844 ], [ -55.433706, -19.236494 ], [ -55.445621, -19.233384 ], [ -55.452184, -19.22169 ], [ -55.464949, -19.218648 ], [ -55.399003, -18.582094 ], [ -55.527942, -18.940359 ], [ -55.54327, -18.952369 ], [ -55.556618, -18.970384 ], [ -55.579046, -18.981933 ], [ -55.615461, -19.018676 ], [ -55.630874, -19.025785 ], [ -55.653391, -19.05568 ], [ -55.658498, -19.05328 ], [ -55.668094, -19.057795 ], [ -55.676434, -19.070374 ], [ -55.686408, -19.072365 ], [ -55.700762, -19.086431 ], [ -55.708434, -19.109662 ], [ -55.714063, -19.110674 ], [ -55.728675, -19.129695 ], [ -55.738861, -19.16131 ], [ -55.747852, -19.16625 ], [ -55.75319, -19.180599 ], [ -55.766218, -19.19279 ], [ -55.766069, -19.209808 ], [ -55.774628, -19.215752 ], [ -55.773071, -19.22048 ], [ -55.785821, -19.236688 ], [ -55.783879, -19.240847 ], [ -55.7908, -19.249137 ], [ -55.790822, -19.257548 ], [ -55.824131, -19.28693 ], [ -55.821036, -19.300701 ], [ -55.826716, -19.303714 ], [ -55.819343, -19.326565 ], [ -55.826691, -19.339859 ], [ -55.833644, -19.341507 ], [ -55.840753, -19.356277 ], [ -55.857805, -19.363879 ], [ -55.86032, -19.371752 ], [ -55.872681, -19.375446 ], [ -55.880577, -19.390453 ], [ -55.889675, -19.391053 ], [ -55.899545, -19.419317 ], [ -55.912755, -19.424561 ], [ -55.920919, -19.42256 ], [ -55.92564, -19.436367 ], [ -55.938705, -19.44181 ], [ -55.954503, -19.46718 ], [ -55.971755, -19.465946 ], [ -55.973122, -19.278905 ], [ -56.580194, -19.277413 ], [ -56.618881, -19.513636 ], [ -56.851781, -19.60579 ], [ -56.857898, -19.609858 ], [ -56.857328, -19.617083 ], [ -56.866135, -19.620313 ], [ -56.874199, -19.620917 ], [ -56.875858, -19.616631 ], [ -56.88337, -19.622962 ], [ -56.889069, -19.615782 ], [ -56.896782, -19.617361 ], [ -56.903502, -19.60999 ], [ -56.906289, -19.614967 ], [ -56.908287, -19.611648 ], [ -56.920881, -19.611782 ], [ -56.920582, -19.615295 ], [ -56.925909, -19.61562 ], [ -56.927877, -19.612128 ], [ -56.933806, -19.617785 ], [ -56.942781, -19.615304 ], [ -56.963572, -19.623498 ], [ -56.979119, -19.609712 ], [ -56.98386, -19.614313 ], [ -56.999639, -19.616448 ], [ -56.996947, -19.621588 ], [ -56.988045, -19.620398 ], [ -56.993901, -19.633169 ], [ -56.983592, -19.644333 ], [ -56.99044, -19.651346 ], [ -56.986228, -19.660286 ], [ -56.994993, -19.657524 ], [ -56.993385, -19.664274 ], [ -57.000119, -19.666755 ], [ -56.994126, -19.685264 ], [ -56.982889, -19.680196 ], [ -56.973379, -19.684074 ], [ -56.968947, -19.680127 ], [ -56.959029, -19.680694 ], [ -56.965369, -19.683941 ], [ -56.959291, -19.693276 ], [ -56.952068, -19.688644 ], [ -56.951334, -19.693427 ], [ -56.941159, -19.689024 ], [ -56.938737, -19.695956 ], [ -56.935377, -19.692959 ], [ -56.938293, -19.686225 ], [ -56.912421, -19.692716 ], [ -56.906893, -19.68274 ], [ -56.9037, -19.68237 ], [ -56.905668, -19.687605 ], [ -56.898608, -19.682901 ], [ -56.888559, -19.694704 ], [ -56.889459, -19.700716 ], [ -56.874521, -19.698909 ], [ -56.874929, -19.703338 ], [ -56.880688, -19.70475 ], [ -56.87564, -19.720197 ], [ -56.871533, -19.719699 ], [ -56.871366, -19.709667 ], [ -56.865723, -19.716946 ], [ -56.855167, -19.716948 ], [ -56.855028, -19.722949 ], [ -56.847477, -19.727604 ], [ -56.855011, -19.731291 ], [ -56.858457, -19.736062 ], [ -56.849957, -19.732404 ], [ -56.844009, -19.745052 ], [ -56.845861, -19.752114 ], [ -56.842535, -19.753415 ], [ -56.841706, -19.748041 ], [ -56.829555, -19.756873 ], [ -56.826301, -19.776286 ], [ -56.810993, -19.78208 ], [ -56.810779, -19.787641 ], [ -56.803068, -19.78706 ], [ -56.802126, -19.791829 ], [ -56.795481, -19.78631 ], [ -56.78672, -19.797902 ], [ -56.78171, -19.797877 ], [ -56.777848, -19.787908 ], [ -56.7679, -19.786146 ], [ -56.767257, -19.781575 ], [ -56.759007, -19.780225 ], [ -56.754714, -19.774114 ], [ -56.739048, -19.77658 ], [ -56.740404, -19.785071 ], [ -56.733492, -19.794134 ], [ -56.728308, -19.791394 ], [ -56.724954, -19.78117 ], [ -56.713624, -19.784854 ], [ -56.717297, -19.780984 ], [ -56.70726, -19.771738 ], [ -56.708765, -19.767737 ], [ -56.698203, -19.765946 ], [ -56.69062, -19.76874 ], [ -56.689239, -19.77446 ], [ -56.67742, -19.772111 ], [ -56.675311, -19.779386 ], [ -56.666926, -19.776966 ], [ -56.655246, -19.784712 ], [ -56.647108, -19.782502 ], [ -56.649331, -19.806309 ], [ -56.638456, -19.812392 ], [ -56.630487, -19.833846 ], [ -56.613085, -19.824641 ], [ -56.584913, -19.820546 ], [ -56.57468, -19.814529 ], [ -56.558381, -19.818141 ], [ -56.547662, -19.815215 ], [ -56.533879, -19.820202 ], [ -56.517382, -19.813762 ], [ -56.495734, -19.81664 ], [ -56.478061, -19.825234 ], [ -56.453449, -19.853927 ], [ -56.431374, -19.8692 ], [ -56.411433, -19.872069 ], [ -56.406698, -19.877888 ], [ -56.399144, -19.878794 ], [ -56.392393, -19.893875 ], [ -56.380348, -19.902951 ], [ -56.365614, -19.906482 ], [ -56.350222, -19.927314 ], [ -56.337087, -19.927465 ], [ -56.330471, -19.932327 ], [ -56.321926, -19.927421 ], [ -56.316901, -19.942404 ], [ -56.307109, -19.956086 ], [ -56.295262, -19.96194 ], [ -56.289227, -19.977851 ], [ -56.277626, -19.986391 ], [ -56.2607, -19.988019 ], [ -56.253214, -20.006829 ], [ -56.248507, -20.037969 ], [ -56.253313, -20.051596 ], [ -56.243523, -20.087652 ], [ -56.249874, -20.107451 ], [ -56.246445, -20.121243 ], [ -56.240343, -20.127259 ], [ -56.240842, -20.135159 ], [ -56.219418, -20.162393 ], [ -56.216015, -20.174146 ], [ -56.238951, -20.196025 ], [ -56.238051, -20.204292 ], [ -56.230843, -20.210901 ], [ -56.231278, -20.230793 ], [ -56.223259, -20.247464 ], [ -56.238287, -20.263296 ], [ -56.227539, -20.272977 ], [ -56.226881, -20.291177 ], [ -56.215099, -20.294685 ], [ -56.198884, -20.308105 ], [ -56.192205, -20.33044 ], [ -56.16421, -20.329275 ], [ -56.160376, -20.338955 ], [ -56.148083, -20.349045 ], [ -56.151998, -20.353883 ], [ -56.148392, -20.360038 ], [ -56.13265, -20.354922 ], [ -56.11471, -20.374663 ], [ -56.107158, -20.377114 ], [ -56.110304, -20.38983 ], [ -56.101353, -20.397406 ], [ -56.098448, -20.407513 ], [ -56.101959, -20.418984 ], [ -55.832777, -20.460408 ], [ -55.828461, -20.471904 ], [ -55.809594, -20.468769 ], [ -55.798053, -20.481795 ] ] ] } },
{ "type": "Feature", "properties": { "CD_MUN": "5000708", "NM_MUN": "Anastácio", "SIGLA_UF": "MS", "AREA_KM2": 2913.108 }, "geometry": { "type": "Polygon", "coordinates": [ [ [ -55.353394, -21.034455 ], [ -55.319024, -21.050907 ], [ -55.307552, -21.039519 ], [ -55.3222, -21.007282 ], [ -55.34396, -20.992659 ], [ -55.340505, -20.985043 ], [ -55.355765, -20.96613 ], [ -55.371492, -20.957625 ], [ -55.368543, -20.948841 ], [ -55.373071, -20.945115 ], [ -55.373102, -20.936657 ], [ -55.36796, -20.931412 ], [ -55.387337, -20.928367 ], [ -55.392587, -20.915216 ], [ -55.400288, -20.912317 ], [ -55.39446, -20.896502 ], [ -55.408133, -20.868794 ], [ -55.418678, -20.863177 ], [ -55.412797, -20.845648 ], [ -55.419244, -20.83825 ], [ -55.438844, -20.836782 ], [ -55.443753, -20.827922 ], [ -55.450487, -20.826733 ], [ -55.448981, -20.808593 ], [ -55.463749, -20.795715 ], [ -55.463866, -20.781682 ], [ -55.472834, -20.77745 ], [ -55.47069, -20.768894 ], [ -55.502257, -20.753234 ], [ -55.514201, -20.741348 ], [ -55.527164, -20.740393 ], [ -55.530005, -20.728528 ], [ -55.523257, -20.71211 ], [ -55.52722, -20.700984 ], [ -55.532552, -20.704091 ], [ -55.533749, -20.696248 ], [ -55.5412, -20.696737 ], [ -55.543179, -20.686987 ], [ -55.547785, -20.688884 ], [ -55.552552, -20.684416 ], [ -55.549794, -20.672188 ], [ -55.558668, -20.66704 ], [ -55.562568, -20.657898 ], [ -55.555584, -20.653858 ], [ -55.556079, -20.642857 ], [ -55.561007, -20.637613 ], [ -55.567886, -20.639089 ], [ -55.575225, -20.631944 ], [ -55.573792, -20.626142 ], [ -55.580337, -20.6267 ], [ -55.585786, -20.608003 ], [ -55.585054, -20.590577 ], [ -55.578921, -20.5834 ], [ -55.582635, -20.576248 ], [ -55.578245, -20.554795 ], [ -55.567082, -20.544731 ], [ -55.580981, -20.540073 ], [ -55.574322, -20.52096 ], [ -55.585624, -20.510576 ], [ -55.602672, -20.519002 ], [ -55.607715, -20.509456 ], [ -55.604641, -20.502958 ], [ -55.609652, -20.496648 ], [ -55.621476, -20.498868 ], [ -55.644869, -20.481327 ], [ -55.654157, -20.488144 ], [ -55.666219, -20.485038 ], [ -55.679217, -20.475083 ], [ -55.686625, -20.482743 ], [ -55.736455, -20.486406 ], [ -55.741183, -20.489921 ], [ -55.74846, -20.486923 ], [ -55.752742, -20.491886 ], [ -55.769039, -20.488175 ], [ -55.776616, -20.493937 ], [ -55.781497, -20.487615 ], [ -55.798053, -20.481795 ], [ -55.809106, -20.468942 ], [ -55.828461, -20.471904 ], [ -55.832777, -20.460408 ], [ -56.101959, -20.418984 ], [ -56.181597, -20.433807 ], [ -56.179692, -20.445208 ], [ -56.149821, -20.453732 ], [ -56.144592, -20.49419 ], [ -56.133756, -20.50031 ], [ -56.139412, -20.545378 ], [ -56.13779, -20.575635 ], [ -56.128766, -20.606392 ], [ -56.140201, -20.620087 ], [ -56.158458, -20.620237 ], [ -56.14975, -20.624961 ], [ -56.148687, -20.631132 ], [ -56.154817, -20.640401 ], [ -56.147106, -20.650855 ], [ -56.150687, -20.659254 ], [ -56.163874, -20.662295 ], [ -56.163783, -20.669629 ], [ -56.14682, -20.670065 ], [ -56.13531, -20.68245 ], [ -56.12997, -20.682543 ], [ -56.130673, -20.689427 ], [ -56.140863, -20.691772 ], [ -56.136706, -20.70426 ], [ -56.128132, -20.710659 ], [ -56.128303, -20.718228 ], [ -56.134505, -20.72438 ], [ -56.130361, -20.728323 ], [ -56.124335, -20.725047 ], [ -56.116332, -20.727763 ], [ -56.117651, -20.740951 ], [ -56.106812, -20.739956 ], [ -56.089705, -20.765999 ], [ -56.074162, -20.762544 ], [ -56.0739, -20.768108 ], [ -56.066276, -20.769238 ], [ -56.055528, -20.761055 ], [ -56.05123, -20.76529 ], [ -56.039857, -20.766033 ], [ -56.034284, -20.774832 ], [ -56.035621, -20.781571 ], [ -56.029643, -20.781698 ], [ -56.029637, -20.785871 ], [ -56.024299, -20.784429 ], [ -56.023812, -20.772641 ], [ -56.016446, -20.778166 ], [ -56.008244, -20.775234 ], [ -56.010546, -20.792986 ], [ -56.001631, -20.792459 ], [ -56.008759, -20.801751 ], [ -56.005272, -20.805282 ], [ -55.967934, -20.81967 ], [ -55.953774, -20.816375 ], [ -55.938462, -20.82169 ], [ -55.917732, -20.808339 ], [ -55.886988, -20.804753 ], [ -55.87097, -20.786266 ], [ -55.871066, -20.775806 ], [ -55.861156, -20.766576 ], [ -55.855383, -20.767886 ], [ -55.845712, -20.755008 ], [ -55.845566, -20.733351 ], [ -55.788393, -20.747395 ], [ -55.777702, -20.763865 ], [ -55.770692, -20.764228 ], [ -55.764879, -20.757433 ], [ -55.754562, -20.754544 ], [ -55.747521, -20.758845 ], [ -55.748886, -20.762682 ], [ -55.739739, -20.763291 ], [ -55.737787, -20.77472 ], [ -55.730168, -20.775696 ], [ -55.727512, -20.790776 ], [ -55.718412, -20.797274 ], [ -55.724579, -20.808186 ], [ -55.719756, -20.817675 ], [ -55.726209, -20.824738 ], [ -55.706453, -20.835118 ], [ -55.711346, -20.846242 ], [ -55.708327, -20.844811 ], [ -55.707592, -20.853162 ], [ -55.693531, -20.872157 ], [ -55.686528, -20.917906 ], [ -55.673818, -20.922799 ], [ -55.672941, -20.928449 ], [ -55.66022, -20.931774 ], [ -55.659621, -20.93741 ], [ -55.650831, -20.936863 ], [ -55.620949, -20.975277 ], [ -55.608088, -20.976653 ], [ -55.597781, -20.986788 ], [ -55.591267, -20.985697 ], [ -55.58456, -20.997539 ], [ -55.579159, -20.995534 ], [ -55.580314, -20.992445 ], [ -55.573085, -20.994168 ], [ -55.570369, -20.990825 ], [ -55.562424, -20.995743 ], [ -55.556214, -20.990817 ], [ -55.511387, -20.995894 ], [ -55.488799, -21.020882 ], [ -55.4733, -21.019412 ], [ -55.457611, -21.028421 ], [ -55.454636, -21.035234 ], [ -55.442913, -21.035748 ], [ -55.443013, -21.042149 ], [ -55.436402, -21.041249 ], [ -55.436811, -21.0491 ], [ -55.427041, -21.048847 ], [ -55.425073, -21.056954 ], [ -55.423067, -21.052014 ], [ -55.418614, -21.054552 ], [ -55.409038, -21.047224 ], [ -55.390405, -21.048314 ], [ -55.364226, -21.034978 ], [ -55.353394, -21.034455 ] ] ] } },
{ "type": "Feature", "properties": { "CD_MUN": "5000609", "NM_MUN": "Amambai", "SIGLA_UF": "MS", "AREA_KM2": 4193.742 }, "geometry": { "type": "Polygon", "coordinates": [ [ [ -54.881657, -23.442731 ], [ -54.864606, -23.408882 ], [ -54.836759, -23.387713 ], [ -54.8402, -23.357496 ], [ -54.815289, -23.306412 ], [ -54.78969, -23.306014 ], [ -54.77163, -23.290654 ], [ -54.762204, -23.294344 ], [ -54.731853, -23.293686 ], [ -54.707087, -23.286891 ], [ -54.672084, -23.311322 ], [ -54.661057, -23.29195 ], [ -54.648596, -23.28625 ], [ -54.643503, -23.27478 ], [ -54.653076, -23.263883 ], [ -54.655375, -23.232353 ], [ -54.661892, -23.214901 ], [ -54.654587, -23.185825 ], [ -54.634165, -23.163767 ], [ -54.590566, -23.156022 ], [ -54.559007, -23.126505 ], [ -54.543908, -23.117441 ], [ -54.521908, -23.112272 ], [ -54.512773, -23.103162 ], [ -54.509234, -23.087565 ], [ -54.497158, -23.080531 ], [ -54.498112, -23.074016 ], [ -54.478056, -23.063379 ], [ -54.470511, -23.050075 ], [ -54.475805, -23.049382 ], [ -54.4737, -23.039911 ], [ -54.482922, -23.03926 ], [ -54.490624, -23.030239 ], [ -54.502006, -23.02578 ], [ -54.49938, -23.022171 ], [ -54.503184, -23.015969 ], [ -54.511059, -23.015217 ], [ -54.511762, -23.008298 ], [ -54.522927, -23.000383 ], [ -54.517067, -22.991734 ], [ -54.532224, -22.986486 ], [ -54.532574, -22.969198 ], [ -54.541879, -22.968651 ], [ -54.557576, -22.977573 ], [ -54.556904, -22.971035 ], [ -54.562124, -22.975207 ], [ -54.564679, -22.971143 ], [ -54.574788, -22.971937 ], [ -54.5824, -22.967064 ], [ -54.583275, -22.953184 ], [ -54.594969, -22.949128 ], [ -54.613222, -22.93 ], [ -54.629019, -22.921572 ], [ -54.641739, -22.932087 ], [ -54.647029, -22.915431 ], [ -54.661346, -22.917459 ], [ -54.662957, -22.905119 ], [ -54.668328, -22.906408 ], [ -54.694362, -22.887593 ], [ -54.700881, -22.895911 ], [ -54.716192, -22.8918 ], [ -54.72717, -22.894794 ], [ -54.732982, -22.887635 ], [ -54.737607, -22.891273 ], [ -54.753561, -22.886616 ], [ -54.766676, -22.889643 ], [ -54.784051, -22.884244 ], [ -54.786388, -22.879433 ], [ -54.799768, -22.884866 ], [ -54.800552, -22.874757 ], [ -54.810626, -22.875283 ], [ -54.81252, -22.871692 ], [ -54.828018, -22.882106 ], [ -54.834281, -22.877639 ], [ -54.841005, -22.889509 ], [ -54.844338, -22.885529 ], [ -54.848661, -22.888464 ], [ -54.855504, -22.883583 ], [ -54.866199, -22.883629 ], [ -54.872648, -22.875772 ], [ -54.874838, -22.884204 ], [ -54.906721, -22.893798 ], [ -54.904673, -22.911096 ], [ -54.913916, -22.909644 ], [ -54.921809, -22.915878 ], [ -54.922981, -22.924713 ], [ -54.933802, -22.921727 ], [ -54.951417, -22.926755 ], [ -54.955489, -22.920241 ], [ -54.959264, -22.929319 ], [ -54.951506, -22.936257 ], [ -54.968381, -22.947539 ], [ -54.977523, -22.94428 ], [ -54.97926, -22.928499 ], [ -54.986512, -22.926601 ], [ -54.983008, -22.912533 ], [ -54.989782, -22.913415 ], [ -54.991061, -22.906224 ], [ -55.004572, -22.914415 ], [ -55.019696, -22.910696 ], [ -55.035386, -22.92575 ], [ -55.040979, -22.918373 ], [ -55.047551, -22.92632 ], [ -55.05633, -22.915419 ], [ -55.07438, -22.916899 ], [ -55.069195, -22.92588 ], [ -55.080697, -22.931687 ], [ -55.088236, -22.928223 ], [ -55.090378, -22.932913 ], [ -55.106154, -22.933572 ], [ -55.113725, -22.927062 ], [ -55.127231, -22.934631 ], [ -55.131412, -22.932988 ], [ -55.138641, -22.94026 ], [ -55.142988, -22.934174 ], [ -55.153402, -22.942476 ], [ -55.162831, -22.930909 ], [ -55.17382, -22.932301 ], [ -55.181068, -22.927279 ], [ -55.188241, -22.93281 ], [ -55.196384, -22.931145 ], [ -55.201372, -22.943231 ], [ -55.228557, -22.944218 ], [ -55.231054, -22.950934 ], [ -55.236747, -22.945717 ], [ -55.239529, -22.95219 ], [ -55.248639, -22.953877 ], [ -55.25363, -22.94973 ], [ -55.263637, -22.963378 ], [ -55.26926, -22.95856 ], [ -55.284746, -22.959076 ], [ -55.285249, -22.9636 ], [ -55.296636, -22.969903 ], [ -55.301267, -22.99291 ], [ -55.30945, -22.986711 ], [ -55.317878, -22.989621 ], [ -55.313714, -22.990959 ], [ -55.315632, -22.994338 ], [ -55.325555, -22.988621 ], [ -55.330857, -22.992295 ], [ -55.337488, -22.988898 ], [ -55.355192, -22.999647 ], [ -55.357077, -23.005793 ], [ -55.364443, -23.006436 ], [ -55.365642, -23.011544 ], [ -55.378626, -23.013067 ], [ -55.378624, -23.021302 ], [ -55.392408, -23.021405 ], [ -55.392759, -23.027063 ], [ -55.402234, -23.022409 ], [ -55.413885, -23.031547 ], [ -55.413315, -23.038837 ], [ -55.416996, -23.036811 ], [ -55.424811, -23.041272 ], [ -55.419669, -23.046766 ], [ -55.426272, -23.052726 ], [ -55.422924, -23.05728 ], [ -55.428198, -23.058015 ], [ -55.429377, -23.064744 ], [ -55.424565, -23.067926 ], [ -55.427847, -23.067951 ], [ -55.426233, -23.072392 ], [ -55.420548, -23.074296 ], [ -55.430249, -23.077986 ], [ -55.430534, -23.081803 ], [ -55.426766, -23.081013 ], [ -55.434439, -23.091772 ], [ -55.432694, -23.102482 ], [ -55.421234, -23.128762 ], [ -55.402312, -23.148273 ], [ -55.382776, -23.180478 ], [ -55.37327, -23.207903 ], [ -55.358516, -23.220073 ], [ -55.355636, -23.239882 ], [ -55.341582, -23.261331 ], [ -55.319189, -23.27266 ], [ -55.310022, -23.27268 ], [ -55.299231, -23.284287 ], [ -55.275538, -23.289199 ], [ -55.259229, -23.302829 ], [ -55.249428, -23.301903 ], [ -55.241466, -23.315149 ], [ -55.230365, -23.319746 ], [ -55.227016, -23.315338 ], [ -55.221344, -23.327161 ], [ -55.212392, -23.329325 ], [ -55.214759, -23.331691 ], [ -55.208455, -23.338338 ], [ -55.200859, -23.335387 ], [ -55.190147, -23.34789 ], [ -55.169334, -23.357768 ], [ -55.165163, -23.356066 ], [ -55.153563, -23.371087 ], [ -55.15521, -23.382154 ], [ -55.14543, -23.409553 ], [ -55.109337, -23.439386 ], [ -55.0883, -23.471176 ], [ -55.080847, -23.471219 ], [ -55.072344, -23.480013 ], [ -55.052879, -23.488759 ], [ -55.033252, -23.490531 ], [ -55.020552, -23.496766 ], [ -55.005851, -23.512672 ], [ -54.997485, -23.514292 ], [ -54.975481, -23.531286 ], [ -54.969299, -23.54218 ], [ -54.931989, -23.557045 ], [ -54.921637, -23.566772 ], [ -54.903604, -23.558041 ], [ -54.88355, -23.554839 ], [ -54.8815, -23.550188 ], [ -54.879376, -23.553114 ], [ -54.862679, -23.548975 ], [ -54.835389, -23.553275 ], [ -54.813654, -23.54755 ], [ -54.813636, -23.538794 ], [ -54.828621, -23.523033 ], [ -54.843178, -23.492086 ], [ -54.846727, -23.482404 ], [ -54.842314, -23.474832 ], [ -54.852109, -23.470679 ], [ -54.870013, -23.445864 ], [ -54.881657, -23.442731 ] ] ] } },
{ "type": "Feature", "properties": { "CD_MUN": "5007976", "NM_MUN": "Taquarussu", "SIGLA_UF": "MS", "AREA_KM2": 1052.232 }, "geometry": { "type": "Polygon", "coordinates": [ [ [ -53.655635, -22.981716 ], [ -53.64682, -22.989468 ], [ -53.640697, -23.004397 ], [ -53.634002, -23.003385 ], [ -53.607423, -22.951333 ], [ -53.58931, -22.936237 ], [ -53.570771, -22.928491 ], [ -53.546827, -22.890096 ], [ -53.484761, -22.863854 ], [ -53.429651, -22.832955 ], [ -53.404147, -22.808781 ], [ -53.377532, -22.803234 ], [ -53.359508, -22.779556 ], [ -53.327364, -22.764565 ], [ -53.336456, -22.752273 ], [ -53.346948, -22.752153 ], [ -53.342117, -22.738518 ], [ -53.328376, -22.729129 ], [ -53.294303, -22.723836 ], [ -53.287797, -22.712899 ], [ -53.285259, -22.696391 ], [ -53.275599, -22.685203 ], [ -53.274289, -22.667792 ], [ -53.274585, -22.649085 ], [ -53.280909, -22.642011 ], [ -53.27819, -22.606355 ], [ -53.28167, -22.575532 ], [ -53.288529, -22.559874 ], [ -53.308157, -22.538433 ], [ -53.314749, -22.514553 ], [ -53.313831, -22.498916 ], [ -53.325188, -22.489798 ], [ -53.331522, -22.472554 ], [ -53.338954, -22.359298 ], [ -53.35616, -22.333956 ], [ -53.500046, -22.584557 ], [ -53.498153, -22.603546 ], [ -53.514361, -22.600156 ], [ -53.523848, -22.608364 ], [ -53.52404, -22.614731 ], [ -53.512524, -22.6319 ], [ -53.541181, -22.652727 ], [ -53.553551, -22.649504 ], [ -53.558298, -22.659497 ], [ -53.561997, -22.680801 ], [ -53.546741, -22.690749 ], [ -53.548914, -22.707895 ], [ -53.53488, -22.718352 ], [ -53.54209, -22.735975 ], [ -53.540863, -22.743667 ], [ -53.534913, -22.744067 ], [ -53.524998, -22.736347 ], [ -53.519473, -22.743605 ], [ -53.525004, -22.755859 ], [ -53.493678, -22.74652 ], [ -53.488432, -22.748796 ], [ -53.487311, -22.758947 ], [ -53.493474, -22.763278 ], [ -53.50572, -22.76276 ], [ -53.524864, -22.793477 ], [ -53.560459, -22.810774 ], [ -53.568341, -22.835312 ], [ -53.587594, -22.84194 ], [ -53.612508, -22.859925 ], [ -53.622398, -22.901998 ], [ -53.651598, -22.918686 ], [ -53.649191, -22.956862 ], [ -53.655635, -22.981716 ] ] ] } },
{ "type": "Feature", "properties": { "CD_MUN": "5007950", "NM_MUN": "Tacuru", "SIGLA_UF": "MS", "AREA_KM2": 1784.207 }, "geometry": { "type": "Polygon", "coordinates": [ [ [ -54.828024, -23.803682 ], [ -54.797292, -23.793209 ], [ -54.795772, -23.7872 ], [ -54.799507, -23.785863 ], [ -54.790561, -23.777951 ], [ -54.786151, -23.783231 ], [ -54.786737, -23.777628 ], [ -54.776015, -23.779919 ], [ -54.757515, -23.763012 ], [ -54.740894, -23.763727 ], [ -54.742319, -23.759605 ], [ -54.733861, -23.750581 ], [ -54.724796, -23.749846 ], [ -54.728876, -23.746223 ], [ -54.719864, -23.741325 ], [ -54.720486, -23.736639 ], [ -54.715796, -23.736957 ], [ -54.717969, -23.733747 ], [ -54.710471, -23.737252 ], [ -54.70878, -23.730751 ], [ -54.703576, -23.73276 ], [ -54.70016, -23.728056 ], [ -54.69387, -23.731188 ], [ -54.690388, -23.727936 ], [ -54.684206, -23.730916 ], [ -54.678188, -23.724979 ], [ -54.665405, -23.729032 ], [ -54.661917, -23.722642 ], [ -54.649314, -23.721003 ], [ -54.651623, -23.708373 ], [ -54.660457, -23.697731 ], [ -54.658855, -23.67976 ], [ -54.66728, -23.667434 ], [ -54.664702, -23.665421 ], [ -54.673967, -23.657802 ], [ -54.670048, -23.653157 ], [ -54.690656, -23.636652 ], [ -54.688286, -23.633973 ], [ -54.689004, -23.631855 ], [ -54.690902, -23.635112 ], [ -54.702078, -23.625548 ], [ -54.70121, -23.619765 ], [ -54.708426, -23.618508 ], [ -54.718559, -23.603233 ], [ -54.729875, -23.600571 ], [ -54.731756, -23.592516 ], [ -54.748248, -23.578507 ], [ -54.757986, -23.580566 ], [ -54.77245, -23.575689 ], [ -54.796871, -23.55243 ], [ -54.81268, -23.546214 ], [ -54.835389, -23.553275 ], [ -54.862679, -23.548975 ], [ -54.879376, -23.553114 ], [ -54.8815, -23.550188 ], [ -54.88355, -23.554839 ], [ -54.903604, -23.558041 ], [ -54.921637, -23.566772 ], [ -54.931989, -23.557045 ], [ -54.968794, -23.542474 ], [ -54.975481, -23.531286 ], [ -54.997485, -23.514292 ], [ -55.005851, -23.512672 ], [ -55.020458, -23.496821 ], [ -55.033252, -23.490531 ], [ -55.052879, -23.488759 ], [ -55.072344, -23.480013 ], [ -55.080847, -23.471219 ], [ -55.088375, -23.471118 ], [ -55.109337, -23.439386 ], [ -55.145385, -23.409614 ], [ -55.150772, -23.387894 ], [ -55.159823, -23.376425 ], [ -55.203024, -23.399356 ], [ -55.271889, -23.570279 ], [ -55.270831, -23.583702 ], [ -55.268731, -23.589078 ], [ -55.255182, -23.595717 ], [ -55.253007, -23.604552 ], [ -55.243393, -23.613887 ], [ -55.24245, -23.626287 ], [ -55.246346, -23.631093 ], [ -55.241232, -23.644039 ], [ -55.228138, -23.650725 ], [ -55.220429, -23.664597 ], [ -55.201435, -23.668093 ], [ -55.184065, -23.681299 ], [ -55.174139, -23.699538 ], [ -55.175395, -23.721678 ], [ -55.166184, -23.735717 ], [ -55.13704, -23.74759 ], [ -55.13012, -23.746535 ], [ -55.133962, -23.773983 ], [ -55.124377, -23.775256 ], [ -55.118615, -23.782175 ], [ -55.111379, -23.780438 ], [ -55.105928, -23.797135 ], [ -55.09414, -23.803246 ], [ -55.091937, -23.813634 ], [ -55.080743, -23.822376 ], [ -55.08194, -23.82888 ], [ -55.074649, -23.834676 ], [ -55.076175, -23.841772 ], [ -55.061038, -23.838338 ], [ -55.054186, -23.844579 ], [ -55.044941, -23.839245 ], [ -55.033937, -23.856594 ], [ -55.025744, -23.857637 ], [ -55.024692, -23.853179 ], [ -55.020831, -23.862217 ], [ -55.014569, -23.860553 ], [ -55.015605, -23.865792 ], [ -54.998991, -23.874345 ], [ -54.996971, -23.878132 ], [ -55.004417, -23.888333 ], [ -54.997499, -23.892637 ], [ -54.984625, -23.880446 ], [ -54.985015, -23.874373 ], [ -54.975235, -23.874263 ], [ -54.965418, -23.8653 ], [ -54.962661, -23.847582 ], [ -54.951058, -23.853155 ], [ -54.951921, -23.846593 ], [ -54.944723, -23.845678 ], [ -54.942155, -23.839452 ], [ -54.92393, -23.843695 ], [ -54.92162, -23.837856 ], [ -54.913721, -23.837651 ], [ -54.899907, -23.823903 ], [ -54.879157, -23.834353 ], [ -54.870914, -23.827405 ], [ -54.869248, -23.819571 ], [ -54.855548, -23.818578 ], [ -54.839718, -23.809667 ], [ -54.831496, -23.81105 ], [ -54.828024, -23.803682 ] ] ] } },
{ "type": "Feature", "properties": { "CD_MUN": "5008008", "NM_MUN": "Terenos", "SIGLA_UF": "MS", "AREA_KM2": 2845.653 }, "geometry": { "type": "Polygon", "coordinates": [ [ [ -54.895424, -20.766736 ], [ -54.87836, -20.764271 ], [ -54.869286, -20.783562 ], [ -54.835332, -20.774915 ], [ -54.823404, -20.778328 ], [ -54.816299, -20.740769 ], [ -54.826849, -20.740764 ], [ -54.842489, -20.687742 ], [ -54.814467, -20.661176 ], [ -54.807126, -20.657986 ], [ -54.796812, -20.662374 ], [ -54.784836, -20.63062 ], [ -54.767385, -20.614754 ], [ -54.78125, -20.598386 ], [ -54.790624, -20.572799 ], [ -54.796508, -20.571588 ], [ -54.79398, -20.549042 ], [ -54.800172, -20.520392 ], [ -54.791606, -20.502545 ], [ -54.775717, -20.486782 ], [ -54.762762, -20.481422 ], [ -54.762745, -20.326177 ], [ -54.769465, -20.315891 ], [ -54.779783, -20.315302 ], [ -54.778048, -20.305589 ], [ -54.79253, -20.310743 ], [ -54.816152, -20.302656 ], [ -54.821192, -20.29821 ], [ -54.816067, -20.293764 ], [ -54.821081, -20.290681 ], [ -54.820462, -20.282694 ], [ -54.83078, -20.285777 ], [ -54.849068, -20.27699 ], [ -54.854731, -20.280761 ], [ -54.856917, -20.274735 ], [ -54.865333, -20.274579 ], [ -54.879535, -20.26581 ], [ -54.889783, -20.267606 ], [ -54.894347, -20.256396 ], [ -54.904953, -20.247857 ], [ -54.923211, -20.248016 ], [ -54.917627, -20.243304 ], [ -54.917362, -20.231123 ], [ -54.922476, -20.22858 ], [ -54.913807, -20.212599 ], [ -54.915183, -20.196256 ], [ -54.930069, -20.191157 ], [ -54.934745, -20.195916 ], [ -54.937559, -20.187175 ], [ -54.944579, -20.184805 ], [ -54.941304, -20.181007 ], [ -54.945824, -20.174421 ], [ -54.9537, -20.173505 ], [ -54.960804, -20.166465 ], [ -54.973597, -20.173161 ], [ -54.975187, -20.168431 ], [ -54.97806, -20.171671 ], [ -54.988793, -20.163248 ], [ -54.994461, -20.164403 ], [ -54.994602, -20.157394 ], [ -54.99915, -20.162677 ], [ -55.009567, -20.160977 ], [ -55.006239, -20.156726 ], [ -55.009924, -20.155213 ], [ -55.038453, -20.159989 ], [ -55.041919, -20.156408 ], [ -55.062415, -20.165906 ], [ -55.069533, -20.154192 ], [ -55.077626, -20.1606 ], [ -55.084104, -20.153978 ], [ -55.095559, -20.156332 ], [ -55.105833, -20.148823 ], [ -55.132349, -20.156701 ], [ -55.135379, -20.144677 ], [ -55.146195, -20.147561 ], [ -55.172719, -20.166977 ], [ -55.201343, -20.177955 ], [ -55.201205, -20.189961 ], [ -55.217536, -20.18785 ], [ -55.216947, -20.201265 ], [ -55.229489, -20.202038 ], [ -55.233014, -20.212996 ], [ -55.242537, -20.215908 ], [ -55.245101, -20.225535 ], [ -55.254918, -20.230367 ], [ -55.254932, -20.246377 ], [ -55.272485, -20.244223 ], [ -55.268189, -20.249509 ], [ -55.268965, -20.268289 ], [ -55.263923, -20.272712 ], [ -55.270266, -20.278018 ], [ -55.271323, -20.286209 ], [ -55.24949, -20.283871 ], [ -55.242886, -20.300483 ], [ -55.253269, -20.309501 ], [ -55.246754, -20.322733 ], [ -55.263424, -20.337944 ], [ -55.279039, -20.322129 ], [ -55.292178, -20.321717 ], [ -55.297801, -20.323435 ], [ -55.295228, -20.337651 ], [ -55.315534, -20.339594 ], [ -55.319983, -20.336244 ], [ -55.319665, -20.326173 ], [ -55.345712, -20.315368 ], [ -55.349729, -20.325444 ], [ -55.340816, -20.337932 ], [ -55.341495, -20.347155 ], [ -55.345648, -20.350527 ], [ -55.355662, -20.347047 ], [ -55.358234, -20.365201 ], [ -55.350256, -20.377047 ], [ -55.355951, -20.387275 ], [ -55.36792, -20.394235 ], [ -55.369386, -20.402096 ], [ -55.387758, -20.409472 ], [ -55.391154, -20.432107 ], [ -55.383157, -20.434494 ], [ -55.377343, -20.443038 ], [ -55.379279, -20.447552 ], [ -55.360178, -20.437452 ], [ -55.353324, -20.447181 ], [ -55.349565, -20.443107 ], [ -55.35634, -20.429559 ], [ -55.349337, -20.428267 ], [ -55.346432, -20.433503 ], [ -55.34581, -20.420752 ], [ -55.336685, -20.416421 ], [ -55.335855, -20.409216 ], [ -55.324172, -20.404595 ], [ -55.306849, -20.413385 ], [ -55.309523, -20.422351 ], [ -55.304776, -20.429965 ], [ -55.28658, -20.441719 ], [ -55.28401, -20.44894 ], [ -55.27142, -20.450337 ], [ -55.275259, -20.45215 ], [ -55.270739, -20.454782 ], [ -55.273659, -20.465603 ], [ -55.269956, -20.478394 ], [ -55.265056, -20.476512 ], [ -55.261691, -20.484505 ], [ -55.257028, -20.479044 ], [ -55.252129, -20.480921 ], [ -55.24943, -20.488868 ], [ -55.256433, -20.503435 ], [ -55.252688, -20.507626 ], [ -55.24925, -20.505669 ], [ -55.250249, -20.513189 ], [ -55.235821, -20.51841 ], [ -55.240605, -20.527159 ], [ -55.234168, -20.536056 ], [ -55.228933, -20.535061 ], [ -55.213564, -20.548509 ], [ -55.212231, -20.554601 ], [ -55.216747, -20.557305 ], [ -55.211547, -20.569604 ], [ -55.20623, -20.570735 ], [ -55.204655, -20.587217 ], [ -55.193071, -20.584655 ], [ -55.19272, -20.590672 ], [ -55.185434, -20.592239 ], [ -55.184439, -20.598408 ], [ -55.175871, -20.604025 ], [ -55.160228, -20.601752 ], [ -55.127396, -20.625575 ], [ -55.117345, -20.623088 ], [ -55.115236, -20.635288 ], [ -55.105893, -20.648532 ], [ -55.091494, -20.653287 ], [ -55.09413, -20.659163 ], [ -55.082468, -20.670471 ], [ -55.089103, -20.675089 ], [ -55.083735, -20.677801 ], [ -55.084567, -20.688431 ], [ -55.079862, -20.689198 ], [ -55.084998, -20.695794 ], [ -55.076031, -20.698541 ], [ -55.081515, -20.702689 ], [ -55.077999, -20.708931 ], [ -55.082402, -20.719435 ], [ -55.071676, -20.721658 ], [ -55.072233, -20.730859 ], [ -55.065844, -20.742553 ], [ -55.043302, -20.75119 ], [ -55.0303, -20.74886 ], [ -54.997475, -20.757684 ], [ -54.993303, -20.764746 ], [ -54.983005, -20.765628 ], [ -54.975329, -20.77604 ], [ -54.964773, -20.776971 ], [ -54.954416, -20.768579 ], [ -54.943402, -20.773293 ], [ -54.935725, -20.782936 ], [ -54.907991, -20.783068 ], [ -54.895424, -20.766736 ] ] ] } },
{ "type": "Feature", "properties": { "CD_MUN": "5000252", "NM_MUN": "Alcinópolis", "SIGLA_UF": "MS", "AREA_KM2": 4397.518 }, "geometry": { "type": "Polygon", "coordinates": [ [ [ -54.174657, -18.346244 ], [ -54.170565, -18.341165 ], [ -54.139878, -18.331133 ], [ -54.126348, -18.335219 ], [ -54.116885, -18.350416 ], [ -54.091094, -18.355567 ], [ -54.086286, -18.403709 ], [ -54.09235, -18.413638 ], [ -54.078821, -18.446559 ], [ -54.085937, -18.464813 ], [ -54.076071, -18.496649 ], [ -54.080195, -18.516928 ], [ -54.069647, -18.514863 ], [ -54.066943, -18.505326 ], [ -54.056924, -18.50176 ], [ -54.057345, -18.489271 ], [ -54.050952, -18.48918 ], [ -54.04513, -18.494837 ], [ -54.044961, -18.502355 ], [ -54.036503, -18.5037 ], [ -54.030774, -18.511975 ], [ -54.008106, -18.526478 ], [ -54.004057, -18.53599 ], [ -53.98135, -18.542952 ], [ -53.965833, -18.525843 ], [ -53.930451, -18.522689 ], [ -53.921924, -18.529901 ], [ -53.906433, -18.511666 ], [ -53.902499, -18.511869 ], [ -53.899977, -18.503909 ], [ -53.881716, -18.506143 ], [ -53.878654, -18.503453 ], [ -53.880555, -18.48952 ], [ -53.874964, -18.488261 ], [ -53.871683, -18.481208 ], [ -53.863858, -18.484122 ], [ -53.866024, -18.476498 ], [ -53.852249, -18.467582 ], [ -53.851171, -18.461068 ], [ -53.840706, -18.458398 ], [ -53.834466, -18.46125 ], [ -53.833044, -18.466752 ], [ -53.814245, -18.479026 ], [ -53.815845, -18.470811 ], [ -53.810701, -18.468194 ], [ -53.805932, -18.475071 ], [ -53.793761, -18.474832 ], [ -53.797356, -18.483263 ], [ -53.786141, -18.481861 ], [ -53.783307, -18.485616 ], [ -53.773442, -18.474003 ], [ -53.780833, -18.467588 ], [ -53.773105, -18.464082 ], [ -53.768561, -18.46763 ], [ -53.762105, -18.45442 ], [ -53.752078, -18.455026 ], [ -53.75065, -18.449352 ], [ -53.746523, -18.452689 ], [ -53.739344, -18.451049 ], [ -53.739619, -18.447164 ], [ -53.727718, -18.456306 ], [ -53.711719, -18.446346 ], [ -53.699557, -18.451176 ], [ -53.699745, -18.446818 ], [ -53.68856, -18.445815 ], [ -53.657188, -18.452624 ], [ -53.655754, -18.458113 ], [ -53.650227, -18.458234 ], [ -53.647277, -18.453464 ], [ -53.642486, -18.451735 ], [ -53.638173, -18.455747 ], [ -53.631219, -18.447207 ], [ -53.622554, -18.449995 ], [ -53.606859, -18.440199 ], [ -53.600289, -18.44273 ], [ -53.589593, -18.437254 ], [ -53.566412, -18.43732 ], [ -53.556811, -18.4333 ], [ -53.545741, -18.418969 ], [ -53.524723, -18.416823 ], [ -53.521281, -18.407866 ], [ -53.507626, -18.409215 ], [ -53.498916, -18.401316 ], [ -53.490286, -18.405943 ], [ -53.487037, -18.415727 ], [ -53.482939, -18.409375 ], [ -53.45644, -18.400448 ], [ -53.453156, -18.390959 ], [ -53.435746, -18.38419 ], [ -53.448895, -18.350623 ], [ -53.430867, -18.32854 ], [ -53.446435, -18.309585 ], [ -53.449566, -18.289981 ], [ -53.461623, -18.27861 ], [ -53.455107, -18.269203 ], [ -53.44406, -18.264424 ], [ -53.439476, -18.254034 ], [ -53.400219, -18.239975 ], [ -53.39111, -18.240584 ], [ -53.363081, -18.256384 ], [ -53.352076, -18.253611 ], [ -53.347495, -18.25702 ], [ -53.330284, -18.239175 ], [ -53.33129, -18.234816 ], [ -53.340071, -18.233041 ], [ -53.344186, -18.225816 ], [ -53.375457, -18.209126 ], [ -53.379444, -18.203125 ], [ -53.372707, -18.199334 ], [ -53.363638, -18.201057 ], [ -53.357743, -18.193995 ], [ -53.329564, -18.209589 ], [ -53.314262, -18.209468 ], [ -53.294387, -18.197195 ], [ -53.286993, -18.182902 ], [ -53.278932, -18.180805 ], [ -53.265282, -18.164412 ], [ -53.24888, -18.159993 ], [ -53.234994, -18.138629 ], [ -53.222365, -18.13068 ], [ -53.22547, -18.066182 ], [ -53.236316, -18.05134 ], [ -53.237309, -18.008175 ], [ -53.299174, -17.995482 ], [ -53.332346, -18.001558 ], [ -53.342595, -18.008291 ], [ -53.380771, -18.008757 ], [ -53.40138, -17.993408 ], [ -53.411267, -17.993222 ], [ -53.412633, -17.98849 ], [ -53.41788, -17.994796 ], [ -53.421327, -17.985789 ], [ -53.425574, -17.989289 ], [ -53.430408, -17.983991 ], [ -53.436488, -17.986746 ], [ -53.439017, -17.983927 ], [ -53.440606, -17.989342 ], [ -53.450319, -17.992578 ], [ -53.449187, -17.998809 ], [ -53.457294, -17.999699 ], [ -53.458291, -18.016932 ], [ -53.466379, -18.02435 ], [ -53.46785, -18.034893 ], [ -53.486071, -18.0404 ], [ -53.499127, -18.035907 ], [ -53.501877, -18.028144 ], [ -53.513545, -18.026944 ], [ -53.517877, -18.020648 ], [ -53.529046, -18.02158 ], [ -53.547545, -18.014558 ], [ -53.556491, -18.016431 ], [ -53.557237, -18.005655 ], [ -53.564992, -18.004559 ], [ -53.575019, -18.012651 ], [ -53.584046, -18.009816 ], [ -53.589545, -18.012612 ], [ -53.589155, -18.005011 ], [ -53.606995, -17.99549 ], [ -53.61613, -17.976189 ], [ -53.628489, -17.980433 ], [ -53.634603, -17.976849 ], [ -53.661245, -17.977512 ], [ -53.662466, -17.986023 ], [ -53.677747, -17.989794 ], [ -53.679049, -17.995314 ], [ -53.690356, -18.002481 ], [ -53.692188, -18.013676 ], [ -53.700577, -18.00582 ], [ -53.715714, -18.006286 ], [ -53.719295, -17.99807 ], [ -53.726802, -18.003473 ], [ -53.733822, -17.995335 ], [ -53.774217, -18.00077 ], [ -53.786463, -17.994124 ], [ -53.793189, -17.974661 ], [ -53.797489, -17.978786 ], [ -53.798185, -17.97416 ], [ -53.804358, -17.974195 ], [ -53.805518, -17.967562 ], [ -53.808609, -17.972247 ], [ -53.81316, -17.963957 ], [ -53.810076, -17.960087 ], [ -53.819244, -17.958369 ], [ -53.821469, -17.962056 ], [ -53.824163, -17.948704 ], [ -53.830823, -17.942838 ], [ -53.835609, -17.946936 ], [ -53.837552, -17.934703 ], [ -53.842739, -17.940003 ], [ -53.84466, -17.933552 ], [ -53.850549, -17.934669 ], [ -53.850384, -17.929228 ], [ -53.860468, -17.9246 ], [ -53.860055, -17.921159 ], [ -53.87016, -17.927399 ], [ -53.872686, -17.916865 ], [ -53.876941, -17.923528 ], [ -53.88544, -17.913285 ], [ -53.898551, -17.908802 ], [ -53.905136, -17.913088 ], [ -53.901302, -17.916847 ], [ -53.911298, -17.914294 ], [ -53.922357, -17.920163 ], [ -53.932411, -17.913174 ], [ -53.938553, -17.920087 ], [ -53.945605, -17.916756 ], [ -53.948915, -17.923424 ], [ -53.951663, -17.915791 ], [ -53.953109, -17.924391 ], [ -53.956702, -17.920918 ], [ -53.97037, -17.934681 ], [ -53.974532, -17.930171 ], [ -53.972937, -17.94041 ], [ -53.977987, -17.940815 ], [ -53.982863, -17.933757 ], [ -53.988304, -17.9425 ], [ -53.991344, -17.935981 ], [ -53.992779, -17.943016 ], [ -53.997361, -17.940006 ], [ -54.002949, -17.944177 ], [ -54.00647, -17.940784 ], [ -54.007704, -17.947535 ], [ -54.03806, -17.957796 ], [ -54.041165, -17.963647 ], [ -54.036185, -17.97258 ], [ -54.050391, -17.977146 ], [ -54.05262, -17.99236 ], [ -54.061686, -17.990349 ], [ -54.061599, -18.006761 ], [ -54.07624, -18.011972 ], [ -54.068893, -18.01698 ], [ -54.072904, -18.030063 ], [ -54.067986, -18.044201 ], [ -54.07799, -18.040404 ], [ -54.080193, -18.043981 ], [ -54.072823, -18.047422 ], [ -54.074417, -18.051603 ], [ -54.066421, -18.06302 ], [ -54.074637, -18.056202 ], [ -54.078727, -18.06334 ], [ -54.082951, -18.060222 ], [ -54.081481, -18.066046 ], [ -54.085831, -18.064967 ], [ -54.089484, -18.069596 ], [ -54.087731, -18.077618 ], [ -54.079837, -18.074349 ], [ -54.087385, -18.08174 ], [ -54.084013, -18.089061 ], [ -54.092604, -18.090255 ], [ -54.101498, -18.08487 ], [ -54.098301, -18.092392 ], [ -54.105387, -18.096373 ], [ -54.103664, -18.105045 ], [ -54.11872, -18.096154 ], [ -54.117836, -18.101584 ], [ -54.122789, -18.105187 ], [ -54.124143, -18.098912 ], [ -54.129748, -18.104471 ], [ -54.138923, -18.104382 ], [ -54.145221, -18.099518 ], [ -54.153785, -18.100355 ], [ -54.150707, -18.093279 ], [ -54.181919, -18.09398 ], [ -54.192535, -18.088969 ], [ -54.202951, -18.091464 ], [ -54.184374, -18.101914 ], [ -54.187085, -18.105482 ], [ -54.175603, -18.112084 ], [ -54.173486, -18.124027 ], [ -54.146254, -18.150937 ], [ -54.13796, -18.185485 ], [ -54.142312, -18.203335 ], [ -54.136806, -18.222792 ], [ -54.140097, -18.25164 ], [ -54.129711, -18.283646 ], [ -54.145418, -18.307064 ], [ -54.162621, -18.317352 ], [ -54.177411, -18.334037 ], [ -54.205449, -18.349998 ], [ -54.174657, -18.346244 ] ] ] } },
{ "type": "Feature", "properties": { "CD_MUN": "5008404", "NM_MUN": "Vicentina", "SIGLA_UF": "MS", "AREA_KM2": 302.542 }, "geometry": { "type": "Polygon", "coordinates": [ [ [ -54.471851, -22.507701 ], [ -54.467904, -22.567688 ], [ -54.472247, -22.591151 ], [ -54.454184, -22.621322 ], [ -54.44675, -22.619956 ], [ -54.430374, -22.625981 ], [ -54.325395, -22.392467 ], [ -54.429136, -22.352324 ], [ -54.438346, -22.372695 ], [ -54.462967, -22.363189 ], [ -54.505398, -22.457914 ], [ -54.477284, -22.494272 ], [ -54.471851, -22.507701 ] ] ] } },
{ "type": "Feature", "properties": { "CD_MUN": "5000203", "NM_MUN": "Água Clara", "SIGLA_UF": "MS", "AREA_KM2": 7781.558 }, "geometry": { "type": "Polygon", "coordinates": [ [ [ -52.499187, -20.555503 ], [ -52.512645, -20.538428 ], [ -52.529206, -20.53337 ], [ -52.541527, -20.504594 ], [ -52.565684, -20.473073 ], [ -52.583954, -20.468402 ], [ -52.587416, -20.456707 ], [ -52.598494, -20.448611 ], [ -52.621182, -20.418562 ], [ -52.62368, -20.407508 ], [ -52.676812, -20.369285 ], [ -52.723519, -20.294568 ], [ -52.736069, -20.247174 ], [ -52.726019, -20.223959 ], [ -52.70159, -20.196828 ], [ -52.70664, -20.179753 ], [ -52.726687, -20.155035 ], [ -52.736493, -20.122683 ], [ -52.735478, -20.113107 ], [ -52.729685, -20.101202 ], [ -52.698772, -20.081469 ], [ -52.692935, -20.062133 ], [ -52.707797, -20.051094 ], [ -52.708438, -20.043748 ], [ -52.715378, -20.039371 ], [ -52.718259, -20.024598 ], [ -52.712128, -20.008656 ], [ -52.725323, -19.952566 ], [ -52.727315, -19.913726 ], [ -52.724357, -19.909841 ], [ -52.730778, -19.899309 ], [ -52.73867, -19.899624 ], [ -52.743582, -19.883612 ], [ -52.784047, -19.887732 ], [ -52.801356, -19.874698 ], [ -52.77724, -19.867016 ], [ -52.704962, -19.807444 ], [ -52.684089, -19.80284 ], [ -52.645359, -19.804525 ], [ -52.614817, -19.793809 ], [ -52.608276, -19.761462 ], [ -52.594651, -19.74104 ], [ -52.595827, -19.713658 ], [ -52.590608, -19.697803 ], [ -52.571534, -19.678264 ], [ -52.552521, -19.640201 ], [ -52.532467, -19.63082 ], [ -52.508002, -19.630225 ], [ -52.476037, -19.61505 ], [ -52.476351, -19.606474 ], [ -52.482216, -19.606876 ], [ -52.494799, -19.579749 ], [ -52.503312, -19.578005 ], [ -52.511215, -19.567483 ], [ -52.504721, -19.559561 ], [ -52.511709, -19.558022 ], [ -52.52166, -19.540858 ], [ -52.51865, -19.520958 ], [ -52.52989, -19.501031 ], [ -52.519457, -19.49122 ], [ -52.528531, -19.487168 ], [ -52.528486, -19.480456 ], [ -52.540815, -19.475614 ], [ -52.556695, -19.454093 ], [ -52.564111, -19.450862 ], [ -52.566832, -19.439306 ], [ -52.575104, -19.436877 ], [ -52.571638, -19.430243 ], [ -52.576882, -19.427269 ], [ -52.573853, -19.420592 ], [ -52.576881, -19.412122 ], [ -52.58459, -19.410541 ], [ -52.621504, -19.420865 ], [ -52.624361, -19.434613 ], [ -52.65618, -19.490645 ], [ -52.669924, -19.498335 ], [ -52.693638, -19.526397 ], [ -52.705419, -19.555102 ], [ -52.735027, -19.544351 ], [ -52.740693, -19.533727 ], [ -52.756319, -19.520446 ], [ -52.763195, -19.52775 ], [ -52.784715, -19.529301 ], [ -52.811419, -19.537979 ], [ -52.821058, -19.53794 ], [ -52.829452, -19.53119 ], [ -52.840097, -19.535859 ], [ -52.86257, -19.536965 ], [ -52.876853, -19.523205 ], [ -52.889039, -19.521328 ], [ -52.887309, -19.51636 ], [ -52.904138, -19.500164 ], [ -52.926005, -19.500295 ], [ -52.936299, -19.483956 ], [ -52.965358, -19.474628 ], [ -52.983727, -19.463249 ], [ -53.011595, -19.442034 ], [ -53.019696, -19.43038 ], [ -53.071703, -19.418983 ], [ -53.098125, -19.423438 ], [ -53.093411, -19.460927 ], [ -53.140295, -19.456576 ], [ -53.327699, -19.497156 ], [ -53.346445, -19.450024 ], [ -53.383649, -19.513543 ], [ -53.410267, -19.521707 ], [ -53.457205, -19.567339 ], [ -53.482575, -19.578157 ], [ -53.484688, -19.593324 ], [ -53.474222, -19.615298 ], [ -53.479703, -19.618889 ], [ -53.482565, -19.630859 ], [ -53.478512, -19.636636 ], [ -53.488564, -19.635018 ], [ -53.481323, -19.644149 ], [ -53.486511, -19.646085 ], [ -53.487789, -19.659474 ], [ -53.49396, -19.659743 ], [ -53.493257, -19.665117 ], [ -53.487659, -19.66759 ], [ -53.495151, -19.672777 ], [ -53.489029, -19.677787 ], [ -53.490586, -19.684957 ], [ -53.485416, -19.686485 ], [ -53.488125, -19.691022 ], [ -53.467902, -19.697274 ], [ -53.463759, -19.703595 ], [ -53.457766, -19.71906 ], [ -53.463487, -19.728876 ], [ -53.449853, -19.734629 ], [ -53.449252, -19.746779 ], [ -53.43505, -19.765452 ], [ -53.431543, -19.777964 ], [ -53.420184, -19.788847 ], [ -53.411467, -19.786665 ], [ -53.405093, -19.791565 ], [ -53.405204, -19.798303 ], [ -53.388421, -19.816941 ], [ -53.382222, -19.848905 ], [ -53.37257, -19.86019 ], [ -53.367057, -19.876827 ], [ -53.343841, -19.890933 ], [ -53.336574, -19.892017 ], [ -53.329467, -19.886737 ], [ -53.322564, -19.899312 ], [ -53.314125, -19.900508 ], [ -53.314235, -19.914146 ], [ -53.298134, -19.927113 ], [ -53.298072, -19.934693 ], [ -53.28563, -19.949068 ], [ -53.288442, -19.954911 ], [ -53.275655, -19.976701 ], [ -53.257362, -19.989744 ], [ -53.259161, -20.00032 ], [ -53.254046, -20.007864 ], [ -53.239982, -20.021493 ], [ -53.231538, -20.017379 ], [ -53.223619, -20.022007 ], [ -53.20759, -20.041626 ], [ -53.189771, -20.048877 ], [ -53.179941, -20.059252 ], [ -53.173108, -20.092714 ], [ -53.152441, -20.124817 ], [ -53.151159, -20.137806 ], [ -53.137226, -20.141562 ], [ -53.117995, -20.1563 ], [ -53.11978, -20.163094 ], [ -53.109521, -20.167799 ], [ -53.10822, -20.177747 ], [ -53.095547, -20.191592 ], [ -53.08824, -20.208945 ], [ -53.093876, -20.213181 ], [ -53.098851, -20.239771 ], [ -53.08561, -20.256963 ], [ -53.083292, -20.281336 ], [ -53.073, -20.288382 ], [ -53.068712, -20.299927 ], [ -53.060412, -20.301471 ], [ -53.05526, -20.311768 ], [ -53.036408, -20.32418 ], [ -53.031646, -20.334457 ], [ -53.015154, -20.342795 ], [ -53.009675, -20.339333 ], [ -53.00746, -20.348254 ], [ -52.970649, -20.364123 ], [ -52.962397, -20.376853 ], [ -52.954489, -20.375164 ], [ -52.955571, -20.381006 ], [ -52.949271, -20.38655 ], [ -52.943315, -20.405668 ], [ -52.933851, -20.405613 ], [ -52.933125, -20.411727 ], [ -52.915114, -20.432363 ], [ -52.903183, -20.435305 ], [ -52.900456, -20.446198 ], [ -52.868587, -20.45434 ], [ -52.843734, -20.503835 ], [ -52.843714, -20.511238 ], [ -52.824126, -20.529732 ], [ -52.821712, -20.540527 ], [ -52.808877, -20.539435 ], [ -52.788099, -20.558892 ], [ -52.75877, -20.573799 ], [ -52.75363, -20.582961 ], [ -52.746589, -20.585863 ], [ -52.737883, -20.606348 ], [ -52.732133, -20.608915 ], [ -52.733507, -20.617694 ], [ -52.71811, -20.621575 ], [ -52.70845, -20.638646 ], [ -52.69835, -20.645749 ], [ -52.686642, -20.647043 ], [ -52.666933, -20.67323 ], [ -52.601728, -20.713734 ], [ -52.602306, -20.722517 ], [ -52.571109, -20.748295 ], [ -52.568327, -20.761257 ], [ -52.548764, -20.772281 ], [ -52.536131, -20.790468 ], [ -52.525084, -20.796835 ], [ -52.509266, -20.79868 ], [ -52.499428, -20.813256 ], [ -52.486575, -20.814849 ], [ -52.480335, -20.827088 ], [ -52.44963, -20.841818 ], [ -52.442189, -20.83958 ], [ -52.413897, -20.855989 ], [ -52.409169, -20.865258 ], [ -52.393221, -20.868929 ], [ -52.388418, -20.877435 ], [ -52.364293, -20.884324 ], [ -52.366404, -20.878221 ], [ -52.360451, -20.871122 ], [ -52.366766, -20.864526 ], [ -52.358208, -20.860715 ], [ -52.359281, -20.853159 ], [ -52.354735, -20.849687 ], [ -52.358871, -20.835359 ], [ -52.355099, -20.82815 ], [ -52.359818, -20.823563 ], [ -52.362554, -20.826756 ], [ -52.367001, -20.82463 ], [ -52.360111, -20.817518 ], [ -52.358087, -20.809567 ], [ -52.36308, -20.807896 ], [ -52.359952, -20.801253 ], [ -52.364798, -20.794902 ], [ -52.371315, -20.794042 ], [ -52.372117, -20.787299 ], [ -52.379133, -20.782126 ], [ -52.374641, -20.778621 ], [ -52.380937, -20.773106 ], [ -52.383571, -20.760181 ], [ -52.389439, -20.759533 ], [ -52.38994, -20.755074 ], [ -52.39481, -20.758251 ], [ -52.394466, -20.752254 ], [ -52.403843, -20.751957 ], [ -52.411595, -20.745408 ], [ -52.409046, -20.731778 ], [ -52.417456, -20.720551 ], [ -52.421183, -20.700505 ], [ -52.428194, -20.692707 ], [ -52.426134, -20.687097 ], [ -52.442503, -20.669482 ], [ -52.444028, -20.655573 ], [ -52.452046, -20.645548 ], [ -52.464945, -20.606645 ], [ -52.479669, -20.587051 ], [ -52.490976, -20.581655 ], [ -52.50007, -20.56318 ], [ -52.499187, -20.555503 ] ] ] } },
{ "type": "Feature", "properties": { "CD_MUN": "5008305", "NM_MUN": "Três Lagoas", "SIGLA_UF": "MS", "AREA_KM2": 10217.071 }, "geometry": { "type": "Polygon", "coordinates": [ [ [ -51.624288, -20.712519 ], [ -51.594148, -20.643848 ], [ -51.567632, -20.618325 ], [ -51.581271, -20.621617 ], [ -51.58321, -20.596172 ], [ -51.61422, -20.579597 ], [ -51.624594, -20.553744 ], [ -51.640438, -20.539021 ], [ -51.652448, -20.515868 ], [ -51.676118, -20.492372 ], [ -51.699479, -20.490597 ], [ -51.706472, -20.475709 ], [ -51.71885, -20.467792 ], [ -51.722557, -20.454733 ], [ -51.739803, -20.441909 ], [ -51.751319, -20.435694 ], [ -51.764549, -20.436061 ], [ -51.780134, -20.446524 ], [ -51.796553, -20.449565 ], [ -51.820678, -20.442192 ], [ -51.832878, -20.443388 ], [ -51.84558, -20.456054 ], [ -51.859564, -20.461098 ], [ -51.873916, -20.482666 ], [ -51.893737, -20.479444 ], [ -51.900612, -20.48377 ], [ -51.927485, -20.524235 ], [ -51.950318, -20.512348 ], [ -51.967251, -20.483855 ], [ -51.98624, -20.482615 ], [ -51.986123, -20.471459 ], [ -52.013183, -20.460339 ], [ -52.007457, -20.452026 ], [ -52.005061, -20.431919 ], [ -52.011886, -20.422557 ], [ -52.023219, -20.419079 ], [ -52.023997, -20.405089 ], [ -52.039694, -20.388901 ], [ -52.047348, -20.387777 ], [ -52.05609, -20.375774 ], [ -52.055915, -20.365241 ], [ -52.067376, -20.362169 ], [ -52.066279, -20.351822 ], [ -52.072624, -20.33858 ], [ -52.069852, -20.326461 ], [ -52.080509, -20.305481 ], [ -52.075402, -20.288975 ], [ -52.09186, -20.280044 ], [ -52.082107, -20.268283 ], [ -52.095971, -20.252261 ], [ -52.085166, -20.223433 ], [ -52.091769, -20.21075 ], [ -52.084593, -20.19939 ], [ -52.089063, -20.183041 ], [ -52.100831, -20.175297 ], [ -52.106443, -20.158245 ], [ -52.102885, -20.154041 ], [ -52.1086, -20.142559 ], [ -52.11722, -20.139435 ], [ -52.127927, -20.115633 ], [ -52.146664, -20.107623 ], [ -52.153332, -20.079904 ], [ -52.167531, -20.071835 ], [ -52.167072, -20.058414 ], [ -52.183742, -20.052553 ], [ -52.200567, -20.032771 ], [ -52.19597, -20.017104 ], [ -52.206675, -20.002512 ], [ -52.206954, -19.980964 ], [ -52.220415, -19.960977 ], [ -52.220849, -19.942447 ], [ -52.212872, -19.934324 ], [ -52.218444, -19.929459 ], [ -52.219964, -19.919544 ], [ -52.213142, -19.915497 ], [ -52.210221, -19.902626 ], [ -52.215808, -19.89386 ], [ -52.212178, -19.870478 ], [ -52.262517, -19.814325 ], [ -52.273331, -19.810828 ], [ -52.275396, -19.800249 ], [ -52.283623, -19.801218 ], [ -52.293637, -19.788223 ], [ -52.293446, -19.775223 ], [ -52.304828, -19.762495 ], [ -52.303763, -19.749555 ], [ -52.320284, -19.743897 ], [ -52.326879, -19.73284 ], [ -52.334707, -19.729203 ], [ -52.330079, -19.719621 ], [ -52.335274, -19.706178 ], [ -52.342597, -19.700798 ], [ -52.340927, -19.677761 ], [ -52.349697, -19.66194 ], [ -52.365402, -19.651023 ], [ -52.373379, -19.651356 ], [ -52.370738, -19.642223 ], [ -52.389048, -19.633264 ], [ -52.408851, -19.633521 ], [ -52.416194, -19.628174 ], [ -52.426874, -19.628715 ], [ -52.437126, -19.637976 ], [ -52.453401, -19.614979 ], [ -52.461421, -19.612866 ], [ -52.468908, -19.616471 ], [ -52.476212, -19.610964 ], [ -52.477722, -19.616542 ], [ -52.489299, -19.618764 ], [ -52.508002, -19.630225 ], [ -52.527473, -19.629939 ], [ -52.547922, -19.636784 ], [ -52.560413, -19.65144 ], [ -52.571534, -19.678264 ], [ -52.590608, -19.697803 ], [ -52.595827, -19.713658 ], [ -52.594651, -19.74104 ], [ -52.608276, -19.761462 ], [ -52.614817, -19.793809 ], [ -52.645359, -19.804525 ], [ -52.684089, -19.80284 ], [ -52.704962, -19.807444 ], [ -52.77724, -19.867016 ], [ -52.801356, -19.874698 ], [ -52.784047, -19.887732 ], [ -52.743582, -19.883612 ], [ -52.73867, -19.899624 ], [ -52.730778, -19.899309 ], [ -52.724357, -19.909841 ], [ -52.727315, -19.913726 ], [ -52.725323, -19.952566 ], [ -52.712128, -20.008656 ], [ -52.718259, -20.024598 ], [ -52.715378, -20.039371 ], [ -52.708438, -20.043748 ], [ -52.707797, -20.051094 ], [ -52.692935, -20.062133 ], [ -52.698772, -20.081469 ], [ -52.729685, -20.101202 ], [ -52.735478, -20.113107 ], [ -52.736493, -20.122683 ], [ -52.726687, -20.155035 ], [ -52.70664, -20.179753 ], [ -52.70159, -20.196828 ], [ -52.726019, -20.223959 ], [ -52.736069, -20.247174 ], [ -52.723519, -20.294568 ], [ -52.676812, -20.369285 ], [ -52.62368, -20.407508 ], [ -52.621182, -20.418562 ], [ -52.598494, -20.448611 ], [ -52.587416, -20.456707 ], [ -52.583954, -20.468402 ], [ -52.565598, -20.473172 ], [ -52.541527, -20.504594 ], [ -52.529248, -20.533316 ], [ -52.512773, -20.538343 ], [ -52.501926, -20.549833 ], [ -52.490976, -20.581655 ], [ -52.479669, -20.587051 ], [ -52.465016, -20.606518 ], [ -52.452046, -20.645548 ], [ -52.444028, -20.655573 ], [ -52.442525, -20.669438 ], [ -52.426108, -20.687156 ], [ -52.428194, -20.692707 ], [ -52.421183, -20.700505 ], [ -52.417456, -20.720551 ], [ -52.409046, -20.731778 ], [ -52.411609, -20.745383 ], [ -52.403843, -20.751957 ], [ -52.394466, -20.752254 ], [ -52.39481, -20.758251 ], [ -52.38994, -20.755074 ], [ -52.389439, -20.759533 ], [ -52.383571, -20.760181 ], [ -52.380937, -20.773106 ], [ -52.374641, -20.778621 ], [ -52.379133, -20.782126 ], [ -52.372117, -20.787299 ], [ -52.371315, -20.794042 ], [ -52.364798, -20.794902 ], [ -52.359929, -20.801312 ], [ -52.36308, -20.807896 ], [ -52.358087, -20.809567 ], [ -52.360111, -20.817518 ], [ -52.367001, -20.82463 ], [ -52.362554, -20.826756 ], [ -52.359818, -20.823563 ], [ -52.355099, -20.82815 ], [ -52.358871, -20.835359 ], [ -52.354735, -20.849687 ], [ -52.359281, -20.853159 ], [ -52.358208, -20.860715 ], [ -52.366735, -20.864429 ], [ -52.36044, -20.871318 ], [ -52.366887, -20.881385 ], [ -52.345551, -20.901371 ], [ -52.341373, -20.909814 ], [ -52.343598, -20.91595 ], [ -52.334618, -20.919376 ], [ -52.335261, -20.926369 ], [ -52.321937, -20.931598 ], [ -52.30838, -20.95413 ], [ -52.298335, -20.956141 ], [ -52.27811, -20.971404 ], [ -52.259973, -20.971713 ], [ -52.250236, -20.980693 ], [ -52.239923, -20.97345 ], [ -52.2277, -20.971516 ], [ -52.202754, -20.980656 ], [ -52.186647, -20.995437 ], [ -52.167585, -21.003723 ], [ -52.161477, -21.012101 ], [ -52.133607, -21.024645 ], [ -52.121926, -21.03641 ], [ -52.105203, -21.039149 ], [ -52.067837, -21.062901 ], [ -52.048461, -21.08368 ], [ -52.040658, -21.084572 ], [ -52.02716, -21.104984 ], [ -52.006188, -21.112537 ], [ -52.007371, -21.1176 ], [ -51.99118, -21.130248 ], [ -51.992778, -21.148519 ], [ -51.968115, -21.16762 ], [ -51.953238, -21.169583 ], [ -51.94495, -21.184914 ], [ -51.892994, -21.181797 ], [ -51.887175, -21.191524 ], [ -51.889305, -21.198803 ], [ -51.87972, -21.197917 ], [ -51.87576, -21.181044 ], [ -51.878985, -21.148138 ], [ -51.875862, -21.136147 ], [ -51.865474, -21.13054 ], [ -51.844593, -21.131463 ], [ -51.82359, -21.12684 ], [ -51.814455, -21.121389 ], [ -51.808006, -21.110023 ], [ -51.789671, -21.102119 ], [ -51.775645, -21.073094 ], [ -51.768482, -21.036522 ], [ -51.722971, -20.977437 ], [ -51.713696, -20.971458 ], [ -51.678726, -20.972944 ], [ -51.659646, -20.968503 ], [ -51.623587, -20.944433 ], [ -51.613478, -20.890078 ], [ -51.629701, -20.861453 ], [ -51.632977, -20.821558 ], [ -51.626149, -20.796266 ], [ -51.627483, -20.784697 ], [ -51.622398, -20.776872 ], [ -51.634899, -20.754848 ], [ -51.624288, -20.712519 ] ] ] } },
{ "type": "Feature", "properties": { "CD_MUN": "5007554", "NM_MUN": "Santa Rita do Pardo", "SIGLA_UF": "MS", "AREA_KM2": 6142.001 }, "geometry": { "type": "Polygon", "coordinates": [ [ [ -52.491178, -21.68907 ], [ -52.465278, -21.681307 ], [ -52.447432, -21.678057 ], [ -52.435263, -21.68258 ], [ -52.424557, -21.673682 ], [ -52.396194, -21.671011 ], [ -52.385106, -21.660222 ], [ -52.372873, -21.660391 ], [ -52.337409, -21.639877 ], [ -52.321682, -21.640981 ], [ -52.310337, -21.631211 ], [ -52.303162, -21.632097 ], [ -52.290287, -21.64526 ], [ -52.256706, -21.632867 ], [ -52.245464, -21.643673 ], [ -52.225771, -21.653631 ], [ -52.216235, -21.65412 ], [ -52.203182, -21.668341 ], [ -52.196316, -21.669525 ], [ -52.19154, -21.687929 ], [ -52.178274, -21.696658 ], [ -52.172434, -21.70692 ], [ -52.177003, -21.730354 ], [ -52.167281, -21.736193 ], [ -52.173805, -21.74452 ], [ -52.166939, -21.751884 ], [ -52.168066, -21.762329 ], [ -52.161262, -21.770774 ], [ -52.140049, -21.75573 ], [ -52.102865, -21.745291 ], [ -52.093866, -21.730514 ], [ -52.076492, -21.71488 ], [ -52.050711, -21.665767 ], [ -52.048323, -21.650606 ], [ -52.068876, -21.598108 ], [ -52.102164, -21.569813 ], [ -52.120003, -21.572963 ], [ -52.119312, -21.576696 ], [ -52.126687, -21.574817 ], [ -52.132515, -21.58007 ], [ -52.147376, -21.57869 ], [ -52.161523, -21.583733 ], [ -52.164387, -21.580621 ], [ -52.15911, -21.577444 ], [ -52.165394, -21.577125 ], [ -52.163832, -21.572997 ], [ -52.171175, -21.562266 ], [ -52.181204, -21.554695 ], [ -52.188478, -21.55786 ], [ -52.193716, -21.53947 ], [ -52.211254, -21.545324 ], [ -52.213594, -21.540202 ], [ -52.223948, -21.537106 ], [ -52.223653, -21.518583 ], [ -52.230127, -21.521433 ], [ -52.233702, -21.512835 ], [ -52.244932, -21.5127 ], [ -52.269708, -21.484408 ], [ -52.278891, -21.485021 ], [ -52.280271, -21.478703 ], [ -52.288553, -21.473578 ], [ -52.295745, -21.478305 ], [ -52.303521, -21.475587 ], [ -52.304091, -21.471291 ], [ -52.311429, -21.474869 ], [ -52.317289, -21.471034 ], [ -52.324359, -21.476266 ], [ -52.343668, -21.454532 ], [ -52.352423, -21.453937 ], [ -52.349695, -21.450353 ], [ -52.358084, -21.434935 ], [ -52.37412, -21.423781 ], [ -52.384225, -21.408257 ], [ -52.391509, -21.407107 ], [ -52.39895, -21.397746 ], [ -52.411261, -21.396475 ], [ -52.420019, -21.38822 ], [ -52.43137, -21.389741 ], [ -52.437865, -21.378497 ], [ -52.454786, -21.373284 ], [ -52.459321, -21.362078 ], [ -52.478161, -21.354372 ], [ -52.483357, -21.340011 ], [ -52.487149, -21.341601 ], [ -52.490493, -21.336113 ], [ -52.487406, -21.330932 ], [ -52.514809, -21.303067 ], [ -52.528347, -21.270881 ], [ -52.551175, -21.249608 ], [ -52.554612, -21.242686 ], [ -52.55117, -21.235571 ], [ -52.558601, -21.22914 ], [ -52.566195, -21.203137 ], [ -52.5824, -21.189557 ], [ -52.590104, -21.190179 ], [ -52.600262, -21.161879 ], [ -52.609976, -21.156453 ], [ -52.612715, -21.148881 ], [ -52.621755, -21.145219 ], [ -52.63355, -21.130236 ], [ -52.650682, -21.126329 ], [ -52.669832, -21.104291 ], [ -52.679978, -21.102445 ], [ -52.709682, -21.067194 ], [ -52.723135, -21.059887 ], [ -52.727688, -21.049449 ], [ -52.783696, -21.013984 ], [ -52.798383, -20.996131 ], [ -52.829693, -20.977004 ], [ -52.838502, -20.963607 ], [ -52.857763, -20.950921 ], [ -52.885685, -20.942474 ], [ -52.893055, -20.933218 ], [ -52.930851, -20.909493 ], [ -52.961144, -20.873345 ], [ -52.997158, -20.859884 ], [ -53.021274, -20.814179 ], [ -53.020051, -20.783106 ], [ -53.039566, -20.736283 ], [ -53.093811, -20.709906 ], [ -53.114433, -20.689435 ], [ -53.166218, -20.687887 ], [ -53.174224, -20.698442 ], [ -53.178995, -20.722737 ], [ -53.176814, -20.73889 ], [ -53.166924, -20.759813 ], [ -53.175649, -20.82297 ], [ -53.219368, -20.859644 ], [ -53.233974, -20.877937 ], [ -53.260499, -20.888299 ], [ -53.264483, -20.902402 ], [ -53.272816, -20.907567 ], [ -53.276761, -20.928448 ], [ -53.289857, -20.93924 ], [ -53.293939, -20.954567 ], [ -53.280894, -20.978773 ], [ -53.269941, -20.988395 ], [ -53.262398, -20.986556 ], [ -53.258308, -20.994168 ], [ -53.245626, -20.997452 ], [ -53.242558, -21.013019 ], [ -53.21801, -21.041561 ], [ -53.218796, -21.04899 ], [ -53.190486, -21.068542 ], [ -53.18558, -21.094537 ], [ -53.178317, -21.100458 ], [ -53.174768, -21.111106 ], [ -53.160614, -21.122018 ], [ -53.152379, -21.135025 ], [ -53.140663, -21.140504 ], [ -53.137938, -21.152951 ], [ -53.14318, -21.15772 ], [ -53.134546, -21.169272 ], [ -53.139568, -21.179141 ], [ -53.135298, -21.182426 ], [ -53.133179, -21.208669 ], [ -53.127924, -21.218204 ], [ -53.133099, -21.226711 ], [ -53.125376, -21.233394 ], [ -53.129737, -21.243644 ], [ -53.124964, -21.261315 ], [ -53.117256, -21.263217 ], [ -53.114417, -21.268909 ], [ -53.119873, -21.282998 ], [ -53.112792, -21.293867 ], [ -53.114645, -21.303099 ], [ -53.098102, -21.32956 ], [ -53.095886, -21.351131 ], [ -53.086437, -21.356805 ], [ -53.082984, -21.371849 ], [ -53.065655, -21.388459 ], [ -53.063133, -21.400564 ], [ -53.052226, -21.408255 ], [ -53.051745, -21.426301 ], [ -53.061307, -21.432114 ], [ -53.050896, -21.448264 ], [ -53.054725, -21.45633 ], [ -53.047462, -21.466346 ], [ -53.047334, -21.474681 ], [ -53.036026, -21.488851 ], [ -53.04064, -21.499813 ], [ -53.037139, -21.502295 ], [ -53.027579, -21.496155 ], [ -53.022665, -21.504543 ], [ -53.027966, -21.519124 ], [ -53.022395, -21.523101 ], [ -53.015158, -21.545083 ], [ -53.010328, -21.566767 ], [ -53.013309, -21.573466 ], [ -53.002113, -21.594794 ], [ -53.004916, -21.606598 ], [ -52.993266, -21.640004 ], [ -52.97842, -21.653705 ], [ -52.952014, -21.65337 ], [ -52.934472, -21.666607 ], [ -52.905097, -21.665568 ], [ -52.900085, -21.659478 ], [ -52.882885, -21.656999 ], [ -52.873289, -21.664137 ], [ -52.855494, -21.662416 ], [ -52.839846, -21.672989 ], [ -52.818033, -21.668342 ], [ -52.806216, -21.675459 ], [ -52.803182, -21.683151 ], [ -52.787355, -21.688569 ], [ -52.733886, -21.726805 ], [ -52.69246, -21.739571 ], [ -52.687451, -21.738001 ], [ -52.686333, -21.731745 ], [ -52.675932, -21.73335 ], [ -52.660305, -21.722361 ], [ -52.641626, -21.723191 ], [ -52.628605, -21.708232 ], [ -52.6123, -21.711393 ], [ -52.58421, -21.706164 ], [ -52.572233, -21.711604 ], [ -52.561082, -21.70883 ], [ -52.539112, -21.712694 ], [ -52.529588, -21.708486 ], [ -52.523894, -21.700129 ], [ -52.515118, -21.699022 ], [ -52.513451, -21.705341 ], [ -52.50612, -21.706262 ], [ -52.491178, -21.68907 ] ] ] } },
{ "type": "Feature", "properties": { "CD_MUN": "5007505", "NM_MUN": "Rochedo", "SIGLA_UF": "MS", "AREA_KM2": 1304.755 }, "geometry": { "type": "Polygon", "coordinates": [ [ [ -54.762044, -20.044253 ], [ -54.747466, -20.042209 ], [ -54.738284, -20.045891 ], [ -54.735888, -20.0379 ], [ -54.728775, -20.036423 ], [ -54.727879, -20.030856 ], [ -54.721028, -20.029172 ], [ -54.709905, -20.016052 ], [ -54.702587, -20.018784 ], [ -54.682141, -20.01235 ], [ -54.676117, -20.015226 ], [ -54.672898, -20.006439 ], [ -54.663144, -20.010234 ], [ -54.661039, -20.005472 ], [ -54.65202, -20.005684 ], [ -54.647499, -20.000977 ], [ -54.636701, -20.002928 ], [ -54.623827, -20.01373 ], [ -54.601895, -20.011207 ], [ -54.598249, -20.018447 ], [ -54.579557, -20.013245 ], [ -54.576818, -20.021785 ], [ -54.57028, -20.025378 ], [ -54.567751, -20.019053 ], [ -54.54516, -20.009741 ], [ -54.538973, -20.019199 ], [ -54.522763, -20.019931 ], [ -54.50678, -20.00287 ], [ -54.497772, -20.000917 ], [ -54.482844, -20.004403 ], [ -54.472746, -20.013654 ], [ -54.409125, -20.032315 ], [ -54.398808, -20.009084 ], [ -54.40859, -20.004896 ], [ -54.422347, -19.9862 ], [ -54.44375, -19.985723 ], [ -54.449112, -19.980371 ], [ -54.45955, -19.948045 ], [ -54.451729, -19.926587 ], [ -54.458318, -19.914941 ], [ -54.460422, -19.881151 ], [ -54.470936, -19.876542 ], [ -54.479135, -19.879859 ], [ -54.494188, -19.865907 ], [ -54.512109, -19.873822 ], [ -54.530763, -19.867808 ], [ -54.544618, -19.873998 ], [ -54.551698, -19.866731 ], [ -54.565392, -19.871329 ], [ -54.583396, -19.868725 ], [ -54.596009, -19.875762 ], [ -54.601245, -19.873434 ], [ -54.603138, -19.87875 ], [ -54.61389, -19.88203 ], [ -54.634992, -19.876446 ], [ -54.652086, -19.770495 ], [ -54.661889, -19.753789 ], [ -54.665597, -19.763348 ], [ -54.678582, -19.761515 ], [ -54.675148, -19.756936 ], [ -54.680207, -19.752935 ], [ -54.692881, -19.763631 ], [ -54.694522, -19.77279 ], [ -54.700884, -19.772286 ], [ -54.702025, -19.778639 ], [ -54.703796, -19.771926 ], [ -54.719491, -19.777712 ], [ -54.724539, -19.772207 ], [ -54.726868, -19.77704 ], [ -54.737912, -19.77202 ], [ -54.744609, -19.779268 ], [ -54.762173, -19.780402 ], [ -54.762052, -19.787832 ], [ -54.768621, -19.786976 ], [ -54.783461, -19.798667 ], [ -54.789003, -19.806595 ], [ -54.786243, -19.809717 ], [ -54.809583, -19.825685 ], [ -54.817909, -19.839664 ], [ -54.834052, -19.839039 ], [ -54.839859, -19.851061 ], [ -54.840457, -19.866102 ], [ -54.833971, -19.871055 ], [ -54.838967, -19.876769 ], [ -54.833317, -19.880666 ], [ -54.834974, -19.886932 ], [ -54.842626, -19.886485 ], [ -54.845815, -19.893064 ], [ -54.843162, -19.899043 ], [ -54.850276, -19.897283 ], [ -54.852649, -19.906675 ], [ -54.87055, -19.917323 ], [ -54.870704, -19.92444 ], [ -54.877667, -19.920995 ], [ -54.886941, -19.929689 ], [ -54.882886, -19.935195 ], [ -54.889209, -19.9399 ], [ -54.882387, -19.941821 ], [ -54.882196, -19.948621 ], [ -54.895469, -19.949819 ], [ -54.89692, -19.966749 ], [ -54.893087, -19.977492 ], [ -54.898695, -19.978285 ], [ -54.906121, -19.98947 ], [ -54.897444, -19.998072 ], [ -54.904053, -20.005276 ], [ -54.911695, -20.001748 ], [ -54.915359, -20.018749 ], [ -54.926604, -20.023131 ], [ -54.929226, -20.040229 ], [ -54.912185, -20.042804 ], [ -54.927368, -20.048296 ], [ -54.918314, -20.05623 ], [ -54.927201, -20.05408 ], [ -54.935879, -20.069014 ], [ -54.944578, -20.070824 ], [ -54.947564, -20.078455 ], [ -54.95621, -20.080895 ], [ -54.954229, -20.094125 ], [ -54.959426, -20.094257 ], [ -54.962519, -20.088909 ], [ -54.973397, -20.09281 ], [ -54.977936, -20.106288 ], [ -54.983351, -20.105976 ], [ -54.987165, -20.113185 ], [ -54.995365, -20.112675 ], [ -54.99785, -20.127608 ], [ -55.015151, -20.120837 ], [ -55.014276, -20.128269 ], [ -55.019154, -20.132354 ], [ -55.022652, -20.126196 ], [ -55.02883, -20.125119 ], [ -55.039485, -20.138499 ], [ -55.043928, -20.135734 ], [ -55.048888, -20.144565 ], [ -55.043898, -20.146621 ], [ -55.038949, -20.159879 ], [ -55.009924, -20.155213 ], [ -55.006239, -20.156726 ], [ -55.009567, -20.160977 ], [ -54.99915, -20.162677 ], [ -54.994602, -20.157394 ], [ -54.994461, -20.164403 ], [ -54.988793, -20.163248 ], [ -54.97806, -20.171671 ], [ -54.975187, -20.168431 ], [ -54.97309, -20.173212 ], [ -54.971635, -20.169706 ], [ -54.961538, -20.1697 ], [ -54.962868, -20.16566 ], [ -54.9537, -20.173505 ], [ -54.945824, -20.174421 ], [ -54.941304, -20.181007 ], [ -54.944579, -20.184805 ], [ -54.937559, -20.187175 ], [ -54.934745, -20.195916 ], [ -54.930069, -20.191157 ], [ -54.915183, -20.196256 ], [ -54.91648, -20.205971 ], [ -54.910712, -20.20755 ], [ -54.910727, -20.204315 ], [ -54.90245, -20.209061 ], [ -54.894754, -20.204089 ], [ -54.879048, -20.208537 ], [ -54.867661, -20.198293 ], [ -54.862133, -20.199517 ], [ -54.859387, -20.17398 ], [ -54.848197, -20.167236 ], [ -54.83787, -20.172907 ], [ -54.823156, -20.166053 ], [ -54.812339, -20.175171 ], [ -54.80289, -20.174882 ], [ -54.798036, -20.170054 ], [ -54.781546, -20.172669 ], [ -54.762044, -20.044253 ] ] ] } },
{ "type": "Feature", "properties": { "CD_MUN": "5007935", "NM_MUN": "Sonora", "SIGLA_UF": "MS", "AREA_KM2": 4185.542 }, "geometry": { "type": "Polygon", "coordinates": [ [ [ -54.738592, -17.936641 ], [ -54.709861, -17.918652 ], [ -54.697174, -17.922421 ], [ -54.688884, -17.914681 ], [ -54.691266, -17.884495 ], [ -54.704201, -17.849629 ], [ -54.730055, -17.818271 ], [ -54.747161, -17.781547 ], [ -54.756643, -17.73219 ], [ -54.741774, -17.724481 ], [ -54.70328, -17.722465 ], [ -54.682717, -17.715152 ], [ -54.669734, -17.71526 ], [ -54.630969, -17.698524 ], [ -54.593636, -17.700901 ], [ -54.558478, -17.711746 ], [ -54.536442, -17.707056 ], [ -54.526801, -17.762456 ], [ -54.504111, -17.73608 ], [ -54.486412, -17.752256 ], [ -54.481058, -17.75071 ], [ -54.474604, -17.73691 ], [ -54.465474, -17.744941 ], [ -54.458514, -17.743366 ], [ -54.453548, -17.717578 ], [ -54.448224, -17.732837 ], [ -54.442008, -17.73721 ], [ -54.444149, -17.74762 ], [ -54.430349, -17.747681 ], [ -54.438439, -17.7547 ], [ -54.435195, -17.766857 ], [ -54.419792, -17.762955 ], [ -54.410389, -17.775596 ], [ -54.412502, -17.780811 ], [ -54.420883, -17.780566 ], [ -54.427063, -17.790918 ], [ -54.423884, -17.79385 ], [ -54.412924, -17.785908 ], [ -54.401172, -17.785152 ], [ -54.390061, -17.759121 ], [ -54.382346, -17.765285 ], [ -54.382708, -17.771862 ], [ -54.366547, -17.763611 ], [ -54.364577, -17.773815 ], [ -54.369174, -17.780153 ], [ -54.364865, -17.790608 ], [ -54.361112, -17.78375 ], [ -54.346694, -17.777612 ], [ -54.341745, -17.766857 ], [ -54.337796, -17.769047 ], [ -54.335369, -17.765763 ], [ -54.328897, -17.772997 ], [ -54.324155, -17.765005 ], [ -54.318557, -17.768111 ], [ -54.314261, -17.765166 ], [ -54.311096, -17.779134 ], [ -54.294299, -17.780301 ], [ -54.298391, -17.786226 ], [ -54.295773, -17.81133 ], [ -54.283746, -17.806575 ], [ -54.279785, -17.808333 ], [ -54.281124, -17.813439 ], [ -54.27248, -17.811878 ], [ -54.260581, -17.816934 ], [ -54.279355, -17.835887 ], [ -54.278906, -17.839989 ], [ -54.253532, -17.824893 ], [ -54.253856, -17.812063 ], [ -54.247309, -17.802907 ], [ -54.238324, -17.81155 ], [ -54.241247, -17.803443 ], [ -54.234615, -17.801295 ], [ -54.237935, -17.794127 ], [ -54.229871, -17.790096 ], [ -54.231032, -17.784994 ], [ -54.222439, -17.791418 ], [ -54.217288, -17.791966 ], [ -54.215719, -17.79337 ], [ -54.214126, -17.794016 ], [ -54.212976, -17.793762 ], [ -54.211535, -17.788289 ], [ -54.218056, -17.784339 ], [ -54.217529, -17.778208 ], [ -54.208338, -17.777262 ], [ -54.201153, -17.769641 ], [ -54.201296, -17.762907 ], [ -54.172773, -17.759383 ], [ -54.171721, -17.763449 ], [ -54.158851, -17.767049 ], [ -54.158803, -17.773236 ], [ -54.144659, -17.764907 ], [ -54.138366, -17.767155 ], [ -54.157519, -17.758018 ], [ -54.152844, -17.756067 ], [ -54.154446, -17.743863 ], [ -54.141244, -17.747392 ], [ -54.140004, -17.742638 ], [ -54.145069, -17.73585 ], [ -54.141827, -17.732035 ], [ -54.14721, -17.727955 ], [ -54.143827, -17.725184 ], [ -54.149257, -17.720759 ], [ -54.146867, -17.718403 ], [ -54.15339, -17.717296 ], [ -54.153086, -17.702952 ], [ -54.145166, -17.703764 ], [ -54.14181, -17.713959 ], [ -54.137308, -17.710466 ], [ -54.130982, -17.719185 ], [ -54.122655, -17.719354 ], [ -54.127402, -17.722527 ], [ -54.121423, -17.722945 ], [ -54.123185, -17.713998 ], [ -54.111794, -17.712508 ], [ -54.117219, -17.706523 ], [ -54.11386, -17.700498 ], [ -54.122781, -17.698625 ], [ -54.121084, -17.685227 ], [ -54.107245, -17.685388 ], [ -54.1042, -17.681911 ], [ -54.094017, -17.684891 ], [ -54.098929, -17.690666 ], [ -54.087878, -17.693172 ], [ -54.091171, -17.687104 ], [ -54.084894, -17.682962 ], [ -54.100262, -17.670606 ], [ -54.101714, -17.664948 ], [ -54.098377, -17.661824 ], [ -54.090224, -17.666872 ], [ -54.088753, -17.662894 ], [ -54.073449, -17.66931 ], [ -54.08384, -17.65419 ], [ -54.077768, -17.658673 ], [ -54.076427, -17.650983 ], [ -54.067941, -17.653762 ], [ -54.063832, -17.64919 ], [ -54.06012, -17.652844 ], [ -54.062237, -17.662581 ], [ -54.067292, -17.663064 ], [ -54.056883, -17.668667 ], [ -54.059763, -17.660746 ], [ -54.052722, -17.65607 ], [ -54.056857, -17.652442 ], [ -54.049111, -17.646088 ], [ -54.051329, -17.638065 ], [ -54.045468, -17.63856 ], [ -54.043507, -17.64606 ], [ -54.030873, -17.641896 ], [ -54.025683, -17.652354 ], [ -54.015614, -17.645358 ], [ -54.01253, -17.652654 ], [ -54.020727, -17.656375 ], [ -54.014363, -17.659659 ], [ -54.015361, -17.665667 ], [ -54.022473, -17.670331 ], [ -53.996993, -17.668902 ], [ -53.989288, -17.6725 ], [ -53.993237, -17.661313 ], [ -54.003514, -17.659137 ], [ -53.997457, -17.652192 ], [ -53.990531, -17.651413 ], [ -53.997374, -17.648039 ], [ -53.990085, -17.644724 ], [ -53.991781, -17.637254 ], [ -53.982935, -17.637422 ], [ -53.979261, -17.641584 ], [ -53.981654, -17.644159 ], [ -53.97351, -17.643438 ], [ -53.972988, -17.65081 ], [ -53.971072, -17.645842 ], [ -53.964891, -17.64585 ], [ -53.966208, -17.636284 ], [ -53.958046, -17.63431 ], [ -53.956328, -17.645216 ], [ -53.950026, -17.64226 ], [ -53.945649, -17.645758 ], [ -53.948187, -17.65396 ], [ -53.938426, -17.650098 ], [ -53.929374, -17.651857 ], [ -53.932883, -17.659629 ], [ -53.938259, -17.660042 ], [ -53.935021, -17.663958 ], [ -53.927617, -17.662351 ], [ -53.930403, -17.671252 ], [ -53.945497, -17.672831 ], [ -53.93257, -17.676752 ], [ -53.919511, -17.672083 ], [ -53.918058, -17.681608 ], [ -53.920547, -17.686606 ], [ -53.927695, -17.683996 ], [ -53.928231, -17.693901 ], [ -53.914995, -17.694481 ], [ -53.915799, -17.688762 ], [ -53.910002, -17.687501 ], [ -53.9101, -17.680376 ], [ -53.905139, -17.67642 ], [ -53.895554, -17.692864 ], [ -53.898361, -17.699365 ], [ -53.890773, -17.70185 ], [ -53.885005, -17.694681 ], [ -53.8749, -17.692244 ], [ -53.889969, -17.688422 ], [ -53.880512, -17.681649 ], [ -53.888182, -17.673107 ], [ -53.909834, -17.671715 ], [ -53.9069, -17.662394 ], [ -53.902928, -17.664076 ], [ -53.896825, -17.658695 ], [ -53.896404, -17.650637 ], [ -53.891731, -17.655617 ], [ -53.871184, -17.660807 ], [ -53.864295, -17.6491 ], [ -53.852949, -17.652612 ], [ -53.848242, -17.647005 ], [ -53.85075, -17.642963 ], [ -53.843939, -17.639411 ], [ -53.836505, -17.642361 ], [ -53.830379, -17.636596 ], [ -53.826632, -17.644239 ], [ -53.822285, -17.64354 ], [ -53.828449, -17.651944 ], [ -53.817871, -17.665166 ], [ -53.809548, -17.653532 ], [ -53.801095, -17.656331 ], [ -53.788742, -17.650992 ], [ -53.78399, -17.652818 ], [ -53.777947, -17.668059 ], [ -53.767498, -17.667333 ], [ -53.759232, -17.672897 ], [ -53.746744, -17.671289 ], [ -53.733684, -17.662976 ], [ -53.720046, -17.668812 ], [ -53.704608, -17.66351 ], [ -53.680075, -17.25357 ], [ -53.692458, -17.246464 ], [ -53.694496, -17.233984 ], [ -53.705145, -17.228154 ], [ -53.73321, -17.230902 ], [ -53.747015, -17.242641 ], [ -53.759078, -17.243142 ], [ -53.764269, -17.258275 ], [ -53.785713, -17.287515 ], [ -53.806637, -17.287961 ], [ -53.820073, -17.294616 ], [ -53.834963, -17.33576 ], [ -53.833268, -17.35711 ], [ -53.878439, -17.375199 ], [ -53.887989, -17.392606 ], [ -53.914601, -17.414414 ], [ -53.931101, -17.43945 ], [ -53.952247, -17.459337 ], [ -53.971272, -17.465819 ], [ -53.97305, -17.472244 ], [ -53.984101, -17.473817 ], [ -53.994994, -17.468396 ], [ -54.023267, -17.477073 ], [ -54.037638, -17.486449 ], [ -54.041246, -17.500524 ], [ -54.058077, -17.513129 ], [ -54.057769, -17.520824 ], [ -54.053193, -17.523202 ], [ -54.055466, -17.5293 ], [ -54.04941, -17.529943 ], [ -54.045908, -17.537227 ], [ -54.052079, -17.546197 ], [ -54.051633, -17.56277 ], [ -54.058908, -17.575645 ], [ -54.073269, -17.587801 ], [ -54.07266, -17.596767 ], [ -54.079439, -17.604742 ], [ -54.07641, -17.615749 ], [ -54.084692, -17.619035 ], [ -54.099549, -17.613118 ], [ -54.111966, -17.613527 ], [ -54.113882, -17.618812 ], [ -54.116744, -17.615956 ], [ -54.118604, -17.619143 ], [ -54.122943, -17.613223 ], [ -54.134187, -17.618726 ], [ -54.141305, -17.61067 ], [ -54.146717, -17.615005 ], [ -54.154217, -17.605873 ], [ -54.168164, -17.608228 ], [ -54.178833, -17.602851 ], [ -54.193413, -17.606127 ], [ -54.199829, -17.614553 ], [ -54.204661, -17.612802 ], [ -54.213996, -17.620175 ], [ -54.243744, -17.628905 ], [ -54.250357, -17.640498 ], [ -54.27455, -17.654048 ], [ -54.291972, -17.653001 ], [ -54.30242, -17.66166 ], [ -54.327804, -17.658809 ], [ -54.335585, -17.661723 ], [ -54.343443, -17.655574 ], [ -54.35058, -17.657106 ], [ -54.356473, -17.649208 ], [ -54.38669, -17.635363 ], [ -54.374417, -17.608577 ], [ -54.382573, -17.606232 ], [ -54.381496, -17.601046 ], [ -54.384604, -17.601364 ], [ -54.38019, -17.594154 ], [ -54.386335, -17.585984 ], [ -54.382941, -17.571533 ], [ -54.403714, -17.564543 ], [ -54.405942, -17.553605 ], [ -54.413718, -17.551529 ], [ -54.413998, -17.544552 ], [ -54.421472, -17.536495 ], [ -54.428995, -17.539388 ], [ -54.43405, -17.534833 ], [ -54.466915, -17.529074 ], [ -54.47761, -17.513526 ], [ -54.473394, -17.510301 ], [ -54.479553, -17.507838 ], [ -54.47423, -17.497993 ], [ -54.483056, -17.493969 ], [ -54.481309, -17.487665 ], [ -54.490943, -17.488617 ], [ -54.503752, -17.48011 ], [ -54.525197, -17.482043 ], [ -54.527164, -17.478286 ], [ -54.536332, -17.477585 ], [ -54.554188, -17.488668 ], [ -54.563047, -17.479176 ], [ -54.569029, -17.483024 ], [ -54.568024, -17.474308 ], [ -54.572328, -17.475586 ], [ -54.581663, -17.468007 ], [ -54.588614, -17.477122 ], [ -54.617336, -17.490424 ], [ -54.620614, -17.488239 ], [ -54.636081, -17.495724 ], [ -54.654997, -17.49016 ], [ -54.656728, -17.496904 ], [ -54.66795, -17.503563 ], [ -54.676753, -17.501527 ], [ -54.684693, -17.507173 ], [ -54.695527, -17.503521 ], [ -54.699723, -17.497381 ], [ -54.700586, -17.506313 ], [ -54.718805, -17.518365 ], [ -54.730085, -17.515532 ], [ -54.746913, -17.519942 ], [ -54.757003, -17.534494 ], [ -54.755977, -17.545177 ], [ -54.762171, -17.554416 ], [ -54.756999, -17.558602 ], [ -54.758781, -17.565696 ], [ -54.777387, -17.570666 ], [ -54.791586, -17.582291 ], [ -54.800754, -17.582597 ], [ -54.821311, -17.597386 ], [ -54.825004, -17.609676 ], [ -54.851586, -17.613033 ], [ -54.860864, -17.623854 ], [ -54.880637, -17.61687 ], [ -54.894829, -17.621517 ], [ -54.902169, -17.611554 ], [ -54.914308, -17.608451 ], [ -54.943424, -17.609028 ], [ -54.948337, -17.615347 ], [ -54.967031, -17.615592 ], [ -54.966391, -17.620935 ], [ -54.974275, -17.617047 ], [ -54.981473, -17.628747 ], [ -54.984943, -17.624076 ], [ -54.992785, -17.632974 ], [ -54.991834, -17.638399 ], [ -55.010753, -17.62934 ], [ -55.011281, -17.634477 ], [ -55.016315, -17.62981 ], [ -55.018953, -17.636319 ], [ -55.023034, -17.634762 ], [ -55.032056, -17.640503 ], [ -55.044755, -17.636391 ], [ -55.047312, -17.640333 ], [ -55.0552, -17.63864 ], [ -55.056475, -17.642389 ], [ -55.062503, -17.639051 ], [ -55.063815, -17.64246 ], [ -55.072648, -17.631633 ], [ -55.087337, -17.629918 ], [ -55.093366, -17.636037 ], [ -55.098422, -17.627544 ], [ -55.100583, -17.631108 ], [ -55.111365, -17.631229 ], [ -55.118087, -17.648834 ], [ -55.127256, -17.652722 ], [ -55.137646, -17.650667 ], [ -55.1434, -17.668385 ], [ -55.140358, -17.674806 ], [ -55.146407, -17.690922 ], [ -55.144627, -17.699123 ], [ -55.153686, -17.701132 ], [ -55.14878, -17.711713 ], [ -55.154215, -17.725807 ], [ -55.152326, -17.733564 ], [ -55.159603, -17.741302 ], [ -55.152146, -17.747419 ], [ -55.152284, -17.755188 ], [ -55.145477, -17.751697 ], [ -55.133943, -17.757502 ], [ -55.131302, -17.772504 ], [ -55.136301, -17.777419 ], [ -55.13096, -17.783585 ], [ -55.134922, -17.800747 ], [ -55.124379, -17.825834 ], [ -55.127179, -17.829302 ], [ -55.11004, -17.829448 ], [ -55.101258, -17.837576 ], [ -55.100891, -17.845891 ], [ -55.084916, -17.849684 ], [ -55.087348, -17.85839 ], [ -55.083987, -17.863616 ], [ -55.073813, -17.86451 ], [ -55.069695, -17.874879 ], [ -55.067599, -17.872504 ], [ -55.061603, -17.878719 ], [ -55.051425, -17.876884 ], [ -55.049293, -17.880054 ], [ -55.043081, -17.876263 ], [ -55.042355, -17.883319 ], [ -55.032833, -17.889964 ], [ -55.018985, -17.889262 ], [ -55.021093, -17.883774 ], [ -55.01328, -17.87914 ], [ -54.999588, -17.88444 ], [ -54.988537, -17.882207 ], [ -54.983361, -17.888759 ], [ -54.974996, -17.890258 ], [ -54.971803, -17.896854 ], [ -54.965225, -17.892617 ], [ -54.957622, -17.904024 ], [ -54.948839, -17.90759 ], [ -54.948144, -17.913664 ], [ -54.942253, -17.915373 ], [ -54.946514, -17.927712 ], [ -54.936728, -17.938923 ], [ -54.937543, -17.948352 ], [ -54.934182, -17.947016 ], [ -54.912799, -17.966234 ], [ -54.912952, -17.970226 ], [ -54.904531, -17.97281 ], [ -54.90583, -17.978869 ], [ -54.898041, -17.97722 ], [ -54.882533, -17.991783 ], [ -54.877293, -17.989572 ], [ -54.876421, -17.996306 ], [ -54.86266, -18.00175 ], [ -54.854519, -17.998752 ], [ -54.839089, -18.002419 ], [ -54.837709, -17.995962 ], [ -54.832723, -17.994138 ], [ -54.827464, -17.999242 ], [ -54.816092, -17.99304 ], [ -54.810889, -17.996506 ], [ -54.80537, -17.994592 ], [ -54.801433, -17.98218 ], [ -54.772529, -17.982151 ], [ -54.767109, -17.975861 ], [ -54.752261, -17.972881 ], [ -54.741194, -17.95879 ], [ -54.738592, -17.936641 ] ] ] } },
{ "type": "Feature", "properties": { "CD_MUN": "5007901", "NM_MUN": "Sidrolândia", "SIGLA_UF": "MS", "AREA_KM2": 5265.695 }, "geometry": { "type": "Polygon", "coordinates": [ [ [ -54.675558, -21.322307 ], [ -54.679334, -21.314162 ], [ -54.672725, -21.304826 ], [ -54.644371, -21.302654 ], [ -54.599561, -21.262858 ], [ -54.583329, -21.260026 ], [ -54.574115, -21.249866 ], [ -54.573529, -21.239097 ], [ -54.530254, -21.212563 ], [ -54.516238, -21.209481 ], [ -54.524238, -21.189582 ], [ -54.549196, -21.165428 ], [ -54.55905, -21.148341 ], [ -54.521575, -21.127178 ], [ -54.501913, -21.130876 ], [ -54.482245, -21.122512 ], [ -54.508924, -21.009513 ], [ -54.506831, -20.99413 ], [ -54.516909, -20.998236 ], [ -54.519482, -20.995602 ], [ -54.520053, -20.985932 ], [ -54.515274, -20.981482 ], [ -54.529009, -20.973139 ], [ -54.527942, -20.957499 ], [ -54.534671, -20.958881 ], [ -54.538049, -20.966679 ], [ -54.541649, -20.961472 ], [ -54.550452, -20.959794 ], [ -54.551829, -20.954368 ], [ -54.566225, -20.950032 ], [ -54.58119, -20.926922 ], [ -54.590329, -20.926098 ], [ -54.590352, -20.918392 ], [ -54.605237, -20.916589 ], [ -54.601018, -20.911807 ], [ -54.605461, -20.902815 ], [ -54.614409, -20.903034 ], [ -54.619931, -20.911279 ], [ -54.629567, -20.909791 ], [ -54.637027, -20.905077 ], [ -54.637532, -20.888929 ], [ -54.6444, -20.894112 ], [ -54.672883, -20.886776 ], [ -54.671589, -20.892495 ], [ -54.683565, -20.889282 ], [ -54.683324, -20.87882 ], [ -54.676088, -20.876707 ], [ -54.67416, -20.870118 ], [ -54.676778, -20.867823 ], [ -54.679444, -20.87432 ], [ -54.68395, -20.873281 ], [ -54.686734, -20.860192 ], [ -54.695023, -20.85974 ], [ -54.691428, -20.856084 ], [ -54.698429, -20.848313 ], [ -54.692977, -20.84506 ], [ -54.702332, -20.840408 ], [ -54.70576, -20.833483 ], [ -54.694887, -20.826564 ], [ -54.710525, -20.829694 ], [ -54.709514, -20.823847 ], [ -54.695617, -20.817545 ], [ -54.699455, -20.814103 ], [ -54.693479, -20.810948 ], [ -54.701503, -20.806735 ], [ -54.69728, -20.795463 ], [ -54.708456, -20.792499 ], [ -54.695664, -20.771392 ], [ -54.706205, -20.766615 ], [ -54.707249, -20.754456 ], [ -54.712524, -20.75659 ], [ -54.710245, -20.751301 ], [ -54.720733, -20.744122 ], [ -54.717136, -20.74081 ], [ -54.719175, -20.731877 ], [ -54.712361, -20.73128 ], [ -54.71269, -20.727261 ], [ -54.723893, -20.720945 ], [ -54.721807, -20.714825 ], [ -54.731069, -20.705734 ], [ -54.750771, -20.692088 ], [ -54.770493, -20.694544 ], [ -54.792893, -20.717002 ], [ -54.794864, -20.725605 ], [ -54.816299, -20.740769 ], [ -54.823404, -20.778328 ], [ -54.835332, -20.774915 ], [ -54.869348, -20.783547 ], [ -54.881196, -20.763806 ], [ -54.895, -20.766271 ], [ -54.908433, -20.783165 ], [ -54.937899, -20.78231 ], [ -54.943343, -20.77334 ], [ -54.95469, -20.768523 ], [ -54.964773, -20.776971 ], [ -54.975329, -20.77604 ], [ -54.983005, -20.765628 ], [ -54.993303, -20.764746 ], [ -54.997475, -20.757684 ], [ -55.0303, -20.74886 ], [ -55.043302, -20.75119 ], [ -55.066009, -20.742434 ], [ -55.072233, -20.730859 ], [ -55.071603, -20.721766 ], [ -55.081894, -20.720004 ], [ -55.083506, -20.715394 ], [ -55.078401, -20.714326 ], [ -55.081528, -20.702763 ], [ -55.076015, -20.698745 ], [ -55.085026, -20.695712 ], [ -55.079862, -20.689198 ], [ -55.084567, -20.688431 ], [ -55.083735, -20.677801 ], [ -55.089103, -20.675089 ], [ -55.082479, -20.670412 ], [ -55.09413, -20.659163 ], [ -55.091865, -20.652861 ], [ -55.105893, -20.648532 ], [ -55.115236, -20.635288 ], [ -55.114437, -20.626033 ], [ -55.137904, -20.620285 ], [ -55.160228, -20.601752 ], [ -55.175871, -20.604025 ], [ -55.184439, -20.598408 ], [ -55.185434, -20.592239 ], [ -55.19272, -20.590672 ], [ -55.193071, -20.584655 ], [ -55.205346, -20.58493 ], [ -55.209693, -20.595618 ], [ -55.200884, -20.599641 ], [ -55.199932, -20.608824 ], [ -55.203883, -20.618388 ], [ -55.211931, -20.620644 ], [ -55.213279, -20.627971 ], [ -55.208457, -20.631826 ], [ -55.21794, -20.652256 ], [ -55.211112, -20.6574 ], [ -55.213826, -20.662858 ], [ -55.210087, -20.6694 ], [ -55.2162, -20.680059 ], [ -55.219532, -20.678731 ], [ -55.222368, -20.690889 ], [ -55.208696, -20.69615 ], [ -55.20317, -20.706795 ], [ -55.20492, -20.721886 ], [ -55.196676, -20.72857 ], [ -55.191196, -20.727428 ], [ -55.18395, -20.737152 ], [ -55.175852, -20.737319 ], [ -55.16625, -20.755649 ], [ -55.169473, -20.766667 ], [ -55.16409, -20.767826 ], [ -55.163525, -20.773877 ], [ -55.159574, -20.77286 ], [ -55.151474, -20.802418 ], [ -55.15345, -20.826431 ], [ -55.159378, -20.83402 ], [ -55.165831, -20.832602 ], [ -55.170492, -20.841719 ], [ -55.164569, -20.860691 ], [ -55.19288, -20.877745 ], [ -55.201961, -20.89593 ], [ -55.197333, -20.93188 ], [ -55.20266, -20.94346 ], [ -55.19811, -20.958327 ], [ -55.201827, -20.96421 ], [ -55.191779, -20.98301 ], [ -55.183082, -20.989938 ], [ -55.189096, -20.996739 ], [ -55.208267, -21.003096 ], [ -55.211199, -21.013085 ], [ -55.207728, -21.03551 ], [ -55.266865, -21.009432 ], [ -55.27288, -21.0114 ], [ -55.279139, -21.035736 ], [ -55.294386, -21.05476 ], [ -55.29397, -21.068432 ], [ -55.307223, -21.080919 ], [ -55.307528, -21.105687 ], [ -55.321491, -21.116468 ], [ -55.319337, -21.125926 ], [ -55.306289, -21.13703 ], [ -55.314397, -21.150674 ], [ -55.316058, -21.168705 ], [ -55.325771, -21.169486 ], [ -55.330563, -21.174696 ], [ -55.320731, -21.178333 ], [ -55.321941, -21.186381 ], [ -55.330369, -21.190692 ], [ -55.328565, -21.198119 ], [ -55.318418, -21.201604 ], [ -55.313656, -21.20951 ], [ -55.31965, -21.216656 ], [ -55.315072, -21.234218 ], [ -55.319499, -21.242119 ], [ -55.300467, -21.248874 ], [ -55.293731, -21.265447 ], [ -55.295805, -21.290677 ], [ -55.302922, -21.30253 ], [ -55.280918, -21.318494 ], [ -55.29408, -21.331399 ], [ -55.298079, -21.34385 ], [ -55.285053, -21.35408 ], [ -55.286524, -21.358458 ], [ -55.281657, -21.362117 ], [ -55.28466, -21.366798 ], [ -55.276743, -21.372871 ], [ -55.274556, -21.387321 ], [ -55.267116, -21.392013 ], [ -55.269935, -21.400665 ], [ -55.261548, -21.400391 ], [ -55.256148, -21.40909 ], [ -55.248212, -21.40586 ], [ -55.23649, -21.408201 ], [ -55.239712, -21.417477 ], [ -55.222356, -21.420117 ], [ -55.212064, -21.427865 ], [ -55.210721, -21.44201 ], [ -55.194449, -21.459954 ], [ -55.191208, -21.446624 ], [ -55.167126, -21.460737 ], [ -55.173176, -21.480093 ], [ -55.155315, -21.485494 ], [ -55.149231, -21.474667 ], [ -55.140028, -21.478987 ], [ -55.138445, -21.499139 ], [ -55.146835, -21.503582 ], [ -55.137521, -21.511802 ], [ -55.126251, -21.505514 ], [ -55.127161, -21.514708 ], [ -55.12001, -21.521005 ], [ -55.131716, -21.531947 ], [ -55.139955, -21.533154 ], [ -55.128125, -21.538609 ], [ -55.118897, -21.53237 ], [ -55.103316, -21.53928 ], [ -55.100971, -21.547336 ], [ -55.105378, -21.554049 ], [ -55.096608, -21.560194 ], [ -55.096862, -21.571078 ], [ -55.086851, -21.565794 ], [ -55.088426, -21.558908 ], [ -55.076809, -21.555207 ], [ -55.071665, -21.561917 ], [ -55.06421, -21.557042 ], [ -55.058367, -21.564044 ], [ -55.063303, -21.573071 ], [ -55.05941, -21.586313 ], [ -55.044682, -21.581526 ], [ -55.047342, -21.57194 ], [ -55.04411, -21.566222 ], [ -55.037693, -21.569301 ], [ -55.036262, -21.577843 ], [ -55.027916, -21.585985 ], [ -55.017955, -21.560028 ], [ -55.013362, -21.484584 ], [ -54.892574, -21.33772 ], [ -54.864423, -21.336954 ], [ -54.836467, -21.352593 ], [ -54.823917, -21.338296 ], [ -54.817507, -21.337725 ], [ -54.814406, -21.342907 ], [ -54.800922, -21.347707 ], [ -54.795513, -21.341838 ], [ -54.791145, -21.341507 ], [ -54.782988, -21.347357 ], [ -54.785184, -21.367248 ], [ -54.771977, -21.369981 ], [ -54.77013, -21.378127 ], [ -54.681437, -21.345874 ], [ -54.675558, -21.322307 ] ] ] } },
{ "type": "Feature", "properties": { "CD_MUN": "5007703", "NM_MUN": "Sete Quedas", "SIGLA_UF": "MS", "AREA_KM2": 839.117 }, "geometry": { "type": "Polygon", "coordinates": [ [ [ -55.045979, -23.984173 ], [ -54.998589, -23.957589 ], [ -54.98535, -23.962743 ], [ -54.976423, -23.957712 ], [ -54.96668, -23.966166 ], [ -54.949352, -23.963548 ], [ -54.941141, -23.968515 ], [ -54.939419, -23.962911 ], [ -54.92708, -23.961829 ], [ -54.930327, -23.94432 ], [ -54.924157, -23.937424 ], [ -54.926877, -23.924814 ], [ -54.913275, -23.92215 ], [ -54.908688, -23.91137 ], [ -54.893591, -23.910766 ], [ -54.890885, -23.900218 ], [ -54.885116, -23.896999 ], [ -54.873533, -23.909264 ], [ -54.860113, -23.905201 ], [ -54.849908, -23.908224 ], [ -54.849792, -23.897003 ], [ -54.83632, -23.883916 ], [ -54.81432, -23.890428 ], [ -54.796068, -23.869937 ], [ -54.764049, -23.866211 ], [ -54.75911, -23.856741 ], [ -54.749255, -23.860972 ], [ -54.745292, -23.868708 ], [ -54.705183, -23.864606 ], [ -54.697934, -23.857772 ], [ -54.698573, -23.841997 ], [ -54.683787, -23.830502 ], [ -54.701764, -23.782565 ], [ -54.701399, -23.754646 ], [ -54.709694, -23.73646 ], [ -54.718193, -23.73392 ], [ -54.715796, -23.736957 ], [ -54.720486, -23.736639 ], [ -54.719864, -23.741325 ], [ -54.728876, -23.746223 ], [ -54.724796, -23.749846 ], [ -54.733861, -23.750581 ], [ -54.742319, -23.759605 ], [ -54.740894, -23.763727 ], [ -54.757515, -23.763012 ], [ -54.776015, -23.779919 ], [ -54.786737, -23.777628 ], [ -54.786151, -23.783231 ], [ -54.790561, -23.777951 ], [ -54.799507, -23.785863 ], [ -54.795772, -23.7872 ], [ -54.797292, -23.793209 ], [ -54.806015, -23.792248 ], [ -54.827113, -23.803148 ], [ -54.831636, -23.811105 ], [ -54.839718, -23.809667 ], [ -54.855548, -23.818578 ], [ -54.869248, -23.819571 ], [ -54.870914, -23.827405 ], [ -54.879157, -23.834353 ], [ -54.899907, -23.823903 ], [ -54.913721, -23.837651 ], [ -54.92162, -23.837856 ], [ -54.92393, -23.843695 ], [ -54.942155, -23.839452 ], [ -54.944723, -23.845678 ], [ -54.951921, -23.846593 ], [ -54.951058, -23.853155 ], [ -54.962661, -23.847582 ], [ -54.965418, -23.8653 ], [ -54.975235, -23.874263 ], [ -54.985015, -23.874373 ], [ -54.984625, -23.880446 ], [ -54.997499, -23.892637 ], [ -55.004417, -23.888333 ], [ -54.996971, -23.878132 ], [ -54.998991, -23.874345 ], [ -55.015605, -23.865792 ], [ -55.014569, -23.860553 ], [ -55.020831, -23.862217 ], [ -55.024692, -23.853179 ], [ -55.025744, -23.857637 ], [ -55.033937, -23.856594 ], [ -55.044941, -23.839245 ], [ -55.054186, -23.844579 ], [ -55.061038, -23.838338 ], [ -55.076175, -23.841772 ], [ -55.074649, -23.834676 ], [ -55.08194, -23.82888 ], [ -55.080743, -23.822376 ], [ -55.091937, -23.813634 ], [ -55.09414, -23.803246 ], [ -55.105928, -23.797135 ], [ -55.110328, -23.781695 ], [ -55.118615, -23.782175 ], [ -55.124377, -23.775256 ], [ -55.13356, -23.774255 ], [ -55.131617, -23.76822 ], [ -55.147061, -23.77762 ], [ -55.156005, -23.780889 ], [ -55.161205, -23.777983 ], [ -55.179658, -23.789972 ], [ -55.192252, -23.791646 ], [ -55.20014, -23.802479 ], [ -55.213677, -23.804112 ], [ -55.222601, -23.800364 ], [ -55.248256, -23.805274 ], [ -55.279839, -23.826203 ], [ -55.274171, -23.848741 ], [ -55.262223, -23.857258 ], [ -55.24652, -23.881931 ], [ -55.239144, -23.883034 ], [ -55.246309, -23.885311 ], [ -55.245369, -23.899231 ], [ -55.236449, -23.920441 ], [ -55.264359, -23.92755 ], [ -55.271201, -23.925637 ], [ -55.262023, -23.991709 ], [ -55.245955, -23.998238 ], [ -55.22904, -24.013967 ], [ -55.206924, -24.003603 ], [ -55.199387, -23.995809 ], [ -55.19842, -23.986694 ], [ -55.181196, -23.987868 ], [ -55.178659, -23.993799 ], [ -55.155948, -23.983151 ], [ -55.149083, -23.989378 ], [ -55.138073, -23.986957 ], [ -55.128726, -23.98373 ], [ -55.124675, -23.976069 ], [ -55.118398, -23.977152 ], [ -55.107172, -23.961947 ], [ -55.090358, -23.982575 ], [ -55.075296, -23.984712 ], [ -55.072861, -23.979955 ], [ -55.071735, -23.987483 ], [ -55.062331, -23.993289 ], [ -55.051285, -23.980559 ], [ -55.045979, -23.984173 ] ] ] } },
{ "type": "Feature", "properties": { "CD_MUN": "5007695", "NM_MUN": "São Gabriel do Oeste", "SIGLA_UF": "MS", "AREA_KM2": 3850.674 }, "geometry": { "type": "Polygon", "coordinates": [ [ [ -54.377597, -19.415911 ], [ -54.36782, -19.41292 ], [ -54.354865, -19.418107 ], [ -54.351563, -19.40918 ], [ -54.329694, -19.417224 ], [ -54.328435, -19.411034 ], [ -54.316757, -19.410961 ], [ -54.317665, -19.324364 ], [ -54.29825, -19.313321 ], [ -54.283378, -19.316648 ], [ -54.275718, -19.313924 ], [ -54.274654, -19.290653 ], [ -54.253264, -19.271028 ], [ -54.250633, -19.257676 ], [ -54.236242, -19.251211 ], [ -54.206016, -19.252974 ], [ -54.21043, -19.241889 ], [ -54.199929, -19.240846 ], [ -54.197366, -19.236242 ], [ -54.205088, -19.227253 ], [ -54.201241, -19.221565 ], [ -54.192873, -19.21968 ], [ -54.201641, -19.211428 ], [ -54.212439, -19.209512 ], [ -54.209248, -19.196949 ], [ -54.198472, -19.196182 ], [ -54.196446, -19.193987 ], [ -54.208268, -19.185444 ], [ -54.212175, -19.188117 ], [ -54.219422, -19.18482 ], [ -54.210644, -19.179375 ], [ -54.208142, -19.169453 ], [ -54.220661, -19.157358 ], [ -54.216297, -19.126726 ], [ -54.207322, -19.125762 ], [ -54.205374, -19.120833 ], [ -54.22669, -19.12038 ], [ -54.241953, -19.108853 ], [ -54.242075, -19.104113 ], [ -54.23265, -19.100012 ], [ -54.229815, -19.088242 ], [ -54.254166, -19.078805 ], [ -54.254915, -19.073863 ], [ -54.246249, -19.068085 ], [ -54.2416, -19.053123 ], [ -54.258182, -19.040469 ], [ -54.234631, -19.033239 ], [ -54.233428, -19.038942 ], [ -54.223624, -19.043336 ], [ -54.220022, -19.038205 ], [ -54.214398, -19.046151 ], [ -54.205185, -19.047707 ], [ -54.207407, -19.037557 ], [ -54.201662, -19.036167 ], [ -54.202847, -19.030734 ], [ -54.197355, -19.024741 ], [ -54.186193, -19.022611 ], [ -54.192103, -18.999505 ], [ -54.189893, -18.976298 ], [ -54.199782, -18.956559 ], [ -54.193066, -18.939453 ], [ -54.203545, -18.923357 ], [ -54.212436, -18.884103 ], [ -54.240749, -18.860768 ], [ -54.258846, -18.833454 ], [ -54.260477, -18.791171 ], [ -54.267559, -18.78883 ], [ -54.278388, -18.774738 ], [ -54.281859, -18.757223 ], [ -54.300973, -18.737769 ], [ -54.326831, -18.733037 ], [ -54.333691, -18.720529 ], [ -54.341451, -18.717489 ], [ -54.367528, -18.718741 ], [ -54.380643, -18.707583 ], [ -54.393262, -18.704977 ], [ -54.398741, -18.708752 ], [ -54.410363, -18.705197 ], [ -54.417288, -18.71157 ], [ -54.424818, -18.710026 ], [ -54.43455, -18.723349 ], [ -54.44598, -18.729265 ], [ -54.455303, -18.720498 ], [ -54.460414, -18.726061 ], [ -54.475505, -18.729278 ], [ -54.489464, -18.724527 ], [ -54.532377, -18.725231 ], [ -54.557319, -18.713332 ], [ -54.565837, -18.715571 ], [ -54.574033, -18.712271 ], [ -54.579302, -18.733683 ], [ -54.565881, -18.744332 ], [ -54.569334, -18.762089 ], [ -54.528372, -18.784097 ], [ -54.530823, -18.801089 ], [ -54.518841, -18.810506 ], [ -54.516316, -18.820085 ], [ -54.520626, -18.84688 ], [ -54.49806, -18.860333 ], [ -54.482482, -18.859344 ], [ -54.482911, -18.873717 ], [ -54.46029, -18.889302 ], [ -54.459977, -18.895299 ], [ -54.453757, -18.894698 ], [ -54.45037, -18.901301 ], [ -54.441493, -18.901322 ], [ -54.441367, -18.909856 ], [ -54.448015, -18.919184 ], [ -54.442238, -18.919115 ], [ -54.43942, -18.926939 ], [ -54.428901, -18.928621 ], [ -54.424905, -18.934539 ], [ -54.427601, -18.938139 ], [ -54.420909, -18.941139 ], [ -54.420596, -18.949682 ], [ -54.408935, -18.953316 ], [ -54.396206, -18.95079 ], [ -54.4007, -18.975146 ], [ -54.39335, -18.981853 ], [ -54.404303, -18.988092 ], [ -54.409775, -18.976822 ], [ -54.418371, -18.978543 ], [ -54.435131, -18.973287 ], [ -54.439222, -18.984466 ], [ -54.454375, -18.973909 ], [ -54.486483, -18.979792 ], [ -54.490253, -18.973329 ], [ -54.497303, -18.976445 ], [ -54.508543, -18.972211 ], [ -54.510114, -18.966699 ], [ -54.519, -18.972008 ], [ -54.535324, -18.958011 ], [ -54.558062, -18.954365 ], [ -54.566396, -18.957067 ], [ -54.566525, -18.963564 ], [ -54.576092, -18.970984 ], [ -54.609147, -18.97847 ], [ -54.612398, -18.983864 ], [ -54.64057, -18.995499 ], [ -54.650951, -19.007826 ], [ -54.690866, -19.024158 ], [ -54.697619, -19.046615 ], [ -54.721522, -19.064622 ], [ -54.721561, -19.098132 ], [ -54.745545, -19.135527 ], [ -54.753011, -19.140479 ], [ -54.757287, -19.160218 ], [ -54.786095, -19.170405 ], [ -54.805506, -19.193469 ], [ -54.805327, -19.201145 ], [ -54.789471, -19.205107 ], [ -54.766284, -19.225231 ], [ -54.741368, -19.229203 ], [ -54.748988, -19.265633 ], [ -54.71074, -19.30332 ], [ -54.724398, -19.314533 ], [ -54.729345, -19.33221 ], [ -54.740211, -19.347903 ], [ -54.747254, -19.37549 ], [ -54.782177, -19.425465 ], [ -54.780173, -19.439962 ], [ -54.794905, -19.45542 ], [ -54.786274, -19.472879 ], [ -54.732477, -19.508774 ], [ -54.737501, -19.510909 ], [ -54.735144, -19.517635 ], [ -54.747141, -19.521442 ], [ -54.749063, -19.532367 ], [ -54.745555, -19.540386 ], [ -54.730929, -19.543653 ], [ -54.736814, -19.552896 ], [ -54.728007, -19.559704 ], [ -54.733122, -19.568795 ], [ -54.723907, -19.577942 ], [ -54.723544, -19.585241 ], [ -54.728316, -19.586975 ], [ -54.720725, -19.593103 ], [ -54.722452, -19.596911 ], [ -54.697142, -19.589987 ], [ -54.676211, -19.596892 ], [ -54.639164, -19.578003 ], [ -54.62743, -19.560561 ], [ -54.604141, -19.565159 ], [ -54.598514, -19.560818 ], [ -54.586243, -19.56343 ], [ -54.551205, -19.531324 ], [ -54.538588, -19.537286 ], [ -54.512889, -19.537833 ], [ -54.503318, -19.558069 ], [ -54.489823, -19.562498 ], [ -54.473648, -19.550872 ], [ -54.468187, -19.539813 ], [ -54.458286, -19.540045 ], [ -54.430648, -19.553309 ], [ -54.437555, -19.52386 ], [ -54.429717, -19.505172 ], [ -54.42979, -19.47634 ], [ -54.40142, -19.470042 ], [ -54.389237, -19.461357 ], [ -54.388038, -19.453188 ], [ -54.377251, -19.445488 ], [ -54.371476, -19.42631 ], [ -54.377597, -19.415911 ] ] ] } },
{ "type": "Feature", "properties": { "CD_MUN": "5007802", "NM_MUN": "Selvíria", "SIGLA_UF": "MS", "AREA_KM2": 3254.917 }, "geometry": { "type": "Polygon", "coordinates": [ [ [ -51.539013, -20.208127 ], [ -51.552687, -20.193081 ], [ -51.563503, -20.187795 ], [ -51.58139, -20.158183 ], [ -51.596746, -20.152439 ], [ -51.598139, -20.146199 ], [ -51.624002, -20.120537 ], [ -51.623695, -20.113263 ], [ -51.631699, -20.107881 ], [ -51.628286, -20.1015 ], [ -51.652177, -20.08736 ], [ -51.653146, -20.078306 ], [ -51.666869, -20.067519 ], [ -51.670766, -20.058342 ], [ -51.678419, -20.057547 ], [ -51.690981, -20.045904 ], [ -51.70569, -20.045453 ], [ -51.730449, -20.032821 ], [ -51.752041, -20.032869 ], [ -51.755321, -20.022542 ], [ -51.762042, -20.017913 ], [ -51.757672, -19.989053 ], [ -51.765328, -19.975862 ], [ -51.764796, -19.956252 ], [ -51.780726, -19.926214 ], [ -51.780445, -19.912707 ], [ -51.847655, -20.005732 ], [ -51.870592, -20.003114 ], [ -51.896035, -20.024654 ], [ -51.909773, -20.022791 ], [ -51.921964, -20.027713 ], [ -51.973095, -20.020984 ], [ -52.032879, -20.042047 ], [ -52.043236, -20.050585 ], [ -52.057587, -20.073323 ], [ -52.06411, -20.072917 ], [ -52.071589, -20.080842 ], [ -52.082987, -20.079122 ], [ -52.092469, -20.084585 ], [ -52.106276, -20.106748 ], [ -52.107413, -20.122716 ], [ -52.120402, -20.131102 ], [ -52.11559, -20.141361 ], [ -52.10774, -20.143509 ], [ -52.100914, -20.175139 ], [ -52.08942, -20.182516 ], [ -52.085028, -20.19529 ], [ -52.091769, -20.21075 ], [ -52.0852, -20.223651 ], [ -52.095971, -20.252261 ], [ -52.082107, -20.268283 ], [ -52.091506, -20.280803 ], [ -52.075402, -20.288975 ], [ -52.080509, -20.305481 ], [ -52.069852, -20.326461 ], [ -52.072624, -20.33858 ], [ -52.066279, -20.351822 ], [ -52.06792, -20.360967 ], [ -52.064228, -20.365541 ], [ -52.055915, -20.365241 ], [ -52.05609, -20.375774 ], [ -52.047348, -20.387777 ], [ -52.039694, -20.388901 ], [ -52.023997, -20.405089 ], [ -52.023219, -20.419079 ], [ -52.011886, -20.422557 ], [ -52.005475, -20.431092 ], [ -52.007457, -20.452026 ], [ -52.012565, -20.461082 ], [ -51.986123, -20.471459 ], [ -51.98624, -20.482615 ], [ -51.967251, -20.483855 ], [ -51.950318, -20.512348 ], [ -51.927485, -20.524235 ], [ -51.900612, -20.48377 ], [ -51.893737, -20.479444 ], [ -51.873916, -20.482666 ], [ -51.859564, -20.461098 ], [ -51.84558, -20.456054 ], [ -51.832878, -20.443388 ], [ -51.820678, -20.442192 ], [ -51.808192, -20.448294 ], [ -51.789073, -20.449112 ], [ -51.764549, -20.436061 ], [ -51.751319, -20.435694 ], [ -51.722557, -20.454733 ], [ -51.71885, -20.467792 ], [ -51.706472, -20.475709 ], [ -51.699479, -20.490597 ], [ -51.676118, -20.492372 ], [ -51.652448, -20.515868 ], [ -51.640438, -20.539021 ], [ -51.624594, -20.553744 ], [ -51.61422, -20.579597 ], [ -51.58321, -20.596172 ], [ -51.581271, -20.621617 ], [ -51.567632, -20.618325 ], [ -51.533005, -20.596994 ], [ -51.500222, -20.568216 ], [ -51.492856, -20.546506 ], [ -51.463783, -20.501453 ], [ -51.444368, -20.478917 ], [ -51.40928, -20.459571 ], [ -51.375116, -20.396527 ], [ -51.361224, -20.38454 ], [ -51.343547, -20.355635 ], [ -51.356471, -20.340514 ], [ -51.362484, -20.320266 ], [ -51.398817, -20.296183 ], [ -51.416646, -20.291838 ], [ -51.452529, -20.257321 ], [ -51.496972, -20.243717 ], [ -51.511812, -20.226747 ], [ -51.539013, -20.208127 ] ] ] } },
{ "type": "Feature", "properties": { "CD_MUN": "5007109", "NM_MUN": "Ribas do Rio Pardo", "SIGLA_UF": "MS", "AREA_KM2": 17315.212 }, "geometry": { "type": "Polygon", "coordinates": [ [ [ -53.639725, -21.457218 ], [ -53.632677, -21.459875 ], [ -53.639557, -21.461322 ], [ -53.637478, -21.468413 ], [ -53.622297, -21.470297 ], [ -53.614408, -21.476614 ], [ -53.618768, -21.481439 ], [ -53.613766, -21.483865 ], [ -53.614298, -21.493033 ], [ -53.606518, -21.502077 ], [ -53.611179, -21.517858 ], [ -53.618235, -21.520105 ], [ -53.613303, -21.52097 ], [ -53.616934, -21.526911 ], [ -53.612669, -21.524728 ], [ -53.60389, -21.535594 ], [ -53.609596, -21.539673 ], [ -53.605276, -21.545236 ], [ -53.611132, -21.548557 ], [ -53.600442, -21.554478 ], [ -53.604802, -21.564347 ], [ -53.607705, -21.560604 ], [ -53.609404, -21.565677 ], [ -53.614824, -21.561794 ], [ -53.621093, -21.576005 ], [ -53.60487, -21.595132 ], [ -53.595136, -21.589544 ], [ -53.589259, -21.591566 ], [ -53.589503, -21.59525 ], [ -53.597033, -21.596296 ], [ -53.588194, -21.607167 ], [ -53.57809, -21.609774 ], [ -53.572311, -21.605702 ], [ -53.568759, -21.608779 ], [ -53.568348, -21.601635 ], [ -53.56162, -21.600577 ], [ -53.548808, -21.606615 ], [ -53.509738, -21.587006 ], [ -53.501897, -21.591593 ], [ -53.50269, -21.596486 ], [ -53.493637, -21.599931 ], [ -53.489856, -21.588455 ], [ -53.478687, -21.585201 ], [ -53.476603, -21.578493 ], [ -53.470187, -21.577873 ], [ -53.467123, -21.572159 ], [ -53.443459, -21.574128 ], [ -53.439409, -21.555737 ], [ -53.428564, -21.552468 ], [ -53.421474, -21.557473 ], [ -53.41927, -21.565655 ], [ -53.402258, -21.560251 ], [ -53.396496, -21.569665 ], [ -53.38238, -21.56718 ], [ -53.376386, -21.575778 ], [ -53.381701, -21.579838 ], [ -53.371153, -21.576662 ], [ -53.367145, -21.580092 ], [ -53.362466, -21.576149 ], [ -53.35268, -21.585947 ], [ -53.346065, -21.586991 ], [ -53.348039, -21.583559 ], [ -53.34488, -21.583601 ], [ -53.341303, -21.589035 ], [ -53.343663, -21.595209 ], [ -53.339112, -21.597484 ], [ -53.331876, -21.594317 ], [ -53.319589, -21.597983 ], [ -53.315151, -21.581244 ], [ -53.304139, -21.588696 ], [ -53.286669, -21.583758 ], [ -53.277631, -21.592542 ], [ -53.263189, -21.582059 ], [ -53.248818, -21.588477 ], [ -53.244132, -21.599993 ], [ -53.232006, -21.59276 ], [ -53.230156, -21.581893 ], [ -53.208828, -21.570753 ], [ -53.197112, -21.577762 ], [ -53.190106, -21.577255 ], [ -53.189353, -21.587637 ], [ -53.180188, -21.595811 ], [ -53.168961, -21.589327 ], [ -53.155847, -21.592854 ], [ -53.152156, -21.584123 ], [ -53.138202, -21.575137 ], [ -53.119538, -21.592662 ], [ -53.105375, -21.584215 ], [ -53.081936, -21.588734 ], [ -53.073734, -21.600109 ], [ -53.065745, -21.599257 ], [ -53.062861, -21.606357 ], [ -53.04654, -21.609582 ], [ -53.042957, -21.616234 ], [ -53.029935, -21.607283 ], [ -53.0209, -21.620155 ], [ -53.01311, -21.618425 ], [ -53.009883, -21.625756 ], [ -52.99733, -21.632497 ], [ -52.99597, -21.624252 ], [ -53.004916, -21.606598 ], [ -53.002113, -21.594794 ], [ -53.013309, -21.573466 ], [ -53.010328, -21.566767 ], [ -53.014016, -21.549159 ], [ -53.020822, -21.526298 ], [ -53.027966, -21.519124 ], [ -53.022665, -21.504543 ], [ -53.027579, -21.496155 ], [ -53.037139, -21.502295 ], [ -53.04064, -21.499813 ], [ -53.036026, -21.488851 ], [ -53.047334, -21.474681 ], [ -53.047462, -21.466346 ], [ -53.054725, -21.45633 ], [ -53.050896, -21.448264 ], [ -53.061307, -21.432114 ], [ -53.051745, -21.426301 ], [ -53.052226, -21.408255 ], [ -53.063133, -21.400564 ], [ -53.065655, -21.388459 ], [ -53.082984, -21.371849 ], [ -53.086437, -21.356805 ], [ -53.095886, -21.351131 ], [ -53.098102, -21.32956 ], [ -53.114645, -21.303099 ], [ -53.112792, -21.293867 ], [ -53.119873, -21.282998 ], [ -53.114417, -21.268909 ], [ -53.117256, -21.263217 ], [ -53.124964, -21.261315 ], [ -53.129737, -21.243644 ], [ -53.125376, -21.233394 ], [ -53.133099, -21.226711 ], [ -53.127924, -21.218204 ], [ -53.133179, -21.208669 ], [ -53.135298, -21.182426 ], [ -53.139568, -21.179141 ], [ -53.134546, -21.169272 ], [ -53.14318, -21.15772 ], [ -53.137938, -21.152951 ], [ -53.140663, -21.140504 ], [ -53.152379, -21.135025 ], [ -53.160614, -21.122018 ], [ -53.174768, -21.111106 ], [ -53.178317, -21.100458 ], [ -53.18558, -21.094537 ], [ -53.190486, -21.068542 ], [ -53.218796, -21.04899 ], [ -53.21801, -21.041561 ], [ -53.242558, -21.013019 ], [ -53.245626, -20.997452 ], [ -53.258308, -20.994168 ], [ -53.262398, -20.986556 ], [ -53.269941, -20.988395 ], [ -53.280894, -20.978773 ], [ -53.294181, -20.952958 ], [ -53.285471, -20.932578 ], [ -53.276761, -20.928448 ], [ -53.272816, -20.907567 ], [ -53.264483, -20.902402 ], [ -53.260499, -20.888299 ], [ -53.233974, -20.877937 ], [ -53.219368, -20.859644 ], [ -53.175649, -20.82297 ], [ -53.166924, -20.759813 ], [ -53.176814, -20.73889 ], [ -53.178995, -20.722737 ], [ -53.174262, -20.698555 ], [ -53.167432, -20.688702 ], [ -53.128363, -20.690131 ], [ -53.10278, -20.674779 ], [ -53.085333, -20.681349 ], [ -53.038757, -20.653916 ], [ -53.001799, -20.654282 ], [ -52.964862, -20.645401 ], [ -52.94133, -20.629266 ], [ -52.894203, -20.611764 ], [ -52.858397, -20.577417 ], [ -52.823806, -20.553581 ], [ -52.817139, -20.541363 ], [ -52.822043, -20.540162 ], [ -52.824126, -20.529732 ], [ -52.843275, -20.511996 ], [ -52.843734, -20.503835 ], [ -52.868587, -20.45434 ], [ -52.900456, -20.446198 ], [ -52.903183, -20.435305 ], [ -52.915114, -20.432363 ], [ -52.933125, -20.411727 ], [ -52.933851, -20.405613 ], [ -52.943315, -20.405668 ], [ -52.949271, -20.38655 ], [ -52.955571, -20.381006 ], [ -52.954489, -20.375164 ], [ -52.962397, -20.376853 ], [ -52.970649, -20.364123 ], [ -53.00746, -20.348254 ], [ -53.009675, -20.339333 ], [ -53.015154, -20.342795 ], [ -53.031646, -20.334457 ], [ -53.036408, -20.32418 ], [ -53.05526, -20.311768 ], [ -53.060412, -20.301471 ], [ -53.069859, -20.298623 ], [ -53.073, -20.288382 ], [ -53.083292, -20.281336 ], [ -53.08561, -20.256963 ], [ -53.098851, -20.239771 ], [ -53.093876, -20.213181 ], [ -53.08824, -20.208945 ], [ -53.095547, -20.191592 ], [ -53.10822, -20.177747 ], [ -53.109521, -20.167799 ], [ -53.11978, -20.163094 ], [ -53.117995, -20.1563 ], [ -53.137226, -20.141562 ], [ -53.151159, -20.137806 ], [ -53.152441, -20.124817 ], [ -53.173108, -20.092714 ], [ -53.179941, -20.059252 ], [ -53.189771, -20.048877 ], [ -53.20759, -20.041626 ], [ -53.223619, -20.022007 ], [ -53.231538, -20.017379 ], [ -53.239982, -20.021493 ], [ -53.254046, -20.007864 ], [ -53.259161, -20.00032 ], [ -53.257362, -19.989744 ], [ -53.275655, -19.976701 ], [ -53.288442, -19.954911 ], [ -53.28563, -19.949068 ], [ -53.298072, -19.934693 ], [ -53.298134, -19.927113 ], [ -53.314235, -19.914146 ], [ -53.314125, -19.900508 ], [ -53.322564, -19.899312 ], [ -53.329467, -19.886737 ], [ -53.336574, -19.892017 ], [ -53.343841, -19.890933 ], [ -53.366643, -19.877386 ], [ -53.37257, -19.86019 ], [ -53.382222, -19.848905 ], [ -53.383028, -19.832787 ], [ -53.388511, -19.82868 ], [ -53.386478, -19.821159 ], [ -53.397715, -19.809673 ], [ -53.397114, -19.803724 ], [ -53.40525, -19.798232 ], [ -53.405093, -19.791565 ], [ -53.424717, -19.784903 ], [ -53.453027, -19.797868 ], [ -53.471235, -19.788135 ], [ -53.494162, -19.794272 ], [ -53.512169, -19.790943 ], [ -53.513948, -19.785146 ], [ -53.521549, -19.781917 ], [ -53.563153, -19.784433 ], [ -53.578207, -19.775659 ], [ -53.579353, -19.771058 ], [ -53.600319, -19.771652 ], [ -53.615158, -19.759235 ], [ -53.618916, -19.749087 ], [ -53.633955, -19.740027 ], [ -53.648565, -19.70782 ], [ -53.657942, -19.706717 ], [ -53.665874, -19.697312 ], [ -53.710387, -19.681297 ], [ -53.721345, -19.664261 ], [ -53.762023, -19.636722 ], [ -53.773591, -19.620937 ], [ -53.782696, -19.616876 ], [ -53.794516, -19.581379 ], [ -53.822486, -19.551214 ], [ -53.839147, -19.537299 ], [ -53.862587, -19.530282 ], [ -53.904348, -19.702243 ], [ -53.92702, -19.714402 ], [ -53.946624, -19.708406 ], [ -53.954643, -19.709955 ], [ -53.96591, -19.722494 ], [ -53.984918, -19.721232 ], [ -53.99535, -19.729423 ], [ -53.986861, -19.750448 ], [ -53.991923, -19.766556 ], [ -53.978183, -19.781519 ], [ -53.978071, -19.802472 ], [ -53.969689, -19.815858 ], [ -53.973385, -19.821136 ], [ -53.972053, -19.837951 ], [ -53.964214, -19.848599 ], [ -53.963108, -19.861546 ], [ -53.948265, -19.867392 ], [ -53.940911, -19.883641 ], [ -53.928869, -19.896189 ], [ -53.930444, -19.900675 ], [ -53.920755, -19.907177 ], [ -53.919003, -19.926437 ], [ -53.907659, -19.937665 ], [ -53.910308, -19.942596 ], [ -53.901923, -19.964636 ], [ -53.904071, -19.97487 ], [ -53.898759, -19.97839 ], [ -53.895569, -19.995151 ], [ -53.904869, -19.993339 ], [ -53.919223, -19.999549 ], [ -53.938593, -19.995344 ], [ -53.95098, -19.998488 ], [ -53.960073, -20.017361 ], [ -53.958298, -20.031009 ], [ -53.976131, -20.048091 ], [ -54.054333, -20.06981 ], [ -54.059421, -20.087605 ], [ -54.0856, -20.101189 ], [ -54.100043, -20.118092 ], [ -54.081776, -20.141811 ], [ -54.07519, -20.145606 ], [ -54.071516, -20.144752 ], [ -54.068779, -20.146977 ], [ -54.071954, -20.147836 ], [ -54.062906, -20.171079 ], [ -54.066023, -20.177554 ], [ -54.05877, -20.189823 ], [ -54.058607, -20.184951 ], [ -54.046318, -20.196828 ], [ -54.044826, -20.203926 ], [ -54.049628, -20.204893 ], [ -54.049015, -20.208768 ], [ -54.043865, -20.207081 ], [ -54.042493, -20.21248 ], [ -54.038099, -20.209071 ], [ -54.034642, -20.211831 ], [ -54.030288, -20.221574 ], [ -54.024381, -20.222442 ], [ -54.020558, -20.230981 ], [ -54.017485, -20.229173 ], [ -54.015785, -20.240724 ], [ -54.010802, -20.235875 ], [ -54.006439, -20.264428 ], [ -53.996943, -20.260687 ], [ -53.995594, -20.274689 ], [ -53.99185, -20.272342 ], [ -53.984271, -20.276924 ], [ -53.983113, -20.283342 ], [ -53.988155, -20.28713 ], [ -53.981615, -20.291397 ], [ -53.990561, -20.297922 ], [ -53.986349, -20.301634 ], [ -53.988625, -20.309237 ], [ -53.982157, -20.308424 ], [ -53.984413, -20.312997 ], [ -53.979734, -20.315094 ], [ -53.963264, -20.315866 ], [ -53.953508, -20.326496 ], [ -53.956745, -20.32965 ], [ -53.948046, -20.332003 ], [ -53.941482, -20.339742 ], [ -53.929781, -20.343192 ], [ -53.914947, -20.341382 ], [ -53.90874, -20.352852 ], [ -53.898964, -20.35217 ], [ -53.889611, -20.357695 ], [ -53.892114, -20.363943 ], [ -53.883756, -20.363272 ], [ -53.890416, -20.37466 ], [ -53.902609, -20.369386 ], [ -53.914224, -20.374751 ], [ -53.913134, -20.370259 ], [ -53.917652, -20.369516 ], [ -53.924396, -20.377406 ], [ -53.937107, -20.377808 ], [ -53.941017, -20.382214 ], [ -53.96634, -20.381493 ], [ -53.973347, -20.386754 ], [ -53.971332, -20.390274 ], [ -53.983472, -20.397156 ], [ -53.989298, -20.390937 ], [ -54.003327, -20.40089 ], [ -54.008293, -20.393392 ], [ -54.011526, -20.399783 ], [ -54.009175, -20.409369 ], [ -54.017348, -20.407819 ], [ -54.022553, -20.411463 ], [ -54.02168, -20.405358 ], [ -54.02608, -20.405711 ], [ -54.02315, -20.401691 ], [ -54.02928, -20.403614 ], [ -54.026787, -20.413729 ], [ -54.035107, -20.412513 ], [ -54.032459, -20.414979 ], [ -54.039292, -20.417284 ], [ -54.039221, -20.423442 ], [ -54.045194, -20.421387 ], [ -54.04943, -20.424782 ], [ -54.051332, -20.420351 ], [ -54.060913, -20.420417 ], [ -54.059742, -20.428523 ], [ -54.078166, -20.426246 ], [ -54.082049, -20.435024 ], [ -54.089806, -20.436501 ], [ -54.096014, -20.430485 ], [ -54.103688, -20.43895 ], [ -54.119081, -20.436719 ], [ -54.121086, -20.439322 ], [ -54.114005, -20.443872 ], [ -54.120571, -20.446315 ], [ -54.128403, -20.44269 ], [ -54.128388, -20.446909 ], [ -54.141286, -20.456804 ], [ -54.145983, -20.448078 ], [ -54.149707, -20.451996 ], [ -54.156494, -20.445579 ], [ -54.161137, -20.455352 ], [ -54.168162, -20.454557 ], [ -54.170435, -20.460781 ], [ -54.17282, -20.45695 ], [ -54.178255, -20.465483 ], [ -54.183824, -20.461183 ], [ -54.182794, -20.490151 ], [ -54.195482, -20.537037 ], [ -54.177969, -20.60245 ], [ -54.184885, -20.625314 ], [ -54.19386, -20.637799 ], [ -54.196002, -20.657548 ], [ -54.20663, -20.674625 ], [ -54.202385, -20.711033 ], [ -54.196055, -20.70927 ], [ -54.175403, -20.72519 ], [ -54.172699, -20.750849 ], [ -54.163741, -20.755803 ], [ -54.157752, -20.772473 ], [ -54.128563, -20.788397 ], [ -54.111345, -20.785267 ], [ -54.092097, -20.798031 ], [ -54.064477, -20.836477 ], [ -54.023018, -20.854908 ], [ -54.016943, -20.881303 ], [ -54.004601, -20.895333 ], [ -54.00549, -20.922791 ], [ -53.986053, -20.933918 ], [ -53.97312, -20.953063 ], [ -53.952447, -20.960274 ], [ -53.940947, -20.956538 ], [ -53.916027, -20.958075 ], [ -53.913147, -20.961379 ], [ -53.908427, -20.957906 ], [ -53.908448, -20.962603 ], [ -53.887976, -20.978989 ], [ -53.876129, -20.983071 ], [ -53.866018, -20.98105 ], [ -53.856272, -20.989635 ], [ -53.855585, -20.999477 ], [ -53.843886, -21.017 ], [ -53.85063, -21.019322 ], [ -53.845887, -21.031189 ], [ -53.848014, -21.043987 ], [ -53.836464, -21.052582 ], [ -53.828228, -21.050724 ], [ -53.821746, -21.057464 ], [ -53.82298, -21.062772 ], [ -53.815929, -21.066987 ], [ -53.813834, -21.064224 ], [ -53.804529, -21.073836 ], [ -53.787086, -21.069563 ], [ -53.769996, -21.074897 ], [ -53.764684, -21.08138 ], [ -53.758926, -21.080353 ], [ -53.752895, -21.102988 ], [ -53.746784, -21.100276 ], [ -53.735529, -21.107417 ], [ -53.739217, -21.108965 ], [ -53.738879, -21.117653 ], [ -53.726883, -21.132319 ], [ -53.726887, -21.145859 ], [ -53.70606, -21.156339 ], [ -53.696953, -21.173525 ], [ -53.684702, -21.180512 ], [ -53.681787, -21.190333 ], [ -53.685867, -21.203189 ], [ -53.680794, -21.218926 ], [ -53.683759, -21.224308 ], [ -53.675614, -21.231356 ], [ -53.679645, -21.237317 ], [ -53.6741, -21.242122 ], [ -53.670505, -21.259942 ], [ -53.66329, -21.264059 ], [ -53.665933, -21.268099 ], [ -53.661296, -21.269121 ], [ -53.660352, -21.278188 ], [ -53.647795, -21.289282 ], [ -53.648341, -21.29684 ], [ -53.642258, -21.301859 ], [ -53.644025, -21.307711 ], [ -53.6374, -21.316962 ], [ -53.640128, -21.328861 ], [ -53.633051, -21.330769 ], [ -53.637499, -21.34041 ], [ -53.629873, -21.344554 ], [ -53.624822, -21.360569 ], [ -53.617135, -21.363308 ], [ -53.61657, -21.375786 ], [ -53.621245, -21.382186 ], [ -53.612725, -21.384793 ], [ -53.617057, -21.387817 ], [ -53.616359, -21.399964 ], [ -53.620041, -21.40004 ], [ -53.617589, -21.406995 ], [ -53.623253, -21.410574 ], [ -53.617334, -21.417377 ], [ -53.62768, -21.423095 ], [ -53.62504, -21.431746 ], [ -53.63102, -21.434361 ], [ -53.625037, -21.435043 ], [ -53.629902, -21.440365 ], [ -53.626191, -21.441813 ], [ -53.636161, -21.446526 ], [ -53.639725, -21.457218 ] ] ] } },
{ "type": "Feature", "properties": { "CD_MUN": "5007307", "NM_MUN": "Rio Negro", "SIGLA_UF": "MS", "AREA_KM2": 1828.8 }, "geometry": { "type": "Polygon", "coordinates": [ [ [ -55.051787, -19.629721 ], [ -55.038904, -19.637595 ], [ -55.042459, -19.645677 ], [ -55.039584, -19.65727 ], [ -55.047757, -19.658136 ], [ -55.038942, -19.671468 ], [ -55.039664, -19.677206 ], [ -55.036307, -19.68015 ], [ -55.027986, -19.675997 ], [ -55.027312, -19.698252 ], [ -55.012049, -19.701274 ], [ -55.000385, -19.700227 ], [ -54.991254, -19.68974 ], [ -54.98328, -19.691892 ], [ -54.97005, -19.684864 ], [ -54.959234, -19.684667 ], [ -54.947685, -19.693529 ], [ -54.934525, -19.694657 ], [ -54.901405, -19.679337 ], [ -54.896073, -19.6728 ], [ -54.897462, -19.66045 ], [ -54.892811, -19.652418 ], [ -54.838594, -19.647577 ], [ -54.838129, -19.608093 ], [ -54.833911, -19.598195 ], [ -54.824243, -19.593754 ], [ -54.812258, -19.535976 ], [ -54.818166, -19.490358 ], [ -54.799125, -19.476129 ], [ -54.794905, -19.45542 ], [ -54.778555, -19.436702 ], [ -54.782177, -19.425465 ], [ -54.747254, -19.37549 ], [ -54.740211, -19.347903 ], [ -54.729345, -19.33221 ], [ -54.724398, -19.314533 ], [ -54.71074, -19.30332 ], [ -54.748988, -19.265633 ], [ -54.741368, -19.229203 ], [ -54.766284, -19.225231 ], [ -54.789471, -19.205107 ], [ -54.861169, -19.186812 ], [ -54.873979, -19.188729 ], [ -54.882813, -19.200797 ], [ -54.881342, -19.207295 ], [ -54.892009, -19.208282 ], [ -54.894905, -19.21973 ], [ -54.903369, -19.224054 ], [ -54.903565, -19.229306 ], [ -54.909326, -19.228837 ], [ -54.910359, -19.233826 ], [ -54.988783, -19.233434 ], [ -55.000385, -19.249354 ], [ -55.008714, -19.252043 ], [ -55.003164, -19.265291 ], [ -55.014145, -19.272232 ], [ -55.013513, -19.279672 ], [ -55.019664, -19.280943 ], [ -55.02116, -19.289512 ], [ -55.012629, -19.292679 ], [ -55.018975, -19.300792 ], [ -55.025622, -19.29783 ], [ -55.023215, -19.308232 ], [ -55.033051, -19.310258 ], [ -55.034824, -19.31968 ], [ -55.047539, -19.326859 ], [ -55.052405, -19.34745 ], [ -55.057991, -19.351054 ], [ -55.060144, -19.344283 ], [ -55.063431, -19.348506 ], [ -55.073859, -19.34109 ], [ -55.083421, -19.342202 ], [ -55.084687, -19.337877 ], [ -55.09123, -19.341087 ], [ -55.100041, -19.332487 ], [ -55.124012, -19.35296 ], [ -55.111905, -19.369943 ], [ -55.149201, -19.386335 ], [ -55.163478, -19.403467 ], [ -55.187489, -19.404222 ], [ -55.203931, -19.416757 ], [ -55.204167, -19.42855 ], [ -55.209616, -19.435298 ], [ -55.20652, -19.441251 ], [ -55.22138, -19.463891 ], [ -55.225309, -19.48392 ], [ -55.222633, -19.489691 ], [ -55.225964, -19.496234 ], [ -55.239931, -19.500666 ], [ -55.241135, -19.521397 ], [ -55.207528, -19.55187 ], [ -55.202468, -19.56339 ], [ -55.173987, -19.594889 ], [ -55.146228, -19.614305 ], [ -55.117724, -19.624872 ], [ -55.084829, -19.630618 ], [ -55.057016, -19.60889 ], [ -55.049529, -19.607869 ], [ -55.037736, -19.614738 ], [ -55.033117, -19.624921 ], [ -55.040501, -19.621693 ], [ -55.038781, -19.629651 ], [ -55.046957, -19.626424 ], [ -55.051787, -19.629721 ] ] ] } },
{ "type": "Feature", "properties": { "CD_MUN": "5007406", "NM_MUN": "Rio Verde de Mato Grosso", "SIGLA_UF": "MS", "AREA_KM2": 8174.784 }, "geometry": { "type": "Polygon", "coordinates": [ [ [ -54.520738, -18.844125 ], [ -54.516316, -18.820085 ], [ -54.518841, -18.810506 ], [ -54.530823, -18.801089 ], [ -54.528403, -18.784023 ], [ -54.569334, -18.762089 ], [ -54.565881, -18.744332 ], [ -54.579302, -18.733683 ], [ -54.573745, -18.711553 ], [ -54.589298, -18.691788 ], [ -54.614093, -18.671126 ], [ -54.613049, -18.653583 ], [ -54.62496, -18.643036 ], [ -54.62205, -18.626245 ], [ -54.633795, -18.624126 ], [ -54.638199, -18.619011 ], [ -54.649678, -18.621143 ], [ -54.660042, -18.61301 ], [ -54.673619, -18.611151 ], [ -54.681047, -18.601428 ], [ -54.693087, -18.601536 ], [ -54.692389, -18.594843 ], [ -54.698781, -18.598547 ], [ -54.704993, -18.592329 ], [ -54.725159, -18.590212 ], [ -54.731228, -18.578485 ], [ -54.730253, -18.570127 ], [ -54.745845, -18.553878 ], [ -54.739295, -18.526955 ], [ -54.762566, -18.579137 ], [ -54.756433, -18.520643 ], [ -54.76436, -18.505442 ], [ -54.75595, -18.492583 ], [ -54.78344, -18.469285 ], [ -54.800037, -18.465284 ], [ -54.805967, -18.446433 ], [ -54.825373, -18.444622 ], [ -54.848649, -18.420428 ], [ -54.852526, -18.424332 ], [ -54.843694, -18.43531 ], [ -54.861919, -18.42796 ], [ -54.863413, -18.437893 ], [ -54.870106, -18.438649 ], [ -54.880379, -18.428874 ], [ -54.880835, -18.444153 ], [ -54.891062, -18.449095 ], [ -54.911021, -18.435301 ], [ -54.917335, -18.440145 ], [ -54.934094, -18.437605 ], [ -54.953323, -18.425488 ], [ -54.959393, -18.41226 ], [ -54.97309, -18.418409 ], [ -54.973655, -18.393945 ], [ -54.991716, -18.389064 ], [ -54.995208, -18.382131 ], [ -54.986596, -18.377926 ], [ -54.986444, -18.371614 ], [ -55.006928, -18.359259 ], [ -55.006638, -18.354468 ], [ -54.998115, -18.352069 ], [ -55.013601, -18.34377 ], [ -55.029051, -18.348322 ], [ -55.032241, -18.329738 ], [ -55.043225, -18.335531 ], [ -55.047275, -18.333803 ], [ -55.041152, -18.317664 ], [ -55.045311, -18.314789 ], [ -55.053846, -18.318694 ], [ -55.054322, -18.308589 ], [ -55.046378, -18.293975 ], [ -55.034406, -18.290458 ], [ -55.065477, -18.286664 ], [ -55.068817, -18.266735 ], [ -55.074436, -18.269803 ], [ -55.077567, -18.28048 ], [ -55.090781, -18.278284 ], [ -55.109517, -18.24583 ], [ -55.140915, -18.238336 ], [ -55.149697, -18.22114 ], [ -55.157438, -18.22241 ], [ -55.162084, -18.233016 ], [ -55.173445, -18.227569 ], [ -55.177786, -18.237946 ], [ -55.200495, -18.221834 ], [ -55.207449, -18.22789 ], [ -55.207367, -18.235866 ], [ -55.214066, -18.238288 ], [ -55.226618, -18.230832 ], [ -55.231082, -18.22274 ], [ -55.235478, -18.247394 ], [ -55.240846, -18.253093 ], [ -55.249914, -18.242902 ], [ -55.246352, -18.22884 ], [ -55.249367, -18.226198 ], [ -55.258951, -18.23898 ], [ -55.267782, -18.242785 ], [ -55.270506, -18.251092 ], [ -55.281709, -18.257523 ], [ -55.291642, -18.25107 ], [ -55.291492, -18.243153 ], [ -55.300199, -18.249718 ], [ -55.306943, -18.247449 ], [ -55.399003, -18.582094 ], [ -55.464949, -19.218648 ], [ -55.452184, -19.22169 ], [ -55.445621, -19.233384 ], [ -55.433706, -19.236494 ], [ -55.431635, -19.243844 ], [ -55.423495, -19.248415 ], [ -55.4258, -19.252266 ], [ -55.422035, -19.257751 ], [ -55.400066, -19.265586 ], [ -55.395658, -19.260107 ], [ -55.393476, -19.262563 ], [ -55.379995, -19.257693 ], [ -55.368045, -19.265047 ], [ -55.351911, -19.264304 ], [ -55.351348, -19.250519 ], [ -55.329367, -19.237443 ], [ -55.309807, -19.245471 ], [ -55.311081, -19.253102 ], [ -55.304368, -19.257929 ], [ -55.276728, -19.248939 ], [ -55.251352, -19.250794 ], [ -55.239585, -19.265855 ], [ -55.228734, -19.271551 ], [ -55.222958, -19.28498 ], [ -55.217618, -19.279496 ], [ -55.200901, -19.28803 ], [ -55.192167, -19.297702 ], [ -55.191349, -19.307437 ], [ -55.187174, -19.305563 ], [ -55.184079, -19.311147 ], [ -55.1796, -19.310921 ], [ -55.169985, -19.333345 ], [ -55.159648, -19.333688 ], [ -55.145049, -19.340865 ], [ -55.146307, -19.344651 ], [ -55.137022, -19.346269 ], [ -55.135576, -19.341977 ], [ -55.120821, -19.339051 ], [ -55.123344, -19.334784 ], [ -55.113608, -19.326573 ], [ -55.107025, -19.328337 ], [ -55.104363, -19.334968 ], [ -55.102653, -19.330858 ], [ -55.101225, -19.335415 ], [ -55.09745, -19.332741 ], [ -55.09123, -19.341087 ], [ -55.084687, -19.337877 ], [ -55.083421, -19.342202 ], [ -55.073859, -19.34109 ], [ -55.063431, -19.348506 ], [ -55.060144, -19.344283 ], [ -55.056956, -19.351091 ], [ -55.050264, -19.343175 ], [ -55.047508, -19.326819 ], [ -55.034824, -19.31968 ], [ -55.033051, -19.310258 ], [ -55.023168, -19.308164 ], [ -55.025743, -19.297961 ], [ -55.018975, -19.300792 ], [ -55.012666, -19.292759 ], [ -55.02088, -19.290421 ], [ -55.020265, -19.28202 ], [ -55.013573, -19.279755 ], [ -55.014199, -19.272306 ], [ -55.003204, -19.265384 ], [ -55.008789, -19.25224 ], [ -55.000385, -19.249354 ], [ -54.993575, -19.235722 ], [ -54.910359, -19.233826 ], [ -54.909326, -19.228837 ], [ -54.903565, -19.229306 ], [ -54.903369, -19.224054 ], [ -54.894905, -19.21973 ], [ -54.892009, -19.208282 ], [ -54.881342, -19.207295 ], [ -54.882748, -19.200656 ], [ -54.871379, -19.187058 ], [ -54.857023, -19.186958 ], [ -54.805327, -19.201145 ], [ -54.805279, -19.192874 ], [ -54.787923, -19.171883 ], [ -54.757215, -19.160112 ], [ -54.753011, -19.140479 ], [ -54.745545, -19.135527 ], [ -54.721561, -19.098132 ], [ -54.721522, -19.064622 ], [ -54.697619, -19.046615 ], [ -54.690866, -19.024158 ], [ -54.650951, -19.007826 ], [ -54.630846, -18.989451 ], [ -54.622866, -18.989258 ], [ -54.609021, -18.978415 ], [ -54.582443, -18.974265 ], [ -54.566564, -18.963609 ], [ -54.566154, -18.956876 ], [ -54.551731, -18.953526 ], [ -54.53502, -18.958161 ], [ -54.519917, -18.971713 ], [ -54.50991, -18.966725 ], [ -54.508304, -18.972373 ], [ -54.493899, -18.977205 ], [ -54.490253, -18.973329 ], [ -54.486591, -18.979773 ], [ -54.454375, -18.973909 ], [ -54.439222, -18.984466 ], [ -54.435131, -18.973287 ], [ -54.418371, -18.978543 ], [ -54.409775, -18.976822 ], [ -54.404303, -18.988092 ], [ -54.393491, -18.982029 ], [ -54.4007, -18.975146 ], [ -54.396206, -18.95079 ], [ -54.408935, -18.953316 ], [ -54.420596, -18.949682 ], [ -54.420909, -18.941139 ], [ -54.427601, -18.938139 ], [ -54.424905, -18.934539 ], [ -54.428901, -18.928621 ], [ -54.43942, -18.926939 ], [ -54.442238, -18.919115 ], [ -54.448015, -18.919184 ], [ -54.441395, -18.909935 ], [ -54.441405, -18.901418 ], [ -54.459977, -18.895299 ], [ -54.46029, -18.889302 ], [ -54.482911, -18.873717 ], [ -54.482406, -18.859397 ], [ -54.498273, -18.860259 ], [ -54.520738, -18.844125 ] ] ] } },
{ "type": "Feature", "properties": { "CD_MUN": "5007208", "NM_MUN": "Rio Brilhante", "SIGLA_UF": "MS", "AREA_KM2": 3983.507 }, "geometry": { "type": "Polygon", "coordinates": [ [ [ -54.533156, -21.910883 ], [ -54.524183, -21.919368 ], [ -54.51948, -21.931065 ], [ -54.521622, -21.936332 ], [ -54.508431, -21.939883 ], [ -54.505695, -21.93414 ], [ -54.494724, -21.931005 ], [ -54.494841, -21.907477 ], [ -54.483305, -21.903285 ], [ -54.472992, -21.892552 ], [ -54.464179, -21.890927 ], [ -54.461551, -21.897222 ], [ -54.454764, -21.892608 ], [ -54.45116, -21.900804 ], [ -54.427035, -21.904496 ], [ -54.435743, -21.912816 ], [ -54.43143, -21.9176 ], [ -54.4355, -21.924621 ], [ -54.422655, -21.924996 ], [ -54.409875, -21.934253 ], [ -54.396275, -21.924963 ], [ -54.390658, -21.932051 ], [ -54.377826, -21.931674 ], [ -54.372655, -21.948703 ], [ -54.365113, -21.933893 ], [ -54.360528, -21.940707 ], [ -54.363394, -21.947108 ], [ -54.336932, -21.945639 ], [ -54.335054, -21.951707 ], [ -54.326496, -21.935289 ], [ -54.30779, -21.933887 ], [ -54.301373, -21.940258 ], [ -54.300155, -21.935959 ], [ -54.288674, -21.938886 ], [ -54.285166, -21.932797 ], [ -54.279501, -21.937743 ], [ -54.282458, -21.952938 ], [ -54.273427, -21.966163 ], [ -54.26645, -21.955044 ], [ -54.268855, -21.948737 ], [ -54.260622, -21.949768 ], [ -54.262019, -21.958698 ], [ -54.255844, -21.96253 ], [ -54.246268, -21.95359 ], [ -54.241619, -21.955939 ], [ -54.241201, -21.947974 ], [ -54.232876, -21.9539 ], [ -54.220952, -21.953458 ], [ -54.214262, -21.949282 ], [ -54.212863, -21.933526 ], [ -54.207508, -21.931713 ], [ -54.200911, -21.938992 ], [ -54.19016, -21.923643 ], [ -54.167787, -21.941709 ], [ -54.149508, -21.939149 ], [ -54.14011, -21.946254 ], [ -54.128133, -21.947359 ], [ -54.125865, -21.941895 ], [ -54.132782, -21.93071 ], [ -54.115948, -21.924018 ], [ -54.106808, -21.913958 ], [ -54.096742, -21.913551 ], [ -54.081054, -21.928885 ], [ -54.074696, -21.928094 ], [ -54.068298, -21.914823 ], [ -54.078284, -21.909277 ], [ -54.075544, -21.905601 ], [ -54.063897, -21.908466 ], [ -54.055221, -21.9016 ], [ -54.044238, -21.902595 ], [ -54.026212, -21.896596 ], [ -54.012864, -21.904172 ], [ -54.00244, -21.90285 ], [ -54.001558, -21.908161 ], [ -53.990249, -21.90068 ], [ -53.972562, -21.911008 ], [ -53.963087, -21.895681 ], [ -53.951776, -21.911233 ], [ -53.960449, -21.919962 ], [ -53.956639, -21.923471 ], [ -53.94516, -21.919013 ], [ -53.93863, -21.909628 ], [ -53.943098, -21.897248 ], [ -53.929006, -21.901328 ], [ -53.914926, -21.897866 ], [ -53.90362, -21.910868 ], [ -53.891639, -21.906072 ], [ -53.890662, -21.898226 ], [ -53.900628, -21.879194 ], [ -53.908671, -21.87422 ], [ -53.905881, -21.867205 ], [ -53.92722, -21.86094 ], [ -53.925776, -21.856282 ], [ -53.934105, -21.86007 ], [ -53.950129, -21.852241 ], [ -53.957685, -21.854282 ], [ -53.962138, -21.847249 ], [ -53.954192, -21.849918 ], [ -53.952486, -21.831371 ], [ -53.961362, -21.834786 ], [ -53.962701, -21.815076 ], [ -53.971316, -21.815538 ], [ -53.973603, -21.807038 ], [ -53.980171, -21.8046 ], [ -53.992738, -21.777485 ], [ -54.009175, -21.784077 ], [ -54.033206, -21.77148 ], [ -54.04142, -21.777025 ], [ -54.049947, -21.765165 ], [ -54.054651, -21.764458 ], [ -54.055377, -21.769059 ], [ -54.060889, -21.767086 ], [ -54.058896, -21.757574 ], [ -54.062059, -21.759468 ], [ -54.071318, -21.751909 ], [ -54.081382, -21.753447 ], [ -54.089042, -21.745127 ], [ -54.110727, -21.752612 ], [ -54.113564, -21.744882 ], [ -54.119268, -21.744977 ], [ -54.117836, -21.738731 ], [ -54.129536, -21.739021 ], [ -54.137217, -21.747105 ], [ -54.152694, -21.740994 ], [ -54.156832, -21.733349 ], [ -54.161033, -21.736034 ], [ -54.172089, -21.730286 ], [ -54.174235, -21.734293 ], [ -54.184166, -21.734908 ], [ -54.19161, -21.724752 ], [ -54.205655, -21.729078 ], [ -54.212874, -21.717792 ], [ -54.208793, -21.703386 ], [ -54.223677, -21.688488 ], [ -54.233443, -21.682641 ], [ -54.241487, -21.690114 ], [ -54.24772, -21.688862 ], [ -54.249897, -21.682103 ], [ -54.265776, -21.678285 ], [ -54.267629, -21.672734 ], [ -54.273086, -21.674768 ], [ -54.270265, -21.664412 ], [ -54.279811, -21.653244 ], [ -54.278762, -21.658921 ], [ -54.285718, -21.660389 ], [ -54.29239, -21.647017 ], [ -54.293922, -21.651877 ], [ -54.302241, -21.651445 ], [ -54.312536, -21.634484 ], [ -54.319844, -21.628889 ], [ -54.325919, -21.632407 ], [ -54.334475, -21.616078 ], [ -54.343189, -21.613804 ], [ -54.342147, -21.605024 ], [ -54.355267, -21.579649 ], [ -54.33375, -21.553283 ], [ -54.333706, -21.516884 ], [ -54.359833, -21.523237 ], [ -54.376739, -21.536277 ], [ -54.405532, -21.569896 ], [ -54.424653, -21.578033 ], [ -54.436726, -21.599247 ], [ -54.461679, -21.572925 ], [ -54.487278, -21.566295 ], [ -54.494887, -21.542074 ], [ -54.509461, -21.527107 ], [ -54.596149, -21.489954 ], [ -54.601187, -21.488844 ], [ -54.62252, -21.521384 ], [ -54.641473, -21.528991 ], [ -54.65027, -21.544787 ], [ -54.663981, -21.533326 ], [ -54.654384, -21.523726 ], [ -54.665266, -21.522258 ], [ -54.677027, -21.527836 ], [ -54.685943, -21.518123 ], [ -54.681953, -21.508247 ], [ -54.694802, -21.501341 ], [ -54.681701, -21.497695 ], [ -54.690485, -21.492341 ], [ -54.678029, -21.480418 ], [ -54.665374, -21.480812 ], [ -54.668141, -21.464804 ], [ -54.676315, -21.462378 ], [ -54.681337, -21.453948 ], [ -54.697206, -21.451633 ], [ -54.692786, -21.444069 ], [ -54.701882, -21.439436 ], [ -54.699604, -21.43281 ], [ -54.707985, -21.427917 ], [ -54.686845, -21.407527 ], [ -54.687632, -21.400574 ], [ -54.696176, -21.392988 ], [ -54.696255, -21.384175 ], [ -54.700425, -21.38419 ], [ -54.706274, -21.37463 ], [ -54.699768, -21.369339 ], [ -54.699313, -21.356818 ], [ -54.77013, -21.378127 ], [ -54.771977, -21.369981 ], [ -54.785184, -21.367248 ], [ -54.782988, -21.347357 ], [ -54.791145, -21.341507 ], [ -54.800922, -21.347707 ], [ -54.814406, -21.342907 ], [ -54.817507, -21.337725 ], [ -54.823917, -21.338296 ], [ -54.836467, -21.352593 ], [ -54.864423, -21.336954 ], [ -54.892574, -21.33772 ], [ -55.013362, -21.484584 ], [ -55.017955, -21.560028 ], [ -55.027975, -21.583654 ], [ -55.025845, -21.593968 ], [ -55.017687, -21.594383 ], [ -55.025828, -21.61017 ], [ -55.011991, -21.622014 ], [ -55.014992, -21.624765 ], [ -54.994912, -21.618481 ], [ -54.987146, -21.623295 ], [ -54.986996, -21.635793 ], [ -54.994999, -21.643715 ], [ -54.993319, -21.646752 ], [ -54.985879, -21.644475 ], [ -54.98567, -21.649091 ], [ -54.997461, -21.663512 ], [ -54.985292, -21.662017 ], [ -54.95792, -21.671802 ], [ -54.946718, -21.691624 ], [ -54.935955, -21.68276 ], [ -54.934177, -21.690765 ], [ -54.939549, -21.700309 ], [ -54.923655, -21.697173 ], [ -54.919231, -21.69978 ], [ -54.928644, -21.712879 ], [ -54.925739, -21.716322 ], [ -54.939954, -21.719924 ], [ -54.934619, -21.727565 ], [ -54.928681, -21.731339 ], [ -54.922812, -21.728862 ], [ -54.919116, -21.741901 ], [ -54.914045, -21.741224 ], [ -54.908499, -21.750078 ], [ -54.90469, -21.7456 ], [ -54.89634, -21.746517 ], [ -54.895697, -21.75917 ], [ -54.879771, -21.771122 ], [ -54.870223, -21.765072 ], [ -54.857968, -21.773596 ], [ -54.862556, -21.780213 ], [ -54.853269, -21.77776 ], [ -54.850921, -21.783334 ], [ -54.845619, -21.779905 ], [ -54.834793, -21.790624 ], [ -54.830532, -21.788178 ], [ -54.831479, -21.815321 ], [ -54.836691, -21.822217 ], [ -54.827848, -21.825118 ], [ -54.826579, -21.833932 ], [ -54.813631, -21.836486 ], [ -54.79976, -21.825799 ], [ -54.791282, -21.830462 ], [ -54.789989, -21.840635 ], [ -54.782067, -21.849762 ], [ -54.787493, -21.856405 ], [ -54.786027, -21.867604 ], [ -54.778762, -21.866891 ], [ -54.772498, -21.873687 ], [ -54.769689, -21.898085 ], [ -54.76212, -21.905205 ], [ -54.743892, -21.897014 ], [ -54.732669, -21.879213 ], [ -54.714656, -21.878183 ], [ -54.689731, -21.864105 ], [ -54.686175, -21.88641 ], [ -54.69068, -21.894989 ], [ -54.67384, -21.898909 ], [ -54.699669, -21.916322 ], [ -54.685184, -21.930358 ], [ -54.684604, -21.944437 ], [ -54.666804, -21.945005 ], [ -54.664139, -21.940614 ], [ -54.656421, -21.939892 ], [ -54.665756, -21.937276 ], [ -54.662421, -21.924864 ], [ -54.648354, -21.9336 ], [ -54.637387, -21.915787 ], [ -54.630717, -21.916065 ], [ -54.632055, -21.921215 ], [ -54.617734, -21.928849 ], [ -54.607146, -21.922593 ], [ -54.590246, -21.921899 ], [ -54.584728, -21.931002 ], [ -54.575742, -21.923964 ], [ -54.575522, -21.918651 ], [ -54.566134, -21.923334 ], [ -54.558207, -21.916665 ], [ -54.556586, -21.902199 ], [ -54.547645, -21.901484 ], [ -54.545468, -21.913772 ], [ -54.533156, -21.910883 ] ] ] } },
{ "type": "Feature", "properties": { "CD_MUN": "5006606", "NM_MUN": "Ponta Porã", "SIGLA_UF": "MS", "AREA_KM2": 5359.274 }, "geometry": { "type": "Polygon", "coordinates": [ [ [ -55.459517, -22.696328 ], [ -55.442553, -22.693948 ], [ -55.436554, -22.698297 ], [ -55.431334, -22.693735 ], [ -55.423636, -22.701751 ], [ -55.412629, -22.691521 ], [ -55.397223, -22.694027 ], [ -55.389342, -22.69103 ], [ -55.382386, -22.69682 ], [ -55.387033, -22.701475 ], [ -55.38172, -22.708514 ], [ -55.36761, -22.703422 ], [ -55.361802, -22.704189 ], [ -55.362625, -22.708718 ], [ -55.35147, -22.707983 ], [ -55.357707, -22.701566 ], [ -55.353698, -22.679514 ], [ -55.348723, -22.673646 ], [ -55.355582, -22.656992 ], [ -55.368174, -22.65287 ], [ -55.361256, -22.640051 ], [ -55.358975, -22.596966 ], [ -55.355013, -22.596161 ], [ -55.364844, -22.561031 ], [ -55.361956, -22.553026 ], [ -55.346282, -22.54111 ], [ -55.352722, -22.524999 ], [ -55.366646, -22.529578 ], [ -55.368817, -22.525484 ], [ -55.339059, -22.508628 ], [ -55.34791, -22.484737 ], [ -55.324207, -22.482974 ], [ -55.307705, -22.499311 ], [ -55.297862, -22.491781 ], [ -55.293348, -22.493999 ], [ -55.295652, -22.484483 ], [ -55.283283, -22.487776 ], [ -55.278525, -22.481446 ], [ -55.272689, -22.485624 ], [ -55.252751, -22.474555 ], [ -55.250985, -22.482334 ], [ -55.24356, -22.484137 ], [ -55.246632, -22.475535 ], [ -55.232925, -22.478674 ], [ -55.232837, -22.469309 ], [ -55.217359, -22.464703 ], [ -55.205593, -22.446715 ], [ -55.193789, -22.445707 ], [ -55.188552, -22.439012 ], [ -55.176689, -22.439668 ], [ -55.158367, -22.425727 ], [ -55.151993, -22.425587 ], [ -55.14841, -22.418965 ], [ -55.142166, -22.416159 ], [ -55.136073, -22.419593 ], [ -55.118943, -22.405124 ], [ -55.113595, -22.416323 ], [ -55.098907, -22.418749 ], [ -55.091221, -22.425317 ], [ -55.065944, -22.419657 ], [ -55.053628, -22.412814 ], [ -55.056312, -22.397898 ], [ -55.048595, -22.387661 ], [ -55.044197, -22.369138 ], [ -55.025817, -22.371336 ], [ -55.018557, -22.365564 ], [ -55.014625, -22.369958 ], [ -55.006426, -22.368144 ], [ -55.000703, -22.36079 ], [ -54.980502, -22.354709 ], [ -54.976574, -22.350758 ], [ -54.978398, -22.344757 ], [ -54.982487, -22.344011 ], [ -54.981578, -22.340138 ], [ -54.99682, -22.344857 ], [ -55.020471, -22.337653 ], [ -55.025848, -22.321594 ], [ -55.034303, -22.324864 ], [ -55.040242, -22.312217 ], [ -55.052806, -22.308982 ], [ -55.053051, -22.296946 ], [ -55.070282, -22.285989 ], [ -55.070607, -22.272218 ], [ -55.075334, -22.26555 ], [ -55.101726, -22.260779 ], [ -55.102808, -22.246453 ], [ -55.109285, -22.248958 ], [ -55.122359, -22.242855 ], [ -55.124045, -22.245371 ], [ -55.129276, -22.233494 ], [ -55.135352, -22.235268 ], [ -55.143384, -22.230721 ], [ -55.143005, -22.223783 ], [ -55.162841, -22.223567 ], [ -55.168928, -22.232396 ], [ -55.183759, -22.23371 ], [ -55.194954, -22.246965 ], [ -55.211151, -22.241652 ], [ -55.205069, -22.231599 ], [ -55.212617, -22.223332 ], [ -55.22231, -22.222669 ], [ -55.227484, -22.229467 ], [ -55.2354, -22.225264 ], [ -55.242059, -22.227818 ], [ -55.247967, -22.222572 ], [ -55.25311, -22.227758 ], [ -55.257481, -22.223987 ], [ -55.260956, -22.226438 ], [ -55.261721, -22.218445 ], [ -55.268862, -22.214504 ], [ -55.273055, -22.217125 ], [ -55.278835, -22.209616 ], [ -55.276205, -22.205645 ], [ -55.285999, -22.19275 ], [ -55.294343, -22.192135 ], [ -55.295401, -22.19703 ], [ -55.309804, -22.192562 ], [ -55.313624, -22.199372 ], [ -55.32263, -22.197614 ], [ -55.328735, -22.214997 ], [ -55.332924, -22.204789 ], [ -55.339773, -22.201307 ], [ -55.335031, -22.197304 ], [ -55.337736, -22.193574 ], [ -55.344147, -22.205939 ], [ -55.356144, -22.202761 ], [ -55.37204, -22.209968 ], [ -55.370275, -22.193612 ], [ -55.378571, -22.191166 ], [ -55.384012, -22.175425 ], [ -55.376128, -22.165956 ], [ -55.386288, -22.161385 ], [ -55.385646, -22.154812 ], [ -55.389178, -22.14973 ], [ -55.392813, -22.151003 ], [ -55.391393, -22.145922 ], [ -55.406533, -22.14003 ], [ -55.408979, -22.142245 ], [ -55.403676, -22.151858 ], [ -55.414299, -22.155159 ], [ -55.427557, -22.139576 ], [ -55.436545, -22.147899 ], [ -55.445847, -22.138301 ], [ -55.447324, -22.148215 ], [ -55.459862, -22.136982 ], [ -55.465441, -22.125041 ], [ -55.478032, -22.126454 ], [ -55.495291, -22.118527 ], [ -55.495167, -22.064568 ], [ -55.50262, -22.039152 ], [ -55.49909, -22.034948 ], [ -55.523222, -21.984213 ], [ -55.487288, -21.971801 ], [ -55.478309, -21.95623 ], [ -55.438352, -21.936623 ], [ -55.422996, -21.902387 ], [ -55.411703, -21.894705 ], [ -55.412054, -21.883189 ], [ -55.418396, -21.879732 ], [ -55.419706, -21.867785 ], [ -55.439014, -21.878926 ], [ -55.44372, -21.867938 ], [ -55.447807, -21.871627 ], [ -55.452665, -21.869749 ], [ -55.452076, -21.873243 ], [ -55.458318, -21.870024 ], [ -55.467483, -21.874071 ], [ -55.462725, -21.861476 ], [ -55.46722, -21.865691 ], [ -55.473515, -21.864159 ], [ -55.471506, -21.853498 ], [ -55.486853, -21.852841 ], [ -55.485852, -21.845451 ], [ -55.490837, -21.84333 ], [ -55.502503, -21.852816 ], [ -55.510903, -21.848417 ], [ -55.508897, -21.831392 ], [ -55.52293, -21.822482 ], [ -55.528294, -21.829917 ], [ -55.528923, -21.818939 ], [ -55.53719, -21.818843 ], [ -55.543753, -21.798177 ], [ -55.553032, -21.808671 ], [ -55.569689, -21.796524 ], [ -55.57852, -21.802562 ], [ -55.584513, -21.801362 ], [ -55.589113, -21.807988 ], [ -55.611657, -21.786361 ], [ -55.649634, -21.784889 ], [ -55.665482, -21.778625 ], [ -55.678766, -21.763351 ], [ -55.694168, -21.761801 ], [ -55.70765, -21.754844 ], [ -55.713885, -21.75598 ], [ -55.730888, -21.787168 ], [ -55.732768, -21.780416 ], [ -55.752774, -21.763793 ], [ -55.76498, -21.728958 ], [ -55.772382, -21.729959 ], [ -55.78233, -21.721681 ], [ -55.787586, -21.703981 ], [ -55.796856, -21.700866 ], [ -55.793838, -21.69476 ], [ -55.805388, -21.6881 ], [ -55.805165, -21.683129 ], [ -55.810865, -21.684287 ], [ -55.816172, -21.674755 ], [ -55.813128, -21.672719 ], [ -55.821088, -21.6724 ], [ -55.817661, -21.665881 ], [ -55.840926, -21.657656 ], [ -55.837179, -21.65142 ], [ -55.841419, -21.652156 ], [ -55.841953, -21.646255 ], [ -55.849246, -21.648753 ], [ -55.847844, -21.643942 ], [ -55.854523, -21.646714 ], [ -55.858724, -21.643734 ], [ -55.85956, -21.652037 ], [ -55.849482, -21.654029 ], [ -55.854368, -21.660026 ], [ -55.846178, -21.660519 ], [ -55.851543, -21.667791 ], [ -55.844623, -21.668621 ], [ -55.845299, -21.681064 ], [ -55.84786, -21.683546 ], [ -55.851613, -21.672346 ], [ -55.858436, -21.675525 ], [ -55.859161, -21.663641 ], [ -55.863971, -21.67188 ], [ -55.862244, -21.683561 ], [ -55.869239, -21.688684 ], [ -55.862745, -21.686878 ], [ -55.861872, -21.690951 ], [ -55.870384, -21.69272 ], [ -55.873797, -21.686399 ], [ -55.866265, -21.679712 ], [ -55.86798, -21.673252 ], [ -55.872834, -21.674251 ], [ -55.867929, -21.655054 ], [ -55.873582, -21.655006 ], [ -55.879483, -21.662838 ], [ -55.884664, -21.684162 ], [ -55.890234, -21.67138 ], [ -55.882881, -21.657452 ], [ -55.88812, -21.654533 ], [ -55.895714, -21.670793 ], [ -55.902583, -21.653193 ], [ -55.904411, -21.672649 ], [ -55.910994, -21.674675 ], [ -55.905073, -21.684403 ], [ -55.912642, -21.681843 ], [ -55.914913, -21.68816 ], [ -55.920972, -21.684555 ], [ -55.918236, -21.6783 ], [ -55.922368, -21.673682 ], [ -55.918171, -21.666706 ], [ -55.920983, -21.653982 ], [ -55.913799, -21.642765 ], [ -55.924544, -21.646995 ], [ -55.926952, -21.666439 ], [ -55.9232, -21.670101 ], [ -55.926705, -21.677079 ], [ -55.931273, -21.67724 ], [ -55.935208, -21.662207 ], [ -55.942604, -21.664409 ], [ -55.945915, -21.661384 ], [ -55.941917, -21.647256 ], [ -55.95983, -21.65026 ], [ -55.946692, -21.63656 ], [ -55.958854, -21.64335 ], [ -55.964782, -21.634045 ], [ -55.971798, -21.643351 ], [ -55.962654, -21.648838 ], [ -55.97445, -21.655366 ], [ -55.963046, -21.657474 ], [ -55.960169, -21.654154 ], [ -55.960545, -21.657521 ], [ -55.953961, -21.659532 ], [ -55.958248, -21.667426 ], [ -55.951603, -21.670029 ], [ -55.953095, -21.674927 ], [ -55.941033, -21.670971 ], [ -55.939168, -21.674311 ], [ -55.946064, -21.680637 ], [ -55.93392, -21.685377 ], [ -55.939844, -21.690598 ], [ -55.947383, -21.685925 ], [ -55.95811, -21.686965 ], [ -55.947161, -21.694832 ], [ -55.946377, -21.700191 ], [ -55.953131, -21.70612 ], [ -55.947873, -21.706994 ], [ -55.951573, -21.716165 ], [ -55.942527, -21.708676 ], [ -55.938232, -21.709735 ], [ -55.937941, -21.703079 ], [ -55.929978, -21.707384 ], [ -55.929063, -21.695013 ], [ -55.923736, -21.699109 ], [ -55.922701, -21.710899 ], [ -55.917829, -21.710811 ], [ -55.916316, -21.704703 ], [ -55.913612, -21.712197 ], [ -55.904406, -21.703567 ], [ -55.90572, -21.710332 ], [ -55.899186, -21.712259 ], [ -55.908899, -21.711967 ], [ -55.912645, -21.722335 ], [ -55.916325, -21.71641 ], [ -55.932218, -21.719831 ], [ -55.919878, -21.728678 ], [ -55.924061, -21.731194 ], [ -55.930931, -21.728071 ], [ -55.93413, -21.73202 ], [ -55.935475, -21.72708 ], [ -55.943656, -21.729085 ], [ -55.944128, -21.740985 ], [ -55.934375, -21.734765 ], [ -55.926393, -21.736258 ], [ -55.929587, -21.742893 ], [ -55.920596, -21.74289 ], [ -55.921362, -21.735406 ], [ -55.917257, -21.736652 ], [ -55.910807, -21.730622 ], [ -55.913127, -21.741551 ], [ -55.908519, -21.742443 ], [ -55.905056, -21.73769 ], [ -55.90159, -21.74204 ], [ -55.901415, -21.731475 ], [ -55.894965, -21.736403 ], [ -55.882611, -21.732646 ], [ -55.88654, -21.736084 ], [ -55.88384, -21.73913 ], [ -55.890519, -21.738263 ], [ -55.892298, -21.745707 ], [ -55.888647, -21.750241 ], [ -55.8808, -21.749086 ], [ -55.881569, -21.75583 ], [ -55.889928, -21.753883 ], [ -55.894869, -21.762867 ], [ -55.874773, -21.762301 ], [ -55.883891, -21.766977 ], [ -55.882885, -21.76979 ], [ -55.877219, -21.767081 ], [ -55.877874, -21.776853 ], [ -55.860676, -21.771186 ], [ -55.86385, -21.775199 ], [ -55.856224, -21.776331 ], [ -55.87217, -21.778754 ], [ -55.876307, -21.785923 ], [ -55.872558, -21.792783 ], [ -55.875741, -21.793148 ], [ -55.88571, -21.775696 ], [ -55.889961, -21.774658 ], [ -55.890851, -21.778411 ], [ -55.896757, -21.77181 ], [ -55.903767, -21.780471 ], [ -55.903185, -21.775515 ], [ -55.907199, -21.775822 ], [ -55.90696, -21.770569 ], [ -55.913644, -21.766846 ], [ -55.917424, -21.770372 ], [ -55.912489, -21.773483 ], [ -55.92436, -21.777657 ], [ -55.928214, -21.769674 ], [ -55.928441, -21.774342 ], [ -55.937601, -21.778399 ], [ -55.919829, -21.784435 ], [ -55.926477, -21.788257 ], [ -55.92346, -21.794899 ], [ -55.93133, -21.793946 ], [ -55.930882, -21.78994 ], [ -55.939548, -21.786072 ], [ -55.943535, -21.790554 ], [ -55.945507, -21.787143 ], [ -55.954906, -21.791178 ], [ -55.944442, -21.797267 ], [ -55.945996, -21.802051 ], [ -55.97097, -21.80112 ], [ -55.961889, -21.805185 ], [ -55.947733, -21.804388 ], [ -55.944693, -21.813288 ], [ -55.935355, -21.803762 ], [ -55.933384, -21.807338 ], [ -55.926038, -21.805392 ], [ -55.923484, -21.812645 ], [ -55.912365, -21.813394 ], [ -55.910281, -21.806867 ], [ -55.898893, -21.805575 ], [ -55.898894, -21.810244 ], [ -55.894293, -21.811092 ], [ -55.907697, -21.812659 ], [ -55.905331, -21.821334 ], [ -55.917417, -21.81627 ], [ -55.917795, -21.821552 ], [ -55.933984, -21.821507 ], [ -55.935836, -21.826817 ], [ -55.921973, -21.830929 ], [ -55.934143, -21.838303 ], [ -55.915862, -21.845619 ], [ -55.924733, -21.844234 ], [ -55.93388, -21.8525 ], [ -55.922067, -21.858682 ], [ -55.927882, -21.866155 ], [ -55.924125, -21.859634 ], [ -55.937796, -21.857205 ], [ -55.93667, -21.84732 ], [ -55.949705, -21.853621 ], [ -55.945541, -21.844936 ], [ -55.951817, -21.843982 ], [ -55.947788, -21.833485 ], [ -55.952284, -21.828903 ], [ -55.9567, -21.831018 ], [ -55.957797, -21.820544 ], [ -55.961839, -21.822903 ], [ -55.964795, -21.818944 ], [ -55.96858, -21.82232 ], [ -55.967696, -21.829655 ], [ -55.963565, -21.830534 ], [ -55.964283, -21.856992 ], [ -55.973256, -21.833098 ], [ -55.982662, -21.844966 ], [ -55.987184, -21.840689 ], [ -55.985394, -21.83344 ], [ -55.992381, -21.83817 ], [ -55.994913, -21.826018 ], [ -55.989309, -21.816449 ], [ -55.997434, -21.817681 ], [ -55.999845, -21.812188 ], [ -56.009801, -21.81181 ], [ -56.00399, -21.80289 ], [ -56.015019, -21.792299 ], [ -56.008449, -21.782874 ], [ -56.021835, -21.783381 ], [ -56.019304, -21.795203 ], [ -56.012729, -21.797324 ], [ -56.010648, -21.803126 ], [ -56.01921, -21.809511 ], [ -56.015175, -21.813432 ], [ -56.020895, -21.822112 ], [ -56.015195, -21.823649 ], [ -56.008299, -21.818039 ], [ -56.009604, -21.83083 ], [ -56.004937, -21.83416 ], [ -56.028627, -21.836775 ], [ -56.032786, -21.832861 ], [ -56.033529, -21.840848 ], [ -56.028045, -21.841564 ], [ -56.027637, -21.845649 ], [ -56.013821, -21.841526 ], [ -56.014684, -21.846658 ], [ -56.003598, -21.845535 ], [ -56.003812, -21.855188 ], [ -56.014076, -21.862334 ], [ -56.011852, -21.865239 ], [ -55.994606, -21.860309 ], [ -55.994902, -21.86598 ], [ -55.98713, -21.866596 ], [ -55.97876, -21.861802 ], [ -55.983639, -21.869751 ], [ -55.980954, -21.87882 ], [ -56.00209, -21.871329 ], [ -56.012062, -21.878245 ], [ -55.993466, -21.886157 ], [ -55.995787, -21.890624 ], [ -55.988357, -21.894706 ], [ -55.998374, -21.895882 ], [ -56.002589, -21.904128 ], [ -55.986392, -21.90703 ], [ -55.97999, -21.904301 ], [ -55.983022, -21.910261 ], [ -55.977899, -21.913904 ], [ -55.987991, -21.919087 ], [ -55.979508, -21.921125 ], [ -55.976063, -21.926154 ], [ -55.982315, -21.922603 ], [ -55.991671, -21.926861 ], [ -55.990011, -21.91422 ], [ -55.997758, -21.908427 ], [ -56.010452, -21.910403 ], [ -56.009631, -21.903215 ], [ -56.022133, -21.92236 ], [ -56.019537, -21.907914 ], [ -56.025168, -21.905717 ], [ -56.019113, -21.903946 ], [ -56.013798, -21.893429 ], [ -56.030681, -21.895704 ], [ -56.02494, -21.883953 ], [ -56.041145, -21.881746 ], [ -56.044911, -21.886365 ], [ -56.040859, -21.894952 ], [ -56.047306, -21.903245 ], [ -56.040042, -21.91534 ], [ -56.041942, -21.919145 ], [ -56.044145, -21.914098 ], [ -56.052722, -21.915285 ], [ -56.057091, -21.90933 ], [ -56.054968, -21.896832 ], [ -56.067087, -21.896507 ], [ -56.060983, -21.888697 ], [ -56.064269, -21.884714 ], [ -56.076167, -21.89606 ], [ -56.087818, -21.894207 ], [ -56.095565, -21.898644 ], [ -56.098333, -21.903215 ], [ -56.084308, -21.90654 ], [ -56.112318, -21.926777 ], [ -56.093657, -21.923229 ], [ -56.086714, -21.912353 ], [ -56.072743, -21.908287 ], [ -56.069021, -21.91875 ], [ -56.074077, -21.924791 ], [ -56.079907, -21.924473 ], [ -56.081194, -21.930494 ], [ -56.071216, -21.933644 ], [ -56.059266, -21.928953 ], [ -56.061, -21.93934 ], [ -56.074541, -21.945844 ], [ -56.061309, -21.950094 ], [ -56.059546, -21.954293 ], [ -56.06507, -21.950655 ], [ -56.081325, -21.95403 ], [ -56.081282, -21.960445 ], [ -56.075041, -21.962247 ], [ -56.082119, -21.967377 ], [ -56.079922, -21.974181 ], [ -56.064472, -21.966573 ], [ -56.061717, -21.972697 ], [ -56.065798, -21.979165 ], [ -56.060819, -21.989596 ], [ -56.053903, -21.970725 ], [ -56.050811, -21.977748 ], [ -56.046015, -21.971563 ], [ -56.043577, -21.978324 ], [ -56.036288, -21.975719 ], [ -56.046527, -21.994185 ], [ -56.029422, -21.987016 ], [ -56.021996, -21.97704 ], [ -56.019913, -21.980028 ], [ -56.023719, -21.986521 ], [ -56.020067, -21.992009 ], [ -56.039939, -22.004476 ], [ -56.027752, -22.003277 ], [ -56.033204, -22.018623 ], [ -56.043233, -22.02411 ], [ -56.04399, -22.020227 ], [ -56.051768, -22.018827 ], [ -56.057525, -22.021665 ], [ -56.060093, -22.026037 ], [ -56.046161, -22.036558 ], [ -56.032449, -22.035714 ], [ -56.02288, -22.050134 ], [ -56.011668, -22.047811 ], [ -56.010971, -22.052379 ], [ -56.017758, -22.055247 ], [ -56.015878, -22.060254 ], [ -56.013117, -22.062844 ], [ -56.005333, -22.058452 ], [ -55.998735, -22.075823 ], [ -55.986998, -22.081104 ], [ -55.984202, -22.088945 ], [ -55.97088, -22.098502 ], [ -55.962033, -22.092651 ], [ -55.939533, -22.095995 ], [ -55.909163, -22.11795 ], [ -55.877205, -22.149642 ], [ -55.858441, -22.141251 ], [ -55.83773, -22.139968 ], [ -55.818493, -22.146978 ], [ -55.815644, -22.152116 ], [ -55.807203, -22.147924 ], [ -55.793707, -22.150094 ], [ -55.772855, -22.141785 ], [ -55.773297, -22.130901 ], [ -55.765853, -22.130338 ], [ -55.763693, -22.120301 ], [ -55.753165, -22.118522 ], [ -55.75474, -22.115027 ], [ -55.747014, -22.12359 ], [ -55.741219, -22.118944 ], [ -55.735787, -22.123397 ], [ -55.723081, -22.118088 ], [ -55.716231, -22.123074 ], [ -55.717371, -22.11682 ], [ -55.710741, -22.114717 ], [ -55.705981, -22.121746 ], [ -55.699542, -22.122576 ], [ -55.69475, -22.139409 ], [ -55.689728, -22.130104 ], [ -55.680485, -22.131291 ], [ -55.686582, -22.123631 ], [ -55.676255, -22.117241 ], [ -55.6768, -22.126132 ], [ -55.672634, -22.127406 ], [ -55.667563, -22.119721 ], [ -55.660998, -22.121182 ], [ -55.663556, -22.11236 ], [ -55.651897, -22.119981 ], [ -55.645174, -22.119569 ], [ -55.65023, -22.12733 ], [ -55.64511, -22.13435 ], [ -55.641435, -22.128405 ], [ -55.642427, -22.136853 ], [ -55.651309, -22.133415 ], [ -55.65853, -22.140518 ], [ -55.666477, -22.141671 ], [ -55.658515, -22.148048 ], [ -55.667517, -22.156501 ], [ -55.660383, -22.155447 ], [ -55.658474, -22.162723 ], [ -55.66957, -22.161981 ], [ -55.67352, -22.166347 ], [ -55.671115, -22.170235 ], [ -55.678382, -22.170233 ], [ -55.680526, -22.177372 ], [ -55.692479, -22.180624 ], [ -55.683809, -22.188954 ], [ -55.688668, -22.203569 ], [ -55.698547, -22.201836 ], [ -55.701009, -22.215592 ], [ -55.712941, -22.226918 ], [ -55.704598, -22.235759 ], [ -55.711709, -22.236683 ], [ -55.706347, -22.249465 ], [ -55.720825, -22.257953 ], [ -55.724523, -22.262626 ], [ -55.721775, -22.266664 ], [ -55.730872, -22.271578 ], [ -55.730871, -22.276657 ], [ -55.746442, -22.281654 ], [ -55.756915, -22.308285 ], [ -55.759322, -22.323566 ], [ -55.748031, -22.345632 ], [ -55.754501, -22.366872 ], [ -55.764122, -22.371621 ], [ -55.766712, -22.384207 ], [ -55.746722, -22.384059 ], [ -55.742004, -22.395337 ], [ -55.745845, -22.403686 ], [ -55.737221, -22.411158 ], [ -55.739595, -22.423757 ], [ -55.733915, -22.441532 ], [ -55.738202, -22.454416 ], [ -55.735814, -22.460087 ], [ -55.748114, -22.464523 ], [ -55.746628, -22.469507 ], [ -55.752843, -22.47475 ], [ -55.746692, -22.486177 ], [ -55.747283, -22.505515 ], [ -55.723647, -22.551782 ], [ -55.698471, -22.563272 ], [ -55.694906, -22.577585 ], [ -55.682884, -22.588869 ], [ -55.641368, -22.612706 ], [ -55.625158, -22.628253 ], [ -55.622874, -22.650469 ], [ -55.614422, -22.655095 ], [ -55.617283, -22.677609 ], [ -55.609293, -22.689013 ], [ -55.613608, -22.692813 ], [ -55.587287, -22.719273 ], [ -55.573779, -22.723588 ], [ -55.568596, -22.736828 ], [ -55.555195, -22.750521 ], [ -55.525352, -22.765434 ], [ -55.51774, -22.749467 ], [ -55.520423, -22.720714 ], [ -55.508791, -22.724934 ], [ -55.502098, -22.723016 ], [ -55.459517, -22.696328 ] ] ] } },
{ "type": "Feature", "properties": { "CD_MUN": "5006408", "NM_MUN": "Pedro Gomes", "SIGLA_UF": "MS", "AREA_KM2": 3553.782 }, "geometry": { "type": "Polygon", "coordinates": [ [ [ -54.470645, -18.1669 ], [ -54.47044, -18.162192 ], [ -54.454211, -18.151282 ], [ -54.440055, -18.151909 ], [ -54.431244, -18.134577 ], [ -54.422506, -18.13604 ], [ -54.418752, -18.129585 ], [ -54.408665, -18.132878 ], [ -54.400453, -18.126114 ], [ -54.395199, -18.129741 ], [ -54.39668, -18.140873 ], [ -54.387303, -18.14736 ], [ -54.357991, -18.138149 ], [ -54.346337, -18.140131 ], [ -54.337105, -18.131746 ], [ -54.305378, -18.136814 ], [ -54.304026, -18.126757 ], [ -54.290626, -18.125963 ], [ -54.283801, -18.117834 ], [ -54.276487, -18.132352 ], [ -54.269462, -18.111187 ], [ -54.256853, -18.109054 ], [ -54.249499, -18.112318 ], [ -54.249995, -18.103943 ], [ -54.228476, -18.092464 ], [ -54.217668, -18.096337 ], [ -54.194118, -18.088946 ], [ -54.181919, -18.09398 ], [ -54.150707, -18.093279 ], [ -54.152919, -18.100893 ], [ -54.130593, -18.104604 ], [ -54.123646, -18.098973 ], [ -54.12295, -18.10522 ], [ -54.117836, -18.101584 ], [ -54.11872, -18.096154 ], [ -54.103664, -18.105045 ], [ -54.105387, -18.096373 ], [ -54.098301, -18.092392 ], [ -54.101498, -18.08487 ], [ -54.092604, -18.090255 ], [ -54.084013, -18.089061 ], [ -54.087385, -18.08174 ], [ -54.079837, -18.074349 ], [ -54.087731, -18.077618 ], [ -54.089484, -18.069596 ], [ -54.085831, -18.064967 ], [ -54.081481, -18.066046 ], [ -54.082951, -18.060222 ], [ -54.078727, -18.06334 ], [ -54.074637, -18.056202 ], [ -54.066421, -18.06302 ], [ -54.074417, -18.051603 ], [ -54.072823, -18.047422 ], [ -54.080193, -18.043981 ], [ -54.07799, -18.040404 ], [ -54.067986, -18.044201 ], [ -54.072904, -18.030063 ], [ -54.068893, -18.01698 ], [ -54.07624, -18.011972 ], [ -54.061599, -18.006761 ], [ -54.061686, -17.990349 ], [ -54.05262, -17.99236 ], [ -54.050391, -17.977146 ], [ -54.036185, -17.97258 ], [ -54.041165, -17.963647 ], [ -54.03806, -17.957796 ], [ -54.007704, -17.947535 ], [ -54.00647, -17.940784 ], [ -54.002949, -17.944177 ], [ -53.997361, -17.940006 ], [ -53.992779, -17.943016 ], [ -53.991344, -17.935981 ], [ -53.988304, -17.9425 ], [ -53.982863, -17.933757 ], [ -53.977987, -17.940815 ], [ -53.972937, -17.94041 ], [ -53.974299, -17.929965 ], [ -53.97037, -17.934681 ], [ -53.956702, -17.920918 ], [ -53.952887, -17.924138 ], [ -53.952296, -17.914688 ], [ -53.944663, -17.907338 ], [ -53.95113, -17.903194 ], [ -53.947772, -17.898783 ], [ -53.95575, -17.883019 ], [ -53.954437, -17.868616 ], [ -53.946686, -17.860446 ], [ -53.941165, -17.840204 ], [ -53.913162, -17.808035 ], [ -53.907276, -17.79032 ], [ -53.895494, -17.777025 ], [ -53.89647, -17.769309 ], [ -53.888381, -17.748993 ], [ -53.879881, -17.74128 ], [ -53.877021, -17.731882 ], [ -53.860937, -17.720712 ], [ -53.855909, -17.702717 ], [ -53.838942, -17.690098 ], [ -53.813407, -17.681456 ], [ -53.806329, -17.672371 ], [ -53.798827, -17.670535 ], [ -53.785489, -17.676369 ], [ -53.779466, -17.67244 ], [ -53.777769, -17.67364 ], [ -53.771605, -17.672511 ], [ -53.765015, -17.673661 ], [ -53.756966, -17.67346 ], [ -53.757244, -17.672764 ], [ -53.765412, -17.671847 ], [ -53.767498, -17.667333 ], [ -53.777947, -17.668059 ], [ -53.78399, -17.652818 ], [ -53.788742, -17.650992 ], [ -53.801095, -17.656331 ], [ -53.809548, -17.653532 ], [ -53.818394, -17.664946 ], [ -53.828449, -17.651944 ], [ -53.822285, -17.64354 ], [ -53.826632, -17.644239 ], [ -53.830379, -17.636596 ], [ -53.836505, -17.642361 ], [ -53.843939, -17.639411 ], [ -53.85075, -17.642963 ], [ -53.848242, -17.647005 ], [ -53.852949, -17.652612 ], [ -53.864295, -17.6491 ], [ -53.871184, -17.660807 ], [ -53.891731, -17.655617 ], [ -53.896144, -17.65045 ], [ -53.896825, -17.658695 ], [ -53.902928, -17.664076 ], [ -53.9069, -17.662394 ], [ -53.909834, -17.671715 ], [ -53.888182, -17.673107 ], [ -53.880512, -17.681649 ], [ -53.889969, -17.688422 ], [ -53.8749, -17.692244 ], [ -53.885005, -17.694681 ], [ -53.890773, -17.70185 ], [ -53.898361, -17.699365 ], [ -53.895554, -17.692864 ], [ -53.905139, -17.67642 ], [ -53.9101, -17.680376 ], [ -53.910002, -17.687501 ], [ -53.915799, -17.688762 ], [ -53.914995, -17.694481 ], [ -53.928231, -17.693901 ], [ -53.927695, -17.683996 ], [ -53.920547, -17.686606 ], [ -53.918058, -17.681608 ], [ -53.919511, -17.672083 ], [ -53.93257, -17.676752 ], [ -53.945497, -17.672831 ], [ -53.930403, -17.671252 ], [ -53.927617, -17.662351 ], [ -53.935021, -17.663958 ], [ -53.938259, -17.660042 ], [ -53.932883, -17.659629 ], [ -53.929374, -17.651857 ], [ -53.938426, -17.650098 ], [ -53.948187, -17.65396 ], [ -53.945649, -17.645758 ], [ -53.950026, -17.64226 ], [ -53.956328, -17.645216 ], [ -53.958046, -17.63431 ], [ -53.966208, -17.636284 ], [ -53.964891, -17.64585 ], [ -53.971072, -17.645842 ], [ -53.972988, -17.65081 ], [ -53.97351, -17.643438 ], [ -53.981654, -17.644159 ], [ -53.979261, -17.641584 ], [ -53.982935, -17.637422 ], [ -53.991781, -17.637254 ], [ -53.990085, -17.644724 ], [ -53.997374, -17.648039 ], [ -53.990531, -17.651413 ], [ -53.997457, -17.652192 ], [ -54.003514, -17.659137 ], [ -53.993237, -17.661313 ], [ -53.989288, -17.6725 ], [ -53.996993, -17.668902 ], [ -54.022473, -17.670331 ], [ -54.015361, -17.665667 ], [ -54.014363, -17.659659 ], [ -54.020727, -17.656375 ], [ -54.01253, -17.652654 ], [ -54.015614, -17.645358 ], [ -54.025683, -17.652354 ], [ -54.030873, -17.641896 ], [ -54.043507, -17.64606 ], [ -54.045468, -17.63856 ], [ -54.051329, -17.638065 ], [ -54.049111, -17.646088 ], [ -54.056857, -17.652442 ], [ -54.052722, -17.65607 ], [ -54.059763, -17.660746 ], [ -54.056883, -17.668667 ], [ -54.067292, -17.663064 ], [ -54.062237, -17.662581 ], [ -54.06012, -17.652844 ], [ -54.063832, -17.64919 ], [ -54.067941, -17.653762 ], [ -54.076427, -17.650983 ], [ -54.077768, -17.658673 ], [ -54.08384, -17.65419 ], [ -54.073449, -17.66931 ], [ -54.088753, -17.662894 ], [ -54.090224, -17.666872 ], [ -54.098377, -17.661824 ], [ -54.101714, -17.664948 ], [ -54.100262, -17.670606 ], [ -54.084894, -17.682962 ], [ -54.091171, -17.687104 ], [ -54.087878, -17.693172 ], [ -54.098929, -17.690666 ], [ -54.094017, -17.684891 ], [ -54.1042, -17.681911 ], [ -54.107245, -17.685388 ], [ -54.121084, -17.685227 ], [ -54.122781, -17.698625 ], [ -54.11386, -17.700498 ], [ -54.117219, -17.706523 ], [ -54.111794, -17.712508 ], [ -54.123185, -17.713998 ], [ -54.121423, -17.722945 ], [ -54.127402, -17.722527 ], [ -54.122655, -17.719354 ], [ -54.130982, -17.719185 ], [ -54.137308, -17.710466 ], [ -54.14181, -17.713959 ], [ -54.145166, -17.703764 ], [ -54.153086, -17.702952 ], [ -54.15339, -17.717296 ], [ -54.146867, -17.718403 ], [ -54.149257, -17.720759 ], [ -54.143827, -17.725184 ], [ -54.14721, -17.727955 ], [ -54.141827, -17.732035 ], [ -54.145069, -17.73585 ], [ -54.140004, -17.742638 ], [ -54.141244, -17.747392 ], [ -54.154446, -17.743863 ], [ -54.152844, -17.756067 ], [ -54.157519, -17.758018 ], [ -54.138366, -17.767155 ], [ -54.144659, -17.764907 ], [ -54.158803, -17.773236 ], [ -54.158851, -17.767049 ], [ -54.171721, -17.763449 ], [ -54.172773, -17.759383 ], [ -54.201296, -17.762907 ], [ -54.201153, -17.769641 ], [ -54.208338, -17.777262 ], [ -54.217529, -17.778208 ], [ -54.218056, -17.784339 ], [ -54.211535, -17.788289 ], [ -54.212976, -17.793762 ], [ -54.231032, -17.784994 ], [ -54.229871, -17.790096 ], [ -54.237935, -17.794127 ], [ -54.234615, -17.801295 ], [ -54.241247, -17.803443 ], [ -54.238324, -17.81155 ], [ -54.247309, -17.802907 ], [ -54.253856, -17.812063 ], [ -54.253532, -17.824893 ], [ -54.278906, -17.839989 ], [ -54.279355, -17.835887 ], [ -54.260581, -17.816934 ], [ -54.27248, -17.811878 ], [ -54.281124, -17.813439 ], [ -54.279785, -17.808333 ], [ -54.283746, -17.806575 ], [ -54.295773, -17.81133 ], [ -54.298391, -17.786226 ], [ -54.294299, -17.780301 ], [ -54.311096, -17.779134 ], [ -54.314261, -17.765166 ], [ -54.318557, -17.768111 ], [ -54.324155, -17.765005 ], [ -54.328897, -17.772997 ], [ -54.335369, -17.765763 ], [ -54.337796, -17.769047 ], [ -54.341745, -17.766857 ], [ -54.346694, -17.777612 ], [ -54.361112, -17.78375 ], [ -54.364865, -17.790608 ], [ -54.369174, -17.780153 ], [ -54.364577, -17.773815 ], [ -54.366547, -17.763611 ], [ -54.382708, -17.771862 ], [ -54.382346, -17.765285 ], [ -54.390061, -17.759121 ], [ -54.401172, -17.785152 ], [ -54.412924, -17.785908 ], [ -54.423884, -17.79385 ], [ -54.427063, -17.790918 ], [ -54.420883, -17.780566 ], [ -54.412502, -17.780811 ], [ -54.410389, -17.775596 ], [ -54.419792, -17.762955 ], [ -54.435195, -17.766857 ], [ -54.438439, -17.7547 ], [ -54.430349, -17.747681 ], [ -54.444149, -17.74762 ], [ -54.442008, -17.73721 ], [ -54.448224, -17.732837 ], [ -54.453548, -17.717578 ], [ -54.458514, -17.743366 ], [ -54.465474, -17.744941 ], [ -54.474604, -17.73691 ], [ -54.481058, -17.75071 ], [ -54.486412, -17.752256 ], [ -54.504111, -17.73608 ], [ -54.526801, -17.762456 ], [ -54.536442, -17.707056 ], [ -54.558478, -17.711746 ], [ -54.593636, -17.700901 ], [ -54.63109, -17.698536 ], [ -54.669639, -17.715236 ], [ -54.682717, -17.715152 ], [ -54.70328, -17.722465 ], [ -54.721802, -17.720837 ], [ -54.752128, -17.728656 ], [ -54.756643, -17.73219 ], [ -54.747161, -17.781547 ], [ -54.730055, -17.818271 ], [ -54.705511, -17.847515 ], [ -54.698621, -17.863246 ], [ -54.691599, -17.882306 ], [ -54.690922, -17.907564 ], [ -54.677308, -17.963866 ], [ -54.67887, -18.007491 ], [ -54.69953, -18.123379 ], [ -54.695754, -18.133651 ], [ -54.667249, -18.158301 ], [ -54.65444, -18.185834 ], [ -54.612803, -18.175819 ], [ -54.599799, -18.187869 ], [ -54.600917, -18.210629 ], [ -54.595302, -18.218413 ], [ -54.603353, -18.251959 ], [ -54.600491, -18.267528 ], [ -54.592448, -18.27932 ], [ -54.582739, -18.24844 ], [ -54.568128, -18.237161 ], [ -54.549662, -18.209243 ], [ -54.533787, -18.202084 ], [ -54.526176, -18.191091 ], [ -54.502426, -18.189083 ], [ -54.470645, -18.1669 ] ] ] } }
]
}
